ICaL_IC50,ICaL_h,INa_IC50,INa_h,INaL_IC50,INaL_h,hERG_IC50,hERG_h
920.6,1.256,1732,1.693,762.2,1.935,20,1.649
1117,1.289,1652,1.57,935.6,1.942,22.58,1.237
1045,1.467,1912,1.852,897.7,1.967,32.39,1.374
888.5,1.991,1750,1.824,819,1.948,31.21,1.776
706.9,1.985,1552,1.922,834.3,1.985,22.07,1.521
835.9,1.914,1670,1.65,753,1.753,21.78,1.325
923.8,1.746,1731,1.857,786.6,1.974,26.13,1.862
701.2,1.754,2035,1.798,770.9,1.997,23.03,1.796
1211,1.592,1961,1.701,764.1,1.966,41.2,1.693
1125,1.944,2073,1.597,775,1.967,34.3,1.468
786.7,1.966,1892,1.987,754.5,1.999,41.61,1.373
1127,1.816,1817,1.995,802.1,1.981,61.7,1.926
1030,1.752,1850,1.977,747.2,1.991,45.28,1.749
1190,1.822,1795,1.759,902.5,1.89,32.6,1.56
764.4,1.647,1941,1.808,759.1,1.945,48.14,1.811
915.4,1.863,1726,1.93,795.4,1.94,46.24,1.531
1010,1.886,1816,1.985,827.2,1.936,22.71,1.773
628.2,1.705,1704,1.929,730.6,1.868,15.85,1.766
504.7,1.258,1474,1.731,622.6,1.974,36.49,1.634
798.7,1.193,1751,1.667,737.7,1.809,37.67,1.539
610.1,1.394,1829,1.904,947.8,1.748,13.22,1.978
887,1.98,1752,1.366,745.6,1.761,18.97,1.433
696,1.643,1475,1.412,879.4,1.614,14.3,1.825
913.5,1.626,1643,1.863,688.9,1.595,30.55,1.396
817,1.851,1680,1.867,849.7,1.97,37.93,1.706
997.2,1.768,1815,1.808,797.4,1.588,26.94,1.747
736,1.983,1590,1.726,963.9,1.643,26.22,1.597
938.7,1.94,1626,1.825,973.6,1.88,32.66,1.576
1084,1.753,1796,1.708,802.1,1.948,23.88,1.636
1172,1.926,1836,1.971,724.1,1.914,35.48,1.532
867.5,1.599,1751,1.734,679.5,1.993,29.62,1.495
403.1,1.539,1702,1.793,815.4,1.931,17.63,1.632
710.1,1.448,1847,1.759,728.4,1.983,31.63,1.504
979,1.8,1758,1.783,826.7,1.89,21.84,1.382
637.9,1.739,1712,1.66,778.5,1.78,18.38,1.436
1118,1.995,1892,1.823,1188,1.893,29.3,1.873
1003,1.99,1558,1.808,711.8,1.966,25.39,1.848
953.6,1.971,1570,1.847,696.1,1.883,48.09,1.87
829.5,1.785,1674,1.87,713,1.966,28.84,1.682
574.8,1.752,1967,1.818,839.8,1.952,19.89,1.575
1115,1.992,1670,1.757,736.6,1.832,24.6,1.476
700.2,1.907,2116,1.989,843.5,1.927,39.55,1.763
1396,1.754,1831,1.854,799.2,1.674,31.34,1.443
721.6,1.894,1861,1.752,723.4,1.865,17.16,1.596
779.7,1.864,1983,1.735,966.1,1.905,17.96,1.727
1048,1.969,2100,1.668,914,1.902,16.73,1.91
916.8,1.916,1828,1.904,825.8,1.893,29.51,1.267
547.4,1.544,2124,1.838,728.6,1.916,19.4,1.615
808.5,1.393,1980,1.99,943.6,1.902,17.9,1.824
1132,1.279,1769,1.979,746.9,1.658,26.89,1.738
1354,1.82,1497,1.938,743.6,1.903,44.92,1.604
1158,1.828,2514,1.889,903.4,1.989,37.36,1.635
812.7,1.397,2523,1.982,729.7,1.941,32.4,1.902
1450,1.944,2163,1.879,799.5,1.514,42.77,1.618
1014,1.991,1661,1.895,907.4,1.812,38.96,1.786
1034,1.872,1720,1.801,792.6,1.849,28.37,1.687
1305,1.988,1744,1.802,867.3,1.959,21.8,1.658
1054,1.987,1397,1.891,881,1.914,15.49,1.851
1111,1.395,1703,1.914,743.6,1.771,18.74,1.724
991.3,1.792,1745,1.987,856.7,1.856,28.41,1.677
891.1,1.784,1805,1.891,771.3,1.946,31.96,1.406
1283,1.646,1739,1.789,843.3,1.986,33.4,1.765
1186,1.921,2146,1.869,799.1,1.949,17.65,1.503
737.6,1.759,2234,1.879,829.4,1.947,24.23,1.779
1218,1.95,2221,1.605,941.4,1.903,32.64,1.731
1118,1.696,1561,1.577,789.2,1.974,39.16,1.244
950.1,1.611,1653,1.332,715.4,1.97,20.92,1.585
849.8,1.659,1735,1.489,700.1,1.991,32.43,1.444
1110,1.745,1569,1.426,704.8,1.93,24.79,1.516
771.3,1.747,1892,1.758,895.4,1.844,15.86,1.933
495.8,1.706,1468,1.634,726.9,1.973,14.26,1.812
649.6,0.809,1703,1.84,777.9,1.806,23.73,1.868
580.7,1.004,1807,1.867,849.2,1.802,35.23,1.615
742.3,1.576,1777,1.921,789.3,1.803,56.83,1.871
808.6,1.822,1745,1.977,765.2,1.968,44.46,1.79
1098,1.776,1838,1.996,719.3,1.891,18.44,1.63
1357,1.871,1595,1.747,754.8,1.78,56.5,1.492
1033,1.837,1495,1.54,682.5,1.778,32.55,1.434
1020,1.719,1572,1.433,764.2,1.954,44.36,1.951
1039,1.753,1324,1.992,951.3,1.972,20.07,1.526
713.1,1.973,1693,1.727,773.5,1.721,22.9,1.316
989.9,1.812,1627,1.909,967.6,1.785,19.84,1.456
1145,1.796,2086,1.871,837.1,1.989,31.51,1.862
1036,1.85,1999,1.766,868.8,1.961,34.9,1.7
1041,1.886,1521,1.794,769.6,1.709,14.62,1.528
895.2,1.847,2052,1.817,753.2,1.755,35.07,1.49
943.8,1.817,1878,1.777,700,1.865,59.14,1.602
801.1,1.541,2018,1.442,901.9,1.477,27.37,1.575
763.6,1.933,1455,1.71,843.8,1.789,45.06,1.349
859.6,1.975,2109,1.16,805.6,1.931,34.47,1.506
919.2,1.993,2051,1.786,773.2,1.924,13.58,1.595
947.8,1.913,2238,1.68,756.3,1.998,32.43,1.607
1020,1.978,1674,1.723,793.1,1.954,40.11,1.444
805.3,1.183,1857,1.802,837.4,1.638,23.29,1.571
1131,1.965,1893,1.907,711.9,1.587,51.54,1.838
660.3,1.97,1473,1.71,647.1,1.572,25.64,1.394
756.6,1.722,1772,1.951,993.7,1.736,21.93,1.658
1253,1.959,1841,1.964,971.7,1.99,15.24,1.607
1521,1.338,1837,1.991,972.3,1.963,12.88,1.992
825.1,1.494,1554,1.435,679.9,1.768,27.59,1.338
820.6,1.513,1447,1.717,836.6,1.945,31.76,1.936
731.8,1.777,1379,1.596,890.5,1.995,41.49,1.212
873.5,1.467,1902,1.632,870.2,1.942,15.31,1.422
1294,1.78,1748,1.847,935.4,1.919,21.63,1.626
1297,1.969,1751,1.787,855.4,1.891,19,1.466
796.8,1.538,1797,1.722,1027,1.852,41.57,1.626
929.3,1.992,1680,1.737,699.5,1.998,32.6,1.744
940.8,1.883,1995,1.674,747.7,1.824,22.15,1.866
942.1,1.641,1796,1.58,778.7,1.784,14.69,1.968
1143,1.753,1615,1.911,873.3,1.728,22.42,1.581
1027,1.858,1599,1.532,834.8,1.745,11.16,1.903
614.8,1.985,2047,1.906,706.3,1.957,35.26,1.578
695.3,1.909,1919,1.937,851.7,1.961,38.52,1.91
1704,1.924,1770,1.99,847.8,1.939,24.39,1.586
1220,1.772,1680,1.941,812.1,1.883,26.92,1.799
921.8,1.376,1504,1.496,898.9,1.951,17.36,1.97
1320,1.499,1958,1.852,740.2,1.846,13.48,1.853
830.8,1.869,1835,1.932,754.8,1.68,43.94,1.833
1023,1.967,1814,1.615,1032,1.713,46.67,1.634
1301,1.708,2246,1.566,994.5,1.939,22.34,1.998
950.8,1.749,1647,1.898,730.7,1.839,47.47,1.94
829,1.904,1814,1.744,726.6,1.857,27.43,1.567
947.3,1.875,1888,1.967,645.7,1.747,16.25,1.905
902.6,1.772,1816,1.718,777.8,1.887,31.81,1.923
954.9,1.948,1829,1.92,760.2,1.802,34.83,1.866
777.9,1.97,1776,1.896,729.6,1.855,27.09,1.483
882.6,1.523,1731,1.918,909.7,1.994,16.59,1.615
826.8,1.834,1791,1.653,887.1,1.919,28.14,1.394
1006,1.729,1634,1.787,770.5,1.982,22.41,1.48
738,1.42,1698,1.984,764.1,1.957,26.56,1.715
1213,1.886,1425,1.34,756.5,1.965,11.16,1.929
1386,1.604,1832,1.221,701.1,1.945,41.81,1.479
1486,1.742,1508,1.687,847.9,1.951,35.37,1.301
836,1.892,1889,1.83,785.5,1.978,38.05,1.555
708.2,1.706,1881,1.812,815.9,1.868,30.91,1.286
1002,1.522,1668,1.822,694.1,1.933,35.1,1.638
1032,1.62,1793,1.935,927.2,1.732,25.87,1.914
1029,1.405,1927,1.946,848.8,1.877,16.73,1.577
1232,1.605,1692,1.693,740.8,1.776,16.63,1.647
1243,1.715,1568,1.695,984.1,1.961,29,1.382
1118,1.711,1962,1.967,1011,1.861,34.99,1.561
1159,1.762,1917,1.765,742.3,1.925,29.87,1.704
1260,1.976,1715,1.824,708.4,1.92,27.77,1.356
1202,1.839,1996,1.993,726.5,1.952,24.59,1.451
1287,1.943,2066,1.948,757.4,1.992,48.91,1.785
1093,1.982,1620,1.714,828,1.875,45.32,1.683
1008,1.75,1803,1.94,805.3,1.907,26.94,1.603
753.5,1.57,2116,1.589,745.3,1.848,52.04,1.997
544.6,1.74,1310,1.893,821.7,1.601,58.54,1.888
695.1,1.878,1826,1.884,849.5,1.868,28.12,1.715
843.9,1.623,2024,1.997,744,1.952,19.83,1.759
1184,1.71,2193,1.812,792.5,1.987,20.57,1.586
859.4,1.959,2048,1.842,812.6,1.987,21.88,1.465
975.3,1.823,1547,1.805,705.6,1.431,21.93,1.513
856.5,1.987,1808,1.929,847.3,1.36,27.54,1.571
873,1.922,1802,1.927,655.4,1.797,15.45,1.747
1224,1.93,1501,1.752,700.2,1.865,47.2,1.719
1028,1.98,1691,1.574,641.7,1.936,28.92,1.615
1087,1.858,1912,1.984,749.4,1.774,29.98,1.571
934.3,1.882,2016,1.953,905,1.622,29.22,1.829
1164,1.929,1856,1.986,668.1,1.911,35.36,1.555
719,1.854,1667,1.915,997.5,1.87,15.38,1.884
778.2,1.859,1835,1.809,824.7,1.971,44,1.538
896.7,1.964,1775,1.752,837.3,1.661,25.32,1.706
856,1.926,1789,1.936,785.6,1.886,17.4,1.885
944.3,1.972,1861,1.797,878.2,1.871,27.62,1.59
1030,1.691,1849,1.897,727.8,1.949,15.99,1.729
955.1,1.914,1525,1.802,815.2,1.837,26.33,1.916
857.2,1.95,1716,1.817,723.8,1.894,18.57,1.655
885.8,1.988,1777,1.956,961,1.997,18.06,1.235
977.1,1.897,1732,1.786,774.5,1.99,34.78,1.319
772.5,1.471,1524,1.73,729,1.891,17.72,1.677
600.3,1.822,1764,1.751,922.1,1.617,20.01,1.877
725,1.992,2141,1.666,774.1,1.826,29.07,1.519
1114,1.261,1373,1.471,648.3,1.79,31.66,1.602
1006,1.756,1893,1.792,744.8,1.891,26.97,1.524
816.2,1.463,1839,1.795,782.9,1.75,13.54,1.994
1147,1.647,1778,1.957,729.9,1.764,18.45,1.579
1157,1.874,1505,1.526,900.1,1.84,26.29,1.535
1134,1.984,1905,1.784,615.4,1.984,30.15,1.528
1287,1.235,1863,1.906,755.7,1.764,28.06,1.298
867.7,1.44,2295,1.371,721.9,1.975,45.98,1.821
570.2,1.398,1966,1.909,946.6,1.926,16,1.636
873.1,1.254,1774,1.851,1129,1.805,29.38,1.443
1024,1.85,1458,1.953,673.4,1.953,18.19,1.755
859,1.781,1518,1.939,665.2,1.803,18.35,1.689
680.6,1.878,1640,1.643,669.3,1.89,87.03,1.877
817.7,1.917,1738,1.45,856,1.939,28.52,1.635
1002,1.756,2212,1.823,733.1,1.897,21.88,1.701
910.9,1.301,2031,1.866,788.7,1.951,28.67,1.175
1354,1.999,1701,1.469,810.9,1.961,35.65,1.549
873.2,1.645,2008,1.996,821.3,1.875,38.58,1.776
1155,1.929,1253,1.57,866.7,1.607,42.19,1.764
930.6,1.774,1706,1.365,811.2,1.959,40.8,1.668
1482,1.596,1746,1.255,786.1,1.88,41.58,1.524
1087,1.826,2380,0.9911,738.2,1.866,40.8,1.619
787.3,1.472,1969,1.061,730.4,1.871,35.51,1.903
945.4,1.271,1688,1.096,737.8,1.921,12.15,1.97
1255,1.57,1725,1.214,825.2,1.97,26.58,1.627
778.6,1.796,1986,1.518,853.5,1.974,39.49,1.662
949.4,1.908,1418,1.772,770.9,1.956,39.59,1.481
776.1,1.761,1814,1.98,752.9,1.993,28.34,1.375
691.4,1.605,1718,1.77,1068,1.927,22.21,1.277
1079,1.629,1981,1.835,740.5,1.982,28.3,1.251
908.6,1.547,1726,1.788,768.6,1.836,20.7,1.567
1037,1.682,1810,1.91,835.4,1.959,23.02,1.847
826.9,1.723,1818,1.903,769.4,1.965,19.6,1.398
1195,1.905,1957,1.88,1014,1.949,18.25,1.9
729.6,1.658,1758,1.967,798.4,1.829,19.43,1.875
556.6,1.446,2070,1.944,879.6,1.864,16.46,1.849
949.7,1.433,1516,1.583,801.2,1.632,18.76,1.538
742.1,1.713,1665,1.877,811.8,1.894,20.32,1.669
815.6,1.662,2004,1.87,896.5,1.739,16.58,1.962
827.5,1.561,1922,1.923,825.5,1.723,28.66,1.87
987.9,1.802,1520,1.891,789.2,1.542,21.13,1.295
1018,1.948,2129,1.992,810.6,1.931,16.39,1.366
685.2,1.91,1947,1.946,797.4,1.979,47.08,1.752
1209,1.373,1915,1.821,796.9,1.966,15.14,1.878
681.4,1.787,1876,1.93,835.4,1.782,19.9,1.721
1061,1.911,1745,1.666,787.2,1.906,24.38,1.748
786.8,1.7,1792,1.935,870.5,1.954,39.57,1.577
768.6,1.58,1848,1.815,789.7,1.964,47.57,1.464
1080,1.333,1625,1.724,842.1,1.944,27.18,1.833
694.3,1.732,1595,1.959,842.4,1.977,59.4,1.861
727.6,1.91,1899,2,741.4,1.783,17.92,1.709
1041,1.905,2105,1.997,961.9,1.908,17.05,1.402
683.8,1.784,1921,1.993,757.3,1.91,27.89,1.599
1165,1.961,1946,1.996,722.1,1.811,39.43,1.348
1112,1.953,1962,1.938,910.1,1.91,27.43,1.286
1131,1.904,1662,1.727,855.5,1.765,20.57,1.759
1144,1.649,2547,1.93,829.5,1.726,16.65,1.666
767.8,1.984,1964,1.89,746.4,1.741,38.14,1.605
1043,1.867,1749,1.782,749.8,1.989,24.37,1.685
1135,1.884,1556,1.947,699.2,1.935,19.58,1.8
749.1,1.767,1591,1.74,694.7,1.911,17.59,1.942
1011,1.785,2102,1.991,815.1,1.984,12.77,1.803
981.3,1.957,2289,1.531,908.8,1.985,30.45,1.781
1014,1.933,1785,1.842,712.8,1.887,19.8,1.369
1549,1.966,1705,1.741,812.4,1.89,24.27,1.316
1083,1.7,1574,1.412,797.9,1.947,25.88,1.93
967.8,1.765,2251,1.246,664.9,1.879,50.18,1.476
738.2,1.756,1642,1.77,740,1.867,22.52,1.55
969.9,1.957,1832,1.874,955.2,1.986,15.91,1.778
970.1,1.942,1943,1.966,986,1.882,17.31,1.657
951,1.973,2001,1.974,875.8,1.665,23.92,1.418
1068,1.981,2101,1.857,846,1.918,26.54,1.775
956.8,1.485,1537,1.918,760.6,1.73,33.63,1.464
527.1,1.634,1639,1.808,745.2,1.925,26.65,1.764
783.6,1.488,1614,1.829,771.4,1.88,31.88,1.68
696.9,1.901,1790,1.725,900.4,1.973,36.66,1.68
904.7,1.427,2018,1.987,837.1,1.89,19.22,1.589
935.2,1.369,2146,1.804,706,1.833,54.42,1.928
1341,1.992,2098,1.777,729.6,1.742,35.01,1.114
702.8,1.592,1617,1.797,723.4,1.941,34.65,1.691
1083,1.657,1782,1.759,725.3,1.961,37.24,1.678
699.5,1.865,1705,1.784,1015,1.868,14.19,1.937
1340,1.777,1896,1.981,893.4,1.764,51.08,1.798
1422,1.667,1729,1.848,841,1.96,27.63,1.404
835.3,1.838,1703,1.963,911.1,1.933,27.47,1.198
1020,1.606,1878,1.449,829.3,1.985,18.39,1.293
818.9,1.754,1927,1.964,790.5,1.804,53.24,1.62
1263,1.877,1785,1.709,790.8,1.984,46.26,1.953
1226,1.785,1791,1.578,747.8,1.989,36.73,1.211
880,1.439,1422,1.482,1002,1.706,24.16,1.595
1090,1.955,1493,1.68,888.9,1.861,21.2,1.56
876.8,1.919,1840,1.855,625.1,1.88,17.65,1.63
911.7,1.881,1593,1.794,828.9,1.911,18.3,1.851
942.1,1.632,1877,1.703,826.2,1.677,14.92,1.978
785.1,1.887,1805,1.885,756.3,1.614,20.08,1.978
1218,1.936,1947,1.909,871.1,1.709,23.58,1.499
989.1,1.694,1916,1.918,741.3,1.74,52.58,1.822
1498,1.843,2054,1.994,772,1.978,70.38,1.786
1199,1.749,1925,1.833,760.8,1.896,27.28,1.332
1142,1.93,1830,1.863,861.8,1.989,35.96,1.934
679.3,1.927,1913,1.74,910.8,1.79,25.28,1.174
1025,1.663,1818,1.85,813.4,1.685,11.83,1.89
1170,1.749,1512,1.842,802.4,1.939,30.32,1.854
926,1.427,2106,1.957,811,1.908,25.07,1.583
1064,1.926,1863,1.961,797.9,1.954,42.64,1.922
898.6,1.914,1964,1.928,851.7,1.991,21.84,1.931
1296,1.979,1863,1.809,898.6,1.716,30.13,1.845
1094,1.989,2392,1.719,859.4,1.769,60.13,1.929
1078,1.875,1440,1.933,985.3,1.973,33.05,1.857
720.3,1.983,1691,1.977,731.6,1.972,29.51,1.703
1465,1.984,1542,1.761,714.9,1.964,25.76,1.822
652,1.964,1631,1.858,856.1,1.881,44.43,1.894
1104,1.662,1967,1.698,769.4,1.708,61.44,1.837
831.2,1.934,1813,1.739,818.3,1.882,77.21,1.847
1139,1.855,1813,1.943,1019,1.982,20.12,1.887
1017,1.782,1828,1.922,862.8,1.946,18.48,1.767
963.8,1.94,1833,1.911,779.3,1.943,21.38,1.842
784.4,1.977,1846,1.969,785.9,1.908,14.89,1.66
925.4,1.992,1855,1.941,863.7,1.952,32.62,1.514
950.1,1.987,1255,1.584,886.1,1.916,24.13,1.292
598,1.896,1804,1.977,883.6,1.962,36.71,1.903
1062,1.923,1923,1.725,795.9,1.808,41.21,1.775
1041,1.93,1793,1.851,772.7,1.906,34.25,1.753
836.3,1.89,1866,1.873,754.7,1.705,30.72,1.739
947.8,1.958,1876,1.893,748.3,1.97,28.31,1.476
948.6,1.969,1776,1.949,927,1.509,14.22,1.875
791.3,1.978,1835,1.934,1089,1.952,17.03,1.802
904.4,1.739,2354,1.606,631.1,1.834,16.24,1.939
1009,1.364,1883,1.941,761.4,1.85,17.79,1.907
914.6,1.796,1919,1.969,1007,1.994,17.32,1.806
1306,2,1743,1.845,706.1,1.918,43.92,1.789
1131,1.974,2011,1.979,781.4,1.851,26.36,1.896
1177,1.819,2308,1.77,779.4,1.976,20.35,1.832
936.9,1.811,2103,1.995,921,1.857,36.27,1.379
697.6,1.851,1797,1.992,736,1.945,15.2,1.524
811,1.828,2172,1.56,753.9,2,22.2,1.607
1444,1.53,1954,1.859,862.1,1.942,19.92,1.425
1439,1.963,1789,1.934,1046,1.373,28.5,1.478
2019,1.784,1919,1.763,810.3,1.66,24.52,1.733
1045,1.714,1562,1.367,755.9,1.917,20.44,1.686
1391,1.718,1741,1.515,778.1,1.908,15.95,1.543
1673,1.898,1242,1.382,742.4,1.909,19.13,1.771
1768,1.233,1686,1.802,962.8,1.925,27.91,1.681
487,0.9254,2109,1.964,879.1,1.956,50.95,1.789
1563,1.695,1893,1.735,870.7,1.716,48.89,1.622
1157,1.51,1804,1.857,1058,1.931,39.22,1.947
1245,1.652,1867,1.8,1050,1.787,53.75,1.907
810.6,1.481,1565,1.585,956.3,1.939,18.03,1.909
1198,1.748,1674,1.48,1006,1.994,13.91,1.836
769.6,1.93,1367,1.527,702.7,1.913,27.62,1.421
1050,1.861,1957,1.893,755.8,1.849,23.33,1.606
866.5,1.859,1492,1.547,777.1,1.957,19.32,1.637
1126,1.911,1691,1.884,920.6,1.915,19.76,1.846
1039,1.989,1699,1.893,848.1,1.741,13.23,1.988
1081,1.773,1661,1.945,766.6,1.944,17.88,1.817
1079,1.752,2398,1.756,825.3,1.927,30.74,1.337
503.1,1.952,2025,1.592,732.6,1.874,13.71,1.592
648.4,1.831,2299,1.698,789.2,1.994,28.68,1.76
1238,1.426,1849,1.865,728.9,1.968,22.66,1.395
1197,1.451,1695,1.924,771.5,1.963,46.71,1.215
789,1.762,2264,1.798,736.1,1.81,30.13,1.47
678.5,1.778,2015,1.952,810.9,1.81,26.09,1.788
1029,1.915,1636,1.961,910.7,1.8,25.36,1.754
1139,1.884,1715,1.646,738.2,1.953,28.64,1.857
971,1.998,1628,1.561,881.5,1.803,27.87,1.863
844.6,1.964,1509,1.628,861.4,1.758,59.64,1.954
711.9,1.911,1909,1.76,764.1,1.825,23.85,1.793
934.9,1.972,1805,1.825,811.5,1.899,46.81,1.924
1095,1.84,1804,1.9,901.8,1.862,47.02,1.759
1260,1.728,1720,1.6,930.2,1.728,32.12,1.814
1140,1.855,2435,1.721,827.2,1.878,19.83,1.843
985.8,1.546,2088,1.831,840.5,1.942,29.47,1.788
783.3,1.81,1719,1.871,688.3,1.988,29.34,1.545
1264,1.913,2238,1.695,856.9,1.997,30.12,1.289
1084,1.942,1903,1.918,821.7,1.969,25.13,1.377
931.1,1.625,1572,1.795,722.4,1.986,23.39,1.833
1127,1.764,1665,1.729,908.1,1.754,23.49,1.495
1115,1.81,1606,1.647,865.5,1.963,15.71,1.921
928.4,1.531,1825,1.673,873,1.737,48.79,1.825
774.1,1.499,1608,1.691,989.5,1.743,31.9,1.612
777.4,1.772,1630,1.712,840.5,1.979,20.01,1.609
977.9,1.97,1716,1.749,1036,1.852,40.97,1.75
1059,1.8,1372,1.782,755.6,1.988,24.49,1.637
936.3,1.998,1275,1.459,742.4,1.915,15.6,1.924
801.9,1.979,1681,1.708,756.4,1.963,17.46,1.855
1257,1.8,1911,1.791,716.5,1.984,20.18,1.855
923.7,1.873,1533,1.807,737.7,1.975,45.9,1.489
1178,1.975,1526,1.785,926.3,1.788,25.35,1.835
1251,1.992,1822,1.71,839.7,1.929,14.38,1.941
610.5,1.992,1693,1.947,866.1,1.959,16.18,1.898
687.8,1.975,1788,1.85,837.7,1.98,19.94,1.323
780.8,1.839,2036,1.987,665.1,1.952,20.01,1.808
1092,1.768,1883,1.592,792.1,1.745,23.78,1.684
1159,1.81,1475,1.765,828.5,1.939,32.14,1.338
1143,1.985,1459,1.749,872.1,1.791,32.98,1.118
2067,1.327,1293,1.761,857.4,1.779,19.43,1.272
1507,1.428,1875,1.98,867.7,1.882,16.19,1.772
1030,1.504,1871,1.99,762.1,1.788,35.62,1.833
978,1.961,2015,1.991,807.8,1.996,24.54,1.624
922.9,1.898,1787,1.928,815.9,1.924,74.53,1.984
925.8,1.738,1829,1.881,799.5,1.939,22.73,1.904
1068,1.678,1742,1.924,856.1,1.837,47.01,1.651
849.6,1.89,1714,1.869,895.4,1.535,25.33,1.578
742.3,1.658,1987,1.759,706.1,1.843,36.93,1.802
854.8,1.461,1402,1.683,1035,1.881,19.77,1.924
1242,1.877,2133,1.5,880.6,1.825,27.62,1.968
956.8,1.756,1454,1.809,780.6,1.971,17.18,1.788
949.9,1.89,2221,1.853,841.6,1.975,26.54,1.713
1415,1.947,2210,1.909,855.3,1.943,35.8,1.541
968.9,1.843,2133,1.869,736,1.979,33.04,1.511
978.5,1.891,1802,1.943,682.7,1.997,23.34,1.864
1112,1.971,1773,1.993,704.3,1.836,34.15,1.861
937.7,1.968,1957,1.937,865.3,1.936,12.26,1.972
1143,1.956,1838,1.898,756.5,1.786,35.83,1.605
579.3,1.9,1931,1.96,688.4,1.982,16.73,1.841
646.8,1.979,1951,1.997,808.2,1.882,17.11,1.61
1202,1.785,1831,1.885,791.4,1.819,17.91,1.957
712.8,1.611,1787,1.884,744.3,1.931,32.19,1.784
769.8,1.498,2138,1.587,694.1,1.971,35.42,1.661
840.9,1.269,1749,1.867,945.6,1.929,34.54,1.997
738.6,1.476,1978,1.907,807.5,1.952,26.38,1.614
1526,1.674,1675,1.352,758.4,1.976,16.49,1.828
1119,1.696,2160,1.97,833.4,1.966,24.68,1.717
1076,1.681,2029,1.783,768.8,1.987,30.21,1.441
1321,1.762,1715,1.742,868.3,1.919,26.49,1.408
748.6,1.943,1905,1.816,803.5,1.835,25.14,1.608
798.4,1.954,1359,1.475,855.3,1.889,17.51,1.728
981.9,1.979,1856,2,812.8,1.802,27.2,1.591
811.1,1.963,1769,1.98,749.2,1.914,26.81,1.56
903.4,1.803,1625,1.941,787.4,1.913,28.43,1.488
711.9,1.947,1808,1.852,904.1,1.701,30.88,1.529
762,1.822,2044,1.931,1062,1.633,31.65,1.361
1005,1.745,1542,1.722,924.5,1.717,54.09,1.768
916,1.721,1799,1.952,875.8,1.647,34.57,1.267
1157,1.639,1930,1.986,731.1,1.926,26.38,1.493
796.9,1.586,1792,1.951,755.2,1.903,27.08,1.387
1322,1.823,1606,1.866,679.3,1.869,34.02,1.455
1363,1.835,1792,1.862,722.2,1.825,22.12,1.798
937.8,1.902,1907,1.923,734.2,1.88,22.81,1.852
1426,1.869,2150,1.929,904.9,1.942,21.27,1.402
690.4,1.935,1855,1.727,854.4,1.815,31.7,1.48
765.8,1.997,1739,1.902,692.4,1.912,26.64,1.542
895.7,1.983,1939,1.872,688.3,1.92,26.23,1.244
1258,1.788,1868,1.855,853.8,1.676,18.57,1.704
1172,1.992,1547,1.9,825.3,1.72,24.79,1.848
579,1.545,2007,1.841,994.7,1.823,44.84,1.502
1032,1.819,1809,1.733,690.2,1.734,53.14,1.939
939.9,1.666,2006,1.631,747.9,1.787,38.7,1.892
758.3,1.785,1651,1.877,815.6,1.814,29.91,1.451
1488,1.68,1694,1.909,749.9,1.862,20.71,1.55
737.3,1.403,1490,1.536,783.2,1.947,28.49,1.526
1118,1.788,2198,1.963,750.2,1.983,47.64,1.504
981,1.551,1392,1.415,709.4,1.956,46.59,1.527
982.9,1.738,1640,1.971,761.3,1.866,29.64,1.833
934.7,1.804,1919,1.943,757.2,1.839,41.2,1.557
1255,1.857,1552,1.594,1029,1.771,59.83,1.948
767,1.974,2025,1.808,772.9,1.741,11.31,1.823
1050,1.71,1893,1.871,718.7,1.955,22.5,1.396
1058,1.928,1959,1.87,839.1,1.758,17.23,1.443
763.3,1.746,1700,1.922,800.3,1.804,15.06,1.834
1015,1.839,1752,1.952,768.7,1.679,20.3,1.625
1389,1.886,1713,1.75,800.7,1.904,40.66,1.999
1204,1.629,1822,1.699,854.9,1.9,26.57,1.736
793.7,1.989,2196,1.987,711.5,1.997,34.26,1.525
1154,1.988,1757,1.91,840.4,1.817,17.75,1.723
668.7,1.736,1984,1.952,783.7,1.976,21.19,1.852
942.9,1.565,1900,1.955,907.3,1.906,20.81,1.789
1117,1.921,1742,1.98,726.3,1.952,33.73,1.43
1022,1.997,1777,1.779,881.5,1.893,15.23,1.642
1101,1.902,1700,1.812,708.1,1.666,19.8,1.852
735.3,1.904,1835,1.797,809.7,1.915,36.48,1.85
913.5,1.76,1540,1.763,769.7,1.894,51.67,1.978
1009,1.129,2203,1.827,819.5,1.839,57.35,1.714
805.9,1.86,2169,1.932,861.8,1.996,29.11,1.244
1451,1.991,2076,1.829,766.8,1.908,64.66,1.682
1561,1.986,1428,1.51,704.1,1.739,14.55,1.758
1486,1.885,1783,1.861,727.1,1.911,11.81,1.894
979.9,1.995,1919,1.632,922.3,1.681,17.92,1.986
832.4,1.985,1523,1.635,734.9,1.95,17.48,1.955
955.3,1.427,2228,1.979,731.1,1.816,16.07,1.678
830.3,1.527,1147,1.952,841.6,1.851,17.6,1.913
1019,1.623,1671,1.97,824,1.779,28.57,1.706
1056,1.883,1856,1.905,851.9,1.831,24.32,1.751
1103,1.696,1877,1.967,927.6,1.871,52.8,1.852
999.5,1.782,1784,1.994,813.1,1.885,38.11,1.654
849.1,1.99,1499,1.985,725.4,1.896,25.44,1.488
932,1.987,2011,1.986,747.9,1.716,18.33,1.765
919.6,1.971,1692,1.941,668.7,1.93,25.72,1.614
1022,1.956,1909,1.681,723.6,1.947,20.34,1.569
1003,1.964,1730,1.974,839.9,1.823,38.4,1.711
1089,1.738,1950,1.753,843.3,1.89,20.33,1.392
792.6,1.565,2248,1.822,847.4,1.526,25.95,1.867
1053,1.324,2114,1.866,811.4,1.737,38.53,1.533
1296,1.737,1566,1.946,878.3,1.886,60.47,1.801
445.7,1.76,1595,1.529,822.2,1.997,12.39,1.57
776.5,1.799,2101,1.84,784.5,1.973,29.04,1.527
1152,1.446,2093,1.969,824.1,1.99,30.88,1.795
792.1,1.884,1716,1.653,709.3,1.994,34.21,1.812
783.1,1.855,1660,1.705,993.5,1.928,35.33,1.776
1267,1.268,1892,1.929,785.1,1.855,13.09,1.718
1094,1.873,2128,1.942,727.7,1.583,27.54,1.642
1058,1.994,2019,1.995,1087,1.765,17.58,1.851
1319,1.935,1826,1.962,853.8,1.722,13.04,1.817
1377,1.997,1705,1.861,806.2,1.791,12.64,1.883
892.6,1.981,1797,1.731,945,1.887,21.22,1.927
977.4,1.532,1828,1.297,662.4,1.743,29.15,1.592
1042,1.83,1561,1.748,980.9,1.73,14.71,2
1266,1.777,1830,1.682,979.7,1.848,14,1.651
1011,1.702,1535,1.475,942,1.936,19.53,1.882
845.9,1.811,1556,1.766,821.8,1.799,23.85,1.267
838.7,1.84,1627,1.808,840.6,1.975,59.52,1.991
853,1.878,1935,1.823,897.3,1.765,23.76,1.992
846.8,1.98,1630,1.84,764.5,1.986,31.16,1.479
747.8,1.789,1786,1.769,880.2,1.994,19.73,1.905
774,1.978,2061,1.777,895.8,1.986,12.54,1.758
737.9,1.787,1989,1.983,742.5,1.825,26.17,1.491
905.8,1.773,1892,1.973,637,1.549,24.86,1.586
1050,1.805,1840,1.86,841.8,1.393,37.86,1.636
1206,1.84,1992,1.814,880.7,1.659,26.15,1.368
1058,1.756,1772,1.972,939.5,1.576,25.12,1.671
1311,1.984,1615,1.737,710.6,1.818,15.88,1.918
878.5,1.551,1970,1.801,882.7,1.946,38.1,1.533
625.1,1.929,1706,1.985,821.9,1.985,33.33,1.643
770.5,1.848,1915,1.912,793.9,1.987,31.94,1.786
1203,1.979,1727,1.833,815.1,1.875,54.82,1.714
813.6,1.759,1653,1.825,957.7,1.892,25.88,1.999
1095,1.962,1823,1.835,757.4,1.852,43.25,1.233
822,1.861,1888,1.957,761,1.99,32.14,1.32
678,1.998,1682,1.759,719.6,1.915,28.58,1.542
1269,1.838,1869,1.349,1002,1.96,29.42,1.452
1095,1.874,1476,1.396,787.4,1.96,23.06,1.511
1033,1.603,1777,1.738,736.2,1.862,27.14,1.729
862.2,1.09,1728,1.853,646.4,1.908,21.43,1.754
781.2,0.936,1666,1.813,593.1,1.999,23.51,1.579
1117,1.808,1781,1.805,548.2,1.558,37.63,1.726
935.4,1.742,2040,1.893,938.9,1.467,15.54,1.618
1045,1.79,1840,1.982,983,1.394,27.89,1.341
874.2,1.832,1815,1.962,1007,1.565,28.63,1.391
905.2,1.779,1722,1.749,851.2,1.521,25.85,1.436
976,1.97,1884,1.709,768.3,1.7,15.92,1.526
1088,1.763,1789,1.934,937.4,1.811,46.94,1.577
1066,1.939,1749,1.912,869,1.849,15.85,1.801
913.8,1.825,2080,1.643,789.2,1.946,12.81,1.946
906.4,1.974,1836,1.709,710,1.849,22.37,1.677
1201,1.561,2236,1.687,760.3,1.784,16.86,1.536
979.3,1.665,1881,1.952,843.1,1.899,35.27,1.716
814.9,1.922,1783,1.962,748.3,1.808,31.8,1.711
929.6,1.753,1693,1.975,805.6,1.957,26.71,1.698
1253,1.905,1862,1.983,806.2,1.973,14.78,1.907
980.8,1.927,2049,1.81,740.6,1.943,38.99,1.879
858.5,1.928,1923,1.983,1037,1.755,23.75,1.705
1144,1.763,1671,1.874,909.8,1.886,20.33,1.523
1282,1.737,1644,1.878,917.1,1.857,23.29,1.381
1175,1.949,2228,1.813,791.8,1.76,29.26,1.524
1061,1.608,1491,1.899,786.8,1.921,35.32,1.949
945.5,1.953,1758,1.592,983.2,1.822,19.09,1.552
799.7,1.663,1859,1.874,881.1,1.883,22.85,1.603
1068,1.936,1978,1.703,799.4,1.868,28.31,1.67
977.7,1.489,2323,1.852,1015,1.962,29.49,1.438
1620,1.601,2097,1.841,982.5,1.962,31.15,1.826
722.9,1.66,1768,1.916,798.3,1.795,23.37,1.627
846.8,1.686,2001,1.97,869.3,1.999,19.46,1.655
1146,1.945,2054,1.939,844.7,1.813,24.21,1.367
941.8,1.18,1730,1.977,806.2,1.957,15.66,1.992
1299,1.996,1630,1.983,800.5,1.992,17.13,1.875
1080,1.926,1717,1.915,859.9,1.998,27.87,1.43
1038,1.931,1808,1.777,872.8,1.971,19.22,1.658
1145,1.943,2016,1.896,748.5,1.843,21.84,1.747
800.7,1.777,1802,1.947,974.5,1.667,32.14,1.786
1306,1.954,1772,1.861,898.9,1.678,11.46,1.892
1407,1.894,2023,1.765,845.9,1.613,23.91,1.303
1146,1.728,1590,1.606,770.4,1.84,17.08,1.836
806.2,1.326,2092,1.665,811.8,1.918,15.63,1.696
871.5,1.914,1598,1.4,688.1,1.899,18.36,1.464
955.3,1.738,1684,1.441,752.3,1.957,17.41,1.744
741.9,1.687,1526,1.587,821.1,1.913,20.52,1.948
1160,1.734,1751,1.852,800,1.975,24.4,1.559
977.6,1.942,1679,1.778,870.8,1.999,56.31,1.997
628.5,1.494,1466,1.851,884.6,1.952,20.11,1.49
691.3,1.579,1795,1.905,986.6,1.959,22.6,1.762
1222,1.79,1731,1.838,864.7,1.906,23.08,1.535
779.9,1.77,1666,1.834,734.3,1.993,19.04,1.914
618.6,1.448,1509,1.768,742.8,1.896,24.56,1.534
1253,1.986,1726,1.717,799,1.884,33.26,1.688
730.2,1.689,1708,1.787,728,1.765,36.65,1.52
977.7,1.897,2153,1.636,999,1.848,44.68,1.673
970.9,1.428,1625,1.429,909.1,1.994,32.4,1.409
971.6,1.913,1580,1.688,803.4,1.86,37.38,1.755
607.1,1.858,1379,1.612,791.8,1.902,46.58,1.411
697.3,1.759,1670,1.977,738.2,1.877,18.59,1.511
712.9,1.887,1579,1.743,754.3,1.989,36.67,1.733
927.3,1.636,1832,1.975,954.2,1.846,16.92,1.775
954.9,1.805,1591,1.94,710.2,1.898,22.49,1.797
936.4,1.913,1905,1.977,879.5,1.775,33.42,1.433
1120,1.843,1997,1.928,863.6,1.904,26.56,1.702
922.9,1.925,2045,1.995,950.7,1.896,51.64,1.814
1225,1.914,2313,1.931,1021,1.991,25.83,1.427
880.8,1.448,1476,1.854,794.5,1.938,25.5,1.372
685.8,1.801,2155,1.941,856.8,1.889,48.3,1.597
861.3,1.844,1592,1.839,947.1,1.825,18.08,1.84
912.4,1.502,1819,1.799,849.6,1.872,42.1,1.781
878.1,1.666,1320,1.575,746.3,1.929,18.11,1.914
1080,1.357,1376,1.887,753.2,1.965,32.3,1.809
1062,1.801,1268,1.315,878.8,1.901,36.41,1.787
951,1.794,1713,1.653,803,1.935,20.09,1.807
850.3,1.88,1445,1.648,849.7,1.966,23.74,1.774
838.6,1.944,1769,1.677,714.2,1.889,49.69,1.605
1139,1.857,1541,1.431,731.6,1.942,21.68,1.464
751.6,1.785,1735,1.484,730.8,1.943,21.64,1.33
1482,1.2,1862,1.609,709.4,1.59,28.9,1.602
1128,1.367,1395,1.465,792.5,1.775,22.29,1.373
860.5,1.643,1615,1.676,684.3,1.867,29.97,1.581
647.6,1.923,1844,1.816,695.4,1.88,40.75,1.865
832.1,1.341,1605,1.948,605.2,1.886,39.98,1.649
748.5,1.99,1835,1.635,784.6,1.946,33.52,1.391
1103,1.999,1824,1.819,726.1,1.951,23.79,1.454
1201,1.744,1958,1.832,714.6,1.973,32.83,1.847
1110,1.711,1809,1.738,761.6,1.952,21.63,1.932
816.2,1.954,2096,1.682,783.5,1.98,22.65,1.852
1085,1.797,1930,1.869,828.1,1.843,21.42,1.589
832.6,1.813,1922,1.98,768.1,1.831,27.13,1.345
802.2,1.866,1766,1.94,734.2,1.908,39.08,1.966
1004,1.856,1704,1.909,1030,1.775,19.1,1.537
1158,1.941,1907,1.951,864.5,1.703,47.6,1.58
1016,1.358,1536,1.913,768.3,1.599,43.43,1.452
891.5,1.497,1882,1.771,790.1,1.889,27.05,1.47
1256,1.755,1545,1.825,749.2,1.965,20.42,1.492
874.9,1.972,1727,1.876,811,1.954,48.13,1.826
825.8,1.901,1683,1.749,864.8,1.754,71.32,1.955
973,1.972,2022,1.828,873.8,1.588,48.52,1.684
1014,1.935,1531,1.729,966,1.871,39.44,1.664
1045,1.988,1765,1.497,942.3,1.55,18.1,1.538
939.7,1.943,1693,1.948,855.1,1.524,22.01,1.66
858.7,1.601,2042,1.501,797.3,1.982,37.39,1.844
887.7,1.785,1754,1.709,808.3,1.926,19.14,1.462
1126,1.811,2395,1.889,687.5,1.994,24.79,1.619
1060,1.661,1586,1.94,878.3,1.995,23.83,1.583
1064,1.399,1872,1.912,878.1,1.999,28.29,1.456
1212,1.942,1221,1.67,685.1,1.921,16.48,1.817
889.5,1.962,1694,1.666,811.4,1.9,18.37,1.837
958.8,1.494,1980,1.881,711.3,1.939,26.49,1.441
760,1.57,2204,1.738,780.8,1.976,25.2,1.563
998.7,1.673,2035,1.917,761.4,1.967,44.39,1.577
1408,1.731,1823,1.965,796.6,1.725,22.18,1.371
1465,1.969,2032,1.823,797,1.783,31.78,1.546
707.1,1.946,1723,1.964,719.3,1.85,38.59,1.271
872,1.992,2036,1.282,680.6,1.984,27.35,1.243
837.9,1.833,2158,1.681,877.8,1.978,36.83,1.441
851.9,1.818,1918,1.893,1125,1.763,24.92,1.657
1126,1.673,1722,1.504,972.3,1.736,20.66,1.388
1292,1.965,1996,1.922,966.4,1.79,41.07,1.498
1347,1.977,1828,1.798,927,1.604,18.61,1.392
1327,1.908,2416,1.649,813.8,1.784,40.24,1.554
696.6,1.978,2102,1.582,776.2,1.969,43.89,1.554
881.1,1.802,2083,1.92,779.5,1.806,27.97,1.522
1004,1.75,1791,1.988,848.3,1.804,17.26,1.721
791.6,1.813,1443,1.843,809,1.77,18.46,1.8
1062,1.955,1367,1.574,937.9,1.925,11.76,1.878
985.5,1.875,1642,1.858,849.5,1.976,16.96,1.679
963.7,1.822,1681,1.987,704.5,1.93,21.49,1.315
722.3,1.646,1727,1.987,802.4,1.793,44.05,1.479
1029,1.852,1958,1.622,759.6,1.997,19.65,1.687
841.7,1.72,1269,1.894,733.6,1.996,12.94,1.884
753.6,1.748,1942,1.951,933,1.813,21.39,1.905
753,1.85,1924,1.982,892,1.943,42.34,1.907
935.2,1.787,1691,1.946,964.4,1.851,43.84,1.691
877,1.649,1868,1.993,780.2,1.883,23.07,1.416
784.3,1.887,1903,1.994,792,1.979,43.83,1.527
918.7,1.954,1929,1.87,825.1,1.914,26.41,1.499
951.1,1.947,2170,1.872,955.1,1.843,40.02,1.722
872,1.954,2056,1.878,1171,1.824,21.35,1.436
896.2,1.874,1958,1.929,851,1.669,24.92,1.436
796.2,1.758,1596,1.799,861.8,1.889,17.04,1.948
1059,1.729,2033,1.615,828.5,1.878,25.81,1.409
1094,1.921,1779,1.178,718.5,1.903,27.01,1.515
773.5,1.661,1418,1.26,857.9,1.987,45.41,1.545
817.9,1.964,1793,1.462,770.8,1.79,18.1,1.628
1171,1.879,1695,1.626,925.3,1.853,44.66,1.625
642.6,1.494,1850,1.888,930.2,1.801,18.76,1.694
921.7,1.499,1502,1.919,766.2,1.702,24.3,1.496
1123,1.984,1705,1.858,1065,1.877,22.54,1.701
1125,0.9137,1856,1.996,704.4,1.986,18.17,1.623
973.3,1.418,1895,1.92,718,1.717,21.66,1.92
1052,1.863,2006,1.963,622.6,1.781,37.04,1.491
847.7,1.898,1891,1.968,917.2,1.774,34.63,1.36
724.6,1.863,1596,1.776,750.1,1.938,34.31,1.569
1109,1.852,1761,1.982,809.8,1.914,20.94,1.634
904.4,1.913,1592,1.808,723.1,1.829,32.3,1.566
1308,1.813,2019,1.983,922.8,1.696,26.53,1.446
1529,1.955,1963,1.929,886.5,1.791,21.65,1.324
1787,1.777,1985,1.685,770,1.963,20.66,1.593
884.3,1.903,2049,1.826,885,1.939,31,1.57
1191,1.766,1992,1.762,761.3,1.898,44.71,1.537
1016,1.66,1665,1.861,826.1,1.914,31.81,1.501
1350,1.697,1799,1.949,768.5,1.893,32.78,1.338
1017,1.821,1612,1.589,844.1,1.93,41.5,1.467
889.7,1.969,1742,1.778,759.3,1.911,18.2,1.676
1028,1.95,1903,1.869,865.8,1.943,14.32,1.806
1010,1.9,1687,1.932,788.2,1.998,26.88,1.585
949.8,1.931,2458,1.913,816.7,1.853,60.69,1.572
1177,1.936,1733,1.707,725.2,1.564,32.59,1.463
1051,1.474,1785,1.992,879,1.934,22.51,1.566
1088,1.53,1878,1.961,742.6,1.903,31.38,1.597
770.2,1.881,1924,1.907,852.1,1.938,23.14,1.56
872.8,1.887,1914,1.645,905.6,1.825,31.57,1.632
1204,1.907,1762,1.966,916.6,1.93,18.48,1.732
1018,1.892,1840,1.838,858.3,1.841,12.94,1.971
922.9,1.994,1684,1.978,840.5,1.739,26.83,1.91
1019,1.995,1699,1.798,975.4,1.904,54.1,1.908
984.9,1.629,1334,1.688,918.4,1.922,46.89,1.629
1101,1.827,1900,1.995,867.3,1.97,16.92,1.651
1238,1.661,1793,1.854,795.8,1.91,48.25,1.559
1125,1.806,2027,1.926,809.4,1.721,20.92,1.562
1015,1.975,2071,1.85,859.3,1.864,32.01,1.512
667.6,1.853,1391,1.802,780.6,1.784,29.04,1.904
1044,1.787,1887,1.955,751.7,1.876,21.82,1.696
1032,1.742,1705,1.926,699.4,1.826,11.57,1.785
1223,1.928,1790,1.814,993.2,1.964,34.59,1.664
915.1,1.799,1814,1.38,766,1.758,28.63,1.528
738.1,1.935,1485,1.489,831.2,1.731,35.62,1.957
889.8,1.937,1802,1.477,842.2,1.9,41.05,1.617
998.1,1.852,2129,1.564,886.7,1.966,34.79,1.731
962.4,1.914,950.8,1.577,790.3,1.954,25.52,1.644
1526,1.886,1567,1.621,843.9,1.913,19.87,1.662
962.8,1.719,1624,1.873,685.9,1.948,35.14,1.883
765.4,1.777,1613,1.792,744.2,1.982,37.85,1.39
925.7,1.915,2081,1.954,809.2,1.964,24.04,1.869
947.3,1.973,1460,1.605,862.5,1.967,15.06,1.792
718.4,1.39,1770,1.689,854.9,1.875,14.97,1.926
1286,1.388,1323,1.338,977.5,1.757,47.91,1.879
1275,1.586,1605,1.757,1016,1.735,46.66,1.908
975.7,1.708,1871,1.921,947.6,1.967,21.7,1.742
1247,1.599,1764,1.879,1142,1.875,59.45,1.857
1087,1.901,1638,1.812,659.2,1.856,22.75,1.7
752.1,1.22,1582,1.898,752.5,1.923,30.81,1.405
727.1,1.651,2018,1.684,830.4,1.948,20.31,1.452
745.6,1.625,1367,1.537,785.1,1.856,15.67,1.95
762,1.968,1666,1.702,702.1,1.95,14.55,1.741
786,1.862,1593,1.8,782.3,1.79,22.09,1.749
791.8,1.958,1883,1.823,952.1,1.912,23.83,1.598
879.4,1.868,1402,1.059,642.5,1.953,25.1,1.648
710.7,1.532,1502,1.441,821.8,1.922,35.76,1.93
959.3,1.583,1475,1.379,728.2,1.985,29.77,1.843
1130,1.86,2018,1.791,725.6,1.886,19.28,1.46
1062,1.933,1723,1.922,784.4,1.931,20.52,1.606
1075,1.564,1689,1.812,797.7,1.979,14.83,1.766
889.3,1.473,1657,1.808,742,1.949,28.58,1.696
684.9,1.428,1708,1.903,730.3,1.972,14.25,1.771
1160,1.712,1990,1.985,836.5,1.847,37.09,1.484
895.6,1.958,1822,1.857,674.2,1.923,21.56,1.246
596.2,1.818,2284,1.806,865.3,1.993,26.13,1.425
907.5,1.952,1954,1.235,782.3,1.957,29.27,1.492
931.6,1.957,2065,1.95,725.2,1.879,40.37,1.606
1067,1.856,1930,1.933,1042,1.876,53.01,1.829
1081,1.882,1844,1.895,1190,1.963,25.14,1.533
1057,1.781,1592,1.861,866.7,1.693,22.05,1.518
940.1,1.856,1876,1.527,894.4,1.958,30.77,1.873
1138,1.48,1901,1.643,733.5,1.862,33.43,1.425
1204,1.807,1556,1.802,843.5,1.975,19.84,1.492
743.2,1.751,1874,1.84,695.3,1.825,42.67,1.404
1528,1.965,2246,1.948,757.9,1.893,26.18,1.618
1158,1.736,1817,1.634,874.7,1.998,17.13,1.773
1026,1.484,1614,1.407,744.8,1.81,56.31,1.89
1258,1.971,1426,1.812,851.7,1.995,45.62,1.814
1161,1.953,1402,1.584,682.5,1.817,36.8,1.587
1106,1.942,1960,1.999,827.1,1.92,25.87,1.697
790.9,1.892,1666,1.805,825.9,1.78,44.4,1.701
1171,1.635,2141,1.925,841.6,1.597,45.74,1.643
1092,1.88,1805,1.946,805.8,1.884,26.31,1.691
1053,1.987,1700,1.883,883.2,1.926,22.47,1.947
1115,1.774,2022,1.822,739.2,1.851,13.78,1.76
725.5,1.291,1898,1.992,769.4,1.854,14.97,1.774
851.7,1.563,1865,1.862,855.5,1.764,27.74,1.755
742.2,1.868,1691,1.915,867.4,1.971,34.91,1.895
829.1,1.871,1855,1.964,643,1.831,27.86,1.65
810.8,1.919,1784,1.817,922.1,1.807,26.15,1.493
853.9,1.911,2053,1.793,842.6,1.978,20.63,1.307
812.5,1.94,1518,1.619,1036,1.917,12.24,1.937
1121,1.835,1291,1.506,1011,1.986,27.93,1.857
928.7,1.942,1739,1.611,899.3,1.641,29.82,1.338
817.2,1.268,1679,1.592,790.9,1.818,27.62,1.853
987.8,1.894,2184,1.785,739.6,1.752,16.9,1.765
875.3,1.452,1561,1.656,611.7,1.886,15.1,1.97
634.3,1.837,1989,1.888,659.7,1.809,25.03,1.639
637,1.871,1908,1.839,741.5,1.916,29.09,1.735
967.9,1.911,1891,1.625,766.1,1.929,29.9,1.638
1257,1.95,1992,1.989,891.3,1.933,24.79,1.445
752.8,1.965,1809,1.901,951.2,1.997,41.19,1.426
742.4,1.764,2399,1.808,832,1.918,28.85,1.49
656.1,1.473,2048,1.471,784.1,1.982,35.96,1.842
871.3,1.588,1882,1.648,658.2,1.791,33.29,1.28
863.7,1.456,1597,1.465,632,1.866,24.55,1.651
957.4,1.497,1195,1.898,758,1.609,23.85,1.502
1265,1.807,1617,1.839,844.1,1.689,14.01,1.598
707.7,1.966,2210,1.773,850.9,1.972,28.89,1.623
767.4,1.958,1810,1.469,832.5,1.756,41.42,1.815
918.3,1.834,1756,1.959,786.9,1.88,14.87,1.828
995.2,1.831,1707,1.731,772.1,1.96,40.42,1.636
1196,1.625,1901,1.894,796.4,1.872,36.74,1.29
1433,1.481,1804,1.976,765.4,1.842,35.94,1.318
1101,1.903,2150,1.998,825.3,1.945,31.42,1.192
1176,1.834,2150,1.998,832.5,1.824,35.32,1.185
597.9,1.199,1684,1.636,783.1,1.993,26.13,1.328
972.5,1.39,1886,1.961,973.1,1.932,21.51,1.408
1261,1.752,1829,1.938,901.2,1.944,31.56,1.666
1126,1.913,2056,1.978,828.1,1.997,38.83,1.714
1143,1.884,2021,1.995,798,1.969,21.05,1.857
814.2,1.935,1863,1.969,838.5,1.907,17.88,1.275
1016,1.744,1892,1.963,738.8,1.903,21.64,1.209
1035,1.859,1677,1.839,616.8,1.99,28.88,1.285
1039,1.77,1695,1.994,953.5,1.844,34.42,1.205
1411,1.933,1760,1.993,754.4,1.898,11.78,1.55
1032,1.909,1222,1.509,835.3,1.929,32.49,1.304
1207,1.945,2025,1.727,718.7,1.684,19.11,1.248
889.7,1.564,1718,1.675,799.4,1.711,35.06,1.514
843.9,1.951,1948,1.99,796.3,1.913,36.79,1.454
938.3,1.861,1699,1.86,822,1.923,25.95,1.433
720.9,1.915,1781,1.837,800.5,1.948,45.39,1.491
1187,1.537,1920,1.976,747.6,1.955,41.82,1.065
1091,1.861,1861,1.852,888.9,1.941,15.6,1.496
940.6,1.826,2140,1.866,784.3,1.957,40.25,1.575
738.6,1.639,1922,1.956,926.8,1.993,54.29,1.772
848.8,1.596,1705,1.744,930.3,1.873,54.5,1.884
905.4,1.681,1517,1.945,722.9,1.9,28.73,1.488
891.3,1.684,2009,1.933,790.9,1.931,25.59,1.316
1082,1.878,1873,1.925,813.5,1.739,32.82,1.331
848.1,1.926,1907,1.896,927.2,1.956,57.78,1.958
936.4,1.691,1814,1.93,1060,1.982,33.33,1.948
1300,1.788,1888,1.978,852.2,1.985,19.27,1.562
1043,1.988,1709,1.97,910.4,1.958,18.9,1.774
938.5,1.973,1625,1.657,923.3,1.8,23.16,1.598
889.3,1.943,1743,1.92,857.1,1.959,34.36,1.754
979.9,1.91,1717,1.505,826,1.924,30.89,1.551
1012,1.837,1916,1.817,913,1.871,35.47,1.922
845.1,1.807,2030,1.563,884.7,1.851,28.8,1.661
800.1,1.861,1421,1.817,884.7,1.836,17.56,1.668
1195,1.803,1952,1.906,785.4,1.927,25.5,1.441
995.8,1.521,1779,1.873,706.3,1.632,51.95,1.989
723.8,1.685,2103,1.926,730.7,1.677,23.72,1.379
1081,1.807,1587,1.804,747.9,1.963,24.91,1.628
1080,1.941,1907,2,670.7,1.918,26.96,1.57
950,1.993,2062,1.918,735.5,1.763,35.24,1.645
1144,1.958,1768,1.852,802.6,1.816,35.22,1.677
1051,1.836,1775,1.864,1013,1.985,57.85,1.981
778.3,1.574,2356,1.822,1008,1.785,16.1,1.697
930.6,1.594,1362,1.406,933.4,1.959,15.6,1.754
968.2,1.641,1615,1.731,768.7,1.726,23.73,1.719
1191,1.937,1585,1.921,803.3,1.946,23.62,1.407
1011,1.809,1964,1.377,772.1,1.972,26.14,1.791
912.5,1.466,1750,1.557,799.4,1.989,13.78,1.672
1123,1.547,1591,1.612,787.5,1.964,21.64,1.465
579.8,1.65,1679,1.655,770.4,1.923,52.28,1.535
680.6,1.307,1524,1.853,737,1.805,17.19,1.674
793.6,1.909,1721,1.753,770.2,1.76,14.06,1.786
791.1,1.99,1660,1.821,855.1,1.872,25.99,1.742
1058,1.708,1885,1.974,800.9,1.974,20.19,1.704
741.6,1.996,1778,1.998,926.7,1.842,25.32,1.409
686.7,1.616,1879,1.937,943,2,39.97,1.587
599.5,1.765,2123,1.776,840.7,1.848,34.33,1.601
1103,1.707,2179,1.684,804.6,1.787,14.89,1.745
902.6,1.955,1931,1.97,942,1.913,22.54,1.63
929.7,1.804,2107,1.981,1046,1.928,19.29,1.438
1096,1.976,1785,1.86,787.6,1.993,25.13,1.559
827.3,1.869,1898,1.801,741,1.939,35.66,1.572
1060,1.814,2155,1.899,666.9,1.867,21.63,1.563
761.7,1.838,2224,1.762,826.7,1.944,28.69,1.46
902.3,1.835,1815,1.93,737.8,1.746,26.1,1.427
793.6,1.916,1784,1.744,863.9,1.938,35.54,1.969
619.7,1.965,2167,1.826,747.5,1.851,14.2,1.682
903,1.913,2134,1.934,851.6,1.895,25.12,1.318
731.8,1.893,2148,1.936,880.7,1.945,22.79,1.447
1166,1.949,2159,1.802,660.1,1.998,27.28,1.405
883.2,1.551,1779,1.742,683.5,1.998,18.05,1.885
1230,1.458,1975,1.981,822.9,1.956,14.08,1.89
1067,1.495,1753,1.807,720.6,1.765,18.15,1.893
832.2,1.897,1804,1.584,807.2,1.963,35.01,1.824
763.8,1.765,2031,1.787,901.9,1.815,24.46,1.75
1058,1.995,2078,1.435,1053,1.996,34.33,1.562
918.3,1.779,1340,1.739,948,1.901,33.19,1.445
1050,1.632,1675,1.939,917.1,1.937,21.28,1.728
670.1,1.987,1937,1.93,925.3,1.878,23.46,1.995
729.6,1.945,1519,1.894,850.5,1.913,18.95,1.948
764.4,1.892,1824,1.692,843.2,1.847,22.01,1.911
904.4,1.831,1669,1.907,925.2,1.958,48.76,1.922
1327,1.856,1964,1.804,693.2,1.996,33.43,1.534
1105,1.673,1676,1.578,712.4,1.899,16.93,1.741
1341,1.837,2220,1.962,808.5,1.923,28.53,1.933
927.4,1.749,1752,1.717,825.4,1.783,31.79,1.79
919.3,1.666,1862,1.714,753.8,1.938,18.15,1.734
978.7,1.685,2143,1.954,637.8,1.991,25.7,1.944
922.6,1.789,2226,1.751,762.9,1.81,21.28,1.857
931.5,1.705,2124,1.397,879.8,1.776,33.83,1.626
732.4,1.916,1671,1.92,777,1.81,45.6,1.465
827.6,1.795,1547,1.631,720.2,1.967,24.74,1.493
808.2,1.984,1382,1.642,668.5,1.893,21.4,1.553
1214,1.991,1546,1.899,720.8,1.942,25.66,1.785
943.4,1.971,1648,1.98,813.4,1.955,27.03,1.592
816.5,1.951,1659,1.994,768.5,1.992,31.65,1.441
734.9,1.98,1592,1.853,720.8,1.998,51.9,1.848
806.9,1.976,1760,1.979,866.6,1.937,18.78,1.916
761.9,1.868,1891,1.638,1000,1.953,14.74,1.989
863,1.441,1684,1.891,733.5,1.946,21.27,1.795
684,1.751,1672,1.66,756.8,1.837,47.68,1.495
686.2,1.926,1774,1.957,776.9,1.932,23.11,1.808
854.5,1.804,1861,1.912,690.1,1.982,28.07,1.617
727.1,1.692,1935,1.931,698.7,1.978,18.57,1.593
1122,1.87,1755,1.926,776.5,1.984,20.33,1.884
757.5,1.977,1882,1.925,926.5,1.975,20.91,1.45
814,1.779,1711,1.831,672.3,1.793,56.49,1.813
1473,1.921,1803,1.811,843.5,1.96,28.21,1.495
1136,1.716,1520,1.954,806.5,1.966,25.27,1.476
740.4,1.866,2041,1.951,847.4,1.953,27.79,1.858
790.9,1.579,1869,1.891,842.2,1.846,17.88,1.997
1053,1.921,1684,1.885,839.1,1.985,20.87,1.702
1224,1.68,1825,1.928,822.5,1.998,24.89,1.562
1385,1.561,1555,1.993,820.5,1.837,23.39,1.547
1023,1.959,1828,1.766,785.9,1.81,12.02,1.865
733.4,1.742,1661,1.886,891.2,1.894,21.18,1.278
739.6,1.64,1553,1.959,854.2,1.95,14.75,1.605
992,1.593,1676,1.904,762.5,1.733,28.7,1.57
1423,1.64,1898,1.601,869.7,1.734,28.1,1.42
1549,1.885,1587,1.602,879.9,1.621,29.61,1.373
1944,1.857,1543,1.611,779.7,1.981,32.89,1.866
1420,1.967,1868,1.553,737.9,1.894,26.76,1.888
1335,1.656,1063,0.9223,720,1.891,25.22,1.275
1160,1.968,1287,1.385,667.7,1.941,45.38,1.381
689,1.61,2043,1.898,766.3,1.998,17.67,1.686
1483,1.625,1647,1.88,848,1.893,23.1,1.739
1185,1.458,1657,1.975,732.2,1.975,21.43,1.406
751.6,1.945,1955,1.927,758.6,1.94,29.89,1.374
1239,1.957,1391,1.643,787.3,1.94,27.3,1.468
800.1,1.768,1978,1.854,724.6,1.897,49.06,1.485
807.9,1.902,2005,1.748,620.4,1.768,29.38,1.342
1043,1.6,2131,1.813,742.6,1.976,29.7,1.494
893.3,1.707,1944,1.753,796.1,1.903,43.8,1.556
693.6,1.882,1787,1.811,916.7,1.809,25.61,1.583
780.4,1.843,1651,1.782,849.2,1.633,14.37,1.991
1024,1.923,2036,1.951,703.7,1.844,28.75,1.656
731.9,1.73,1828,1.824,892.9,1.855,35.42,1.246
702.9,1.85,1440,1.938,731.8,1.788,29.83,1.751
780.6,1.659,1985,1.897,717.3,1.8,14.94,1.559
1020,1.983,2150,1.977,721.9,1.936,35.26,1.408
950.8,1.811,1445,1.691,750.5,1.635,11.9,1.748
1063,1.55,1993,1.62,774.6,1.801,15.59,1.773
838.1,1.931,1570,1.686,819.6,1.929,27.59,1.967
958.4,1.908,1508,1.79,785.6,1.988,40.87,1.81
801.5,1.798,1599,1.526,883.3,1.975,22.75,1.78
1138,1.918,1863,1.7,837.5,1.855,23.63,1.346
923.8,1.888,1947,1.955,830.4,1.857,19.76,1.775
867.9,1.974,1729,1.942,805.3,1.801,17.58,1.881
847.8,1.951,1740,1.729,876.6,1.844,23.47,1.229
990.3,1.668,2048,1.869,763.5,1.94,27.41,1.834
740.3,1.828,1993,1.949,794.1,1.804,39.9,1.678
1140,1.839,1857,1.902,721,1.919,26.35,1.698
683.5,1.42,1782,1.889,775.9,1.96,30.14,1.78
1009,1.927,1756,1.836,738.9,1.939,11.51,1.89
914.6,1.994,1928,1.887,902.3,1.859,29.6,1.733
1027,1.896,1673,1.788,792.5,1.883,28.25,1.58
896,1.789,2035,1.662,689.6,1.934,22.2,1.412
820.8,1.815,1252,1.649,917.4,1.999,37.03,1.438
811.5,1.821,1384,1.724,668.7,1.775,25.73,1.702
942.1,1.931,1301,1.865,680.9,1.995,28.19,1.445
821.3,1.353,1784,1.857,980.4,1.949,34.33,1.49
765,0.8146,1794,1.803,833.8,1.969,58.91,1.585
987.7,1.211,1953,1.626,851.9,1.956,57.27,1.827
929.2,1.687,1589,1.557,771.1,1.941,33.3,1.811
649.7,1.656,1672,1.828,1010,1.74,36.47,1.747
901.4,1.895,2032,1.97,763.6,1.774,23.52,1.355
680,1.794,2156,1.986,723.3,1.566,23.63,1.614
726.8,1.751,1856,1.994,834.3,1.78,24.85,1.614
1397,1.792,1588,1.681,746.6,1.965,30.87,1.787
1151,1.854,2051,1.886,805.2,1.97,70.35,1.526
801,1.92,1753,1.955,795.8,1.779,18.65,1.44
1005,1.938,1706,1.827,844.1,1.872,28.58,1.807
1265,1.633,1499,1.955,724.4,1.982,39.04,1.433
1138,1.955,1595,1.933,759.8,1.909,37.34,1.484
972.4,1.978,1674,1.758,751.6,1.84,28.79,1.361
969.6,1.693,1904,1.87,1093,1.842,26.63,1.271
873.9,1.592,1556,1.679,988.7,1.882,26.27,1.299
1409,1.934,1885,1.601,740.2,1.774,44.2,1.171
1326,1.936,1636,1.843,850.2,1.937,25.26,1.425
1197,1.812,1608,1.807,857.4,1.847,23.84,1.659
935.1,1.793,1561,1.912,886,1.872,34.02,1.69
1181,1.925,1993,1.685,802.6,1.78,17.76,1.575
902.5,1.915,1793,1.391,725.7,1.643,19.72,1.662
750.1,1.922,1595,1.385,791.6,1.984,24.21,1.894
864.7,1.574,1506,1.703,740.5,1.982,25.84,1.752
888.1,1.88,1629,1.962,852.7,1.976,63.2,1.799
888.4,1.843,1836,1.95,808.1,1.932,33.41,1.997
840.7,1.889,1904,1.929,824.3,1.741,24.59,1.655
774.2,1.927,1954,1.856,678.4,1.827,22.89,1.665
641.1,1.738,1376,1.664,687,1.841,18,1.83
911.3,1.508,1598,1.9,803.1,1.75,30.11,1.711
796.7,1.507,2015,1.356,848.8,1.847,23,1.234
826.3,1.766,1671,1.686,817.9,1.936,40.83,1.334
869.4,1.908,1612,1.71,728.3,1.74,36.7,1.29
970.9,1.988,1810,1.852,1002,1.888,20.13,1.586
1128,1.97,1794,1.865,861.7,1.782,22.48,1.616
1057,1.968,1748,1.725,758.5,1.982,32.32,1.894
837.2,1.934,1940,1.909,818.3,1.549,20.18,1.742
706.6,1.975,1861,1.639,698.3,1.959,26.29,1.821
821.1,1.843,1450,1.825,851.8,1.732,19.61,1.54
871.2,1.841,1618,1.7,789.5,1.935,19.6,1.497
740.1,1.905,1748,1.937,838.6,1.98,26.21,1.662
872.6,1.615,1705,1.915,906.5,1.769,18.81,1.918
933.3,1.311,1518,1.743,736.5,1.885,26.48,1.819
1187,1.547,1588,1.452,836.1,1.864,20.93,1.658
1792,1.681,1451,1.708,745.4,1.908,30.97,1.485
780.6,1.662,1765,1.955,776.6,1.976,24.35,1.678
961.7,1.716,2089,1.905,795.1,1.99,30.93,1.428
895.9,1.728,1775,1.726,949.3,1.87,13.72,1.886
862,1.929,1803,1.92,890.3,1.917,31.47,1.387
703.6,1.99,1781,1.814,1006,1.786,18.11,1.772
741.1,1.64,2061,1.737,820,1.65,32.16,1.302
1013,1.579,1982,1.803,944.8,1.611,32.32,1.218
1110,1.959,1612,1.695,926,1.703,22.72,1.358
1044,1.762,1981,1.882,844,1.769,16.91,1.436
881.3,1.799,1783,1.999,768,1.632,26.35,1.214
1016,1.741,1841,1.962,766.4,1.878,15.62,1.608
1055,1.533,1781,1.956,934.9,1.859,30.99,1.818
1035,1.744,1772,1.882,836.6,1.854,22.64,1.939
1178,1.74,1800,1.774,963.7,1.94,31.6,1.542
658.3,1.679,1888,1.776,894.4,1.807,30.73,1.4
586.9,1.936,1505,1.572,905.3,1.732,17.45,1.357
1013,1.993,1772,1.752,742.3,1.871,22.37,1.682
915.9,1.996,1129,1.759,738.5,1.846,41.86,1.827
734.8,1.836,1151,1.85,784.1,1.988,31.42,1.621
780.1,1.543,1786,1.908,640.5,1.959,42.47,1.192
888.6,1.874,1598,1.845,837.4,1.998,18.82,1.701
1005,1.863,1823,1.896,826.4,1.927,24.1,1.316
747.9,1.729,2253,1.627,902.9,1.936,50.47,1.934
1016,1.318,2073,1.844,892.3,1.976,33.16,1.354
830.8,1.839,1752,1.753,943.5,1.855,27.01,1.28
494.6,1.571,1749,1.567,865.3,1.943,33.02,1.4
1112,1.661,1689,1.619,950.3,1.919,23.47,1.535
952.4,1.896,2013,1.979,817.9,1.877,18.03,1.532
693.2,1.886,1791,1.955,865.2,1.903,58.61,1.434
1245,1.808,1379,1.678,813.3,1.874,30.11,1.395
1320,1.889,1493,1.978,861.6,1.869,26.25,1.588
969.5,1.939,1968,1.313,840.5,1.995,22.75,1.484
798.6,1.54,1773,1.366,909.3,1.898,23.58,1.577
712.2,1.413,2045,1.769,744.3,1.887,47.66,1.57
1075,1.97,1706,1.807,814.4,1.874,28.89,1.684
1201,1.79,2023,1.76,830,1.981,61.92,1.914
921.5,1.984,1884,1.489,873,1.944,19,1.481
900.8,1.939,1551,1.752,822.2,1.972,44.04,1.539
1226,1.674,2118,1.961,879.4,1.909,17.25,1.952
1291,1.855,2269,1.853,748.6,1.913,26.26,1.616
708.1,1.873,1783,1.848,956.5,1.617,27.72,1.333
1285,1.914,1907,1.96,793.5,1.936,35.46,1.42
1020,1.641,1555,1.861,785.6,1.951,19.11,1.77
1112,1.885,2014,1.896,880.6,1.766,22.31,1.502
574.3,1.978,1820,1.878,702.3,1.552,20.1,1.546
651.6,1.855,1826,1.893,977,1.512,22.9,1.661
1271,1.769,1832,1.773,893.2,1.6,18.65,1.491
748.6,1.643,1737,1.714,675,1.795,26.44,1.674
805.2,1.428,1728,1.417,812.3,1.899,35.28,1.941
1146,1.608,1933,1.627,800,1.883,70.74,1.975
807.4,1.838,1014,1.452,775,1.937,22.84,1.605
1026,1.994,2282,1.994,735.4,1.964,18.53,1.585
645.8,1.863,2264,1.898,849.6,1.589,31.32,1.704
881.1,1.794,1956,1.789,895.6,1.723,29.16,1.353
999.1,1.442,1779,1.853,778.6,1.853,17.15,1.675
952.8,1.863,2082,1.954,842.9,1.882,34.43,1.896
876,1.716,1891,1.42,721.5,1.944,48.38,1.542
1041,1.816,1664,1.84,799.4,1.818,51.74,1.532
925.9,1.961,1790,1.83,797.9,1.978,28.98,1.358
1060,1.888,2087,1.987,665.2,1.94,46.33,1.754
1136,1.958,1939,1.892,890.8,1.703,23.57,1.655
869.9,1.955,1518,1.809,756,1.745,24.62,1.179
1097,1.646,1616,1.871,913.9,1.849,37.43,1.316
626.1,1.308,1881,1.823,818.4,1.749,33.18,1.709
814.3,1.323,1921,1.966,653.4,1.86,48.29,1.813
1358,1.531,2041,1.972,767.4,1.955,40.94,1.724
1243,1.482,1765,1.683,722.2,1.837,27.69,1.887
1088,1.906,1959,1.718,803.2,1.939,37.12,1.639
416.3,1.955,1588,1.94,781.5,1.976,23.4,1.344
646.9,1.943,1731,1.952,786.1,1.975,15.65,1.334
680.8,1.916,1641,1.793,815.5,1.942,35.89,1.59
663.4,1.907,1563,1.905,714,1.998,25.16,1.974
656.5,1.386,1771,1.944,821.8,1.893,16.81,1.623
811.9,1.922,1437,1.559,861.9,1.895,20.86,1.961
1103,1.865,1891,1.638,733.7,1.79,35.15,1.842
1513,1.635,1611,1.685,976.8,1.841,30.26,1.364
776.8,0.8605,2013,1.783,1017,1.933,17.53,1.955
587.9,1.452,1775,1.968,795.4,1.994,18.17,1.554
746.5,1.344,1846,1.97,778,1.975,18.42,1.633
934.6,1.764,1910,1.906,962,1.917,19.22,1.99
943.3,1.831,1650,1.78,1177,1.867,23.64,1.873
838.4,1.915,1853,1.894,1028,1.761,47.89,1.937
1134,1.996,1848,1.975,708.3,1.909,33.69,1.606
823.3,1.931,1974,1.959,934,1.703,48.1,1.837
803.6,1.695,1909,1.943,688.8,1.932,27.33,1.628
1079,1.844,1471,1.776,643.9,1.708,20.1,1.654
1039,1.828,1959,1.782,920.4,1.74,15.91,1.738
1522,1.966,1812,1.984,791.2,1.905,15.83,1.712
1485,1.748,1941,1.955,755.3,1.923,20.42,1.469
1372,1.97,1615,1.873,722.8,1.729,16.42,1.749
821.2,1.79,1582,1.639,1048,1.912,24.98,1.687
811.4,1.959,1923,1.692,1109,1.521,16.39,1.732
875.2,1.986,2006,1.954,944,1.59,34.36,1.763
1113,1.847,2092,1.947,857,1.739,36.43,1.731
820.5,1.49,1954,1.991,670.9,1.801,19.26,1.952
1134,1.49,2040,1.998,816.2,1.689,18.99,1.806
715.4,1.749,1889,1.755,787.7,1.811,29.53,1.578
904.6,1.828,1997,1.727,862.5,1.963,32.71,1.935
906,1.99,1629,1.982,895.2,1.815,55.35,1.709
894.6,1.864,1728,1.813,700.2,1.912,24.36,1.382
907.9,1.971,1765,1.815,828.9,1.869,20.74,1.577
800.5,1.466,1893,1.584,877.9,1.958,28.02,1.641
1019,1.922,2068,1.864,831.1,1.994,28.68,1.252
988.6,1.94,2039,1.957,688.3,1.983,29.06,1.405
987.8,1.895,1792,1.848,782.6,1.959,68.65,1.869
866.9,1.707,2148,1.295,1042,1.591,25.97,1.634
650.5,1.79,1638,1.541,975.8,1.615,26.55,1.676
841.6,1.962,1653,1.295,878.7,1.594,26.76,1.612
659.3,1.762,1903,1.488,1193,1.628,58.82,1.857
979.3,1.934,1785,1.646,1196,1.491,18.49,1.919
1051,1.893,1735,1.823,1366,1.877,19.26,1.981
1135,1.353,1737,1.883,760.4,1.575,13.43,1.885
1286,1.235,1946,1.586,736.8,1.248,32.13,1.9
789,1.818,1956,1.661,699.5,1.689,24.28,1.719
1353,1.718,1666,1.924,1096,1.44,24.15,1.36
882.9,1.661,2050,1.575,772.3,1.408,44.99,1.837
871.6,1.796,2239,1.802,839,1.998,33.71,1.645
1072,1.734,1947,1.955,796.1,1.95,25.69,1.608
960.8,1.714,1004,1.443,656.7,1.891,30.03,1.479
763.5,1.643,1696,1.773,693.7,1.935,20.97,1.723
1077,1.65,1569,1.454,742.9,1.952,55.14,1.842
1097,1.957,1456,1.613,721.7,1.927,18.08,1.633
907,1.959,1095,1.346,1036,1.918,12.57,1.957
1229,1.955,1038,1.872,1053,1.836,38.94,1.5
1190,1.944,2128,1.533,775.6,1.864,26.84,1.823
1032,1.867,1544,1.366,850.8,1.826,42.58,1.871
842.3,1.739,1569,1.541,903.1,1.935,25.84,1.886
651,1.815,1368,1.596,848.8,1.766,33.75,1.921
747.3,1.972,2251,1.878,817.8,1.895,56.31,1.773
1096,1.954,1943,1.925,765.6,1.953,26.46,1.401
1089,1.772,1852,1.846,815.5,1.928,14.5,1.892
1088,1.89,2179,1.82,790.9,1.935,11.72,1.973
821.5,1.73,1607,1.823,730.2,1.954,20.3,1.738
1069,1.97,1360,1.428,792.5,1.856,35.26,1.537
1090,1.82,1636,1.67,730.9,1.797,38.12,1.397
1171,1.743,1801,1.769,931.8,1.92,23.08,1.671
705.9,1.71,1856,1.709,954.7,1.971,78.09,1.788
936.8,1.709,1674,1.792,764.7,1.722,43.11,1.984
655.6,1.871,1471,1.872,779.3,1.73,28.65,1.531
945.5,1.899,1849,1.785,742.7,1.976,27.56,1.345
1330,1.98,1720,1.903,822.1,1.843,24.68,1.374
746.7,1.638,1776,1.816,810.2,1.975,17.95,1.625
666.4,1.024,2423,1.855,849.1,1.874,16.76,1.978
1001,1.059,2459,1.801,853.2,1.749,39.09,1.549
709.8,1.936,1677,1.699,703.9,1.803,15.2,1.864
876.7,1.969,1431,1.942,734.3,1.999,26.59,1.697
989,1.905,1391,1.841,770.7,1.956,32.86,1.518
1047,1.873,1606,1.938,793.5,1.974,36.7,1.446
1035,1.979,1465,1.625,760.1,1.975,45.66,1.715
942.6,1.946,1457,1.911,837.1,1.926,23.72,1.433
1015,1.997,2096,1.726,820.2,1.976,49.99,1.428
1358,1.874,2009,1.972,716.2,1.83,24.66,1.618
1191,1.861,1813,1.902,755,1.998,13.42,1.943
1034,1.878,2020,1.702,863.1,1.888,46.85,1.831
960.6,1.912,1918,1.778,923.5,1.737,40.98,1.596
820.9,2,1938,1.985,801.4,1.899,41.26,1.4
1156,1.949,2060,1.94,864.8,1.786,14.71,1.731
868.4,1.899,2234,1.915,872.9,1.779,39.53,1.709
1053,1.964,1746,1.943,993,1.883,20.35,1.513
1195,1.813,1661,1.959,957.9,1.798,10.27,1.757
1005,1.964,2136,1.938,821.7,2,16.27,1.701
946,1.985,1946,1.818,661.5,1.951,26.8,1.878
1268,1.964,2092,1.775,675.6,1.927,35.46,1.556
1499,1.975,1648,1.663,734.5,1.999,57.91,1.885
1087,1.86,1825,1.857,688.4,1.997,32.64,1.363
857,1.643,1929,1.922,914,1.875,34.27,1.804
967.7,1.78,1555,1.988,974.1,1.345,42.85,1.851
1824,1.688,2046,1.731,981.7,1.381,20.35,1.572
1460,1.408,1818,1.884,685.3,1.868,13.99,1.611
1453,1.899,2014,1.725,699.1,1.898,35.77,1.116
1344,1.845,1950,1.838,741.6,1.914,20.01,1.73
1153,1.517,1900,1.936,713,1.991,17.09,1.544
1091,1.785,1973,1.508,737,1.735,35.56,1.396
939.8,1.728,1720,1.734,917,1.788,16.39,1.747
1053,1.958,1560,1.697,683.2,1.789,25.66,1.625
807.8,1.934,1796,1.987,723.5,1.886,17.71,1.811
850.8,1.734,1654,1.933,846.4,1.859,11.62,1.855
917.7,1.47,1764,1.935,844.8,1.976,18.52,1.819
1264,1.909,1919,1.866,826.5,1.97,25.86,1.405
953.1,1.764,1730,1.802,781.2,1.969,32.11,1.519
1422,1.989,1943,1.961,912.2,1.789,30.76,1.587
1121,1.823,1799,1.675,855.9,1.672,25.12,1.728
765.7,1.838,2041,1.869,813.7,1.834,24.13,1.21
766.8,1.88,1383,1.926,853.9,1.988,31.89,1.607
790.2,1.795,1556,1.841,1022,1.967,16.28,1.71
952.8,1.852,2031,1.737,718.6,1.878,19.28,1.906
1186,1.912,2112,1.958,735.1,1.926,70.73,1.673
1177,1.995,2165,1.872,828.8,1.677,30.21,1.384
976.8,1.931,1840,1.69,807.5,1.923,23.29,1.426
927.4,1.552,1806,1.746,666.5,1.903,37.16,1.27
953.2,1.708,1727,1.797,792.4,1.797,27.3,1.193
528.2,1.897,1711,1.56,779.2,1.693,19.34,1.891
887.2,1.581,1814,1.946,833.1,1.772,21.82,1.433
931.1,1.922,2386,1.971,963.4,1.988,55.31,1.872
959.5,1.932,1762,1.83,818.7,1.828,25.13,1.696
1028,1.995,1836,1.945,765.5,1.86,31.48,1.519
1170,1.607,1873,1.77,703.8,1.995,27.88,1.626
1405,1.9,2243,1.959,797.7,1.963,40.78,1.489
844.5,1.8,1917,1.93,566.4,1.84,28.49,1.641
1363,1.923,1965,1.868,609.5,1.977,21.34,1.491
1108,1.974,1879,1.958,598.3,1.883,21.26,1.831
1061,1.956,1882,1.925,771.1,1.932,27.63,1.469
1012,1.645,1779,1.843,815.4,1.78,28.16,1.563
977.9,1.728,1879,1.826,792.9,1.862,29.22,1.483
1017,1.826,1698,1.758,821.4,1.928,30.56,1.417
943.2,1.682,1847,1.499,899.8,1.954,21,1.613
792.1,1.854,1966,1.976,858.4,1.846,50.77,1.852
823.7,1.901,1964,1.974,772.3,1.987,24.63,1.518
907.5,1.895,1665,1.555,739.2,1.98,33.18,1.472
1049,1.705,1787,1.656,923.7,1.891,22.93,1.527
986.4,1.956,1956,1.822,901.1,1.941,25.08,1.355
1077,1.946,1922,1.846,936.4,1.981,23.55,1.63
754.8,1.914,1884,1.869,911.6,1.949,31.72,1.527
641.1,1.966,1933,1.765,884.2,1.73,39.26,1.502
1068,1.742,1686,1.678,803.9,1.957,30.87,1.851
1136,1.91,1709,1.955,859.6,1.997,28.76,1.665
1070,1.944,1866,1.982,773.4,1.954,30.41,1.522
937,1.87,1693,1.624,851.7,1.877,48.73,1.955
1086,1.93,1822,1.875,666.7,1.999,22.71,1.508
869.6,1.499,1612,1.699,850.7,1.865,78.57,1.981
634.7,1.771,1292,1.565,876.8,1.934,37.31,1.465
715.8,1.992,1280,1.429,730.1,1.951,16.16,1.986
811.1,1.865,1367,1.326,882.1,1.934,33.45,1.455
1004,1.803,2428,1.506,728.4,1.853,30.47,1.609
1272,1.947,1780,1.741,1071,1.959,27.66,1.368
749.5,1.994,1460,1.947,760.5,1.942,26.88,1.49
721.3,1.923,1434,1.905,857.3,1.92,26.09,1.889
813.7,1.628,1594,1.646,749.7,1.965,17.08,1.772
934.7,1.732,1640,1.839,684.3,1.991,31.36,1.684
768.6,1.63,1706,1.916,936.9,1.952,32.36,1.586
927.9,1.894,1784,1.983,879.9,1.738,25.35,1.352
921.3,1.939,1737,1.813,753.1,1.903,18.95,1.807
1056,1.793,1913,1.997,766.6,1.901,58.72,1.968
926.3,1.961,1959,1.886,782.3,1.853,17.1,1.647
1229,1.768,1724,1.856,835.3,2,38.95,1.48
1133,1.667,1814,1.982,860.6,1.85,37.68,1.246
893,1.936,1863,1.938,814.6,1.767,31.43,1.388
1335,1.841,1556,1.989,816.3,1.862,27.48,1.816
906.3,1.724,1838,1.954,726,1.986,28.98,1.206
1486,1.961,1975,1.994,725.8,1.86,22.46,1.426
696,1.875,1807,1.828,762.2,1.999,21.9,1.546
1102,1.8,1840,1.787,712.7,1.67,15.62,1.924
1113,1.923,1795,1.948,723.8,1.949,15.28,1.796
923.8,1.395,1736,1.865,831.4,1.889,43.37,1.338
957.1,1.789,1876,1.533,892.4,1.795,47.63,1.863
789.6,1.657,2485,1.714,919.3,1.805,31.11,1.248
802.5,1.66,2441,1.986,938,1.956,16.96,1.731
924.4,1.717,2426,1.92,607.1,1.93,25.59,1.712
1152,1.841,2336,1.5,782,1.993,21.15,1.96
1117,1.914,2001,1.853,799.2,1.884,21.74,1.501
1499,1.986,1738,1.874,969,1.886,29.35,1.957
673.4,1.901,1366,1.849,763.7,1.976,25.45,1.722
855.4,1.871,1564,1.955,695.5,1.885,37.59,1.58
825.9,1.998,2018,1.985,828.6,1.824,22.43,1.605
1436,1.287,1728,1.736,763.2,1.995,38.71,1.536
797.6,1.809,1188,1.6,804.8,1.794,46.49,1.728
850.2,1.896,1581,1.762,782.6,1.878,38.39,1.76
779.5,1.867,2070,1.831,779.3,1.908,46.36,1.981
1289,1.871,2207,1.896,728.5,1.944,39.65,1.986
950.1,1.301,2553,1.898,868.5,1.982,34.99,1.372
849.8,1.726,1503,1.602,739.9,1.952,17.09,1.689
1114,1.964,1703,1.733,612.8,1.993,16.52,1.631
1169,1.907,1747,1.635,752.4,1.877,22.46,1.648
935.9,1.809,1582,1.513,809.4,1.955,38.6,1.673
822.5,1.811,1497,1.64,881.5,1.908,11.91,1.785
912,1.952,1638,1.52,1010,1.773,21.75,1.998
1382,1.905,2331,1.784,943.1,1.828,19.58,1.809
1005,1.818,2029,1.912,875.8,1.891,29.35,1.957
1048,1.878,1790,1.989,907.4,1.956,24.16,1.422
902.9,1.147,1693,1.92,850.7,1.941,15.41,1.771
991.6,1.44,1732,1.946,1018,1.886,22.52,1.769
1161,1.381,1780,1.995,811.1,1.897,25.65,1.631
1052,1.656,1810,1.916,997.8,1.854,61.67,1.979
1146,1.696,1783,1.901,696.4,1.96,44.31,1.78
854.6,1.884,1484,1.739,861.1,1.962,22.09,1.409
1332,1.569,1717,1.946,930.3,1.939,34.19,1.625
1904,1.722,2037,1.903,868.9,1.993,21.11,1.784
1707,1.853,1684,1.88,835.4,1.946,19.99,1.78
852.6,1.915,1792,1.679,792.3,1.968,22.68,1.653
726.6,1.849,1943,1.786,715.2,1.841,24.75,1.482
946.6,1.918,1955,1.943,704.5,1.919,40.97,1.794
616.4,1.077,1261,1.967,933.8,1.958,22.17,1.318
1205,1.76,1627,1.903,808.8,1.949,41.38,1.702
659.6,1.942,2069,1.892,699.4,1.896,26.06,1.886
1606,1.835,1731,1.611,759.1,1.764,10.09,1.977
640.4,1.856,1997,1.638,720.1,1.952,21.78,1.471
783,1.58,1807,1.886,718.5,1.814,30.68,1.704
890.2,1.623,1989,1.789,864.8,1.514,44.39,1.84
966.9,1.698,2134,1.777,870.7,1.832,20.35,1.441
675.2,1.906,1835,1.931,839.3,1.903,35.21,1.669
867.7,1.965,1558,1.911,821.8,1.758,28.37,1.856
856.3,1.925,1802,1.909,760.9,1.858,30.97,1.603
726.4,1.961,1952,1.676,729.8,1.668,35.95,1.47
820.4,1.996,1392,1.758,844.6,1.813,57.02,1.67
798.3,1.971,1523,1.844,901.6,1.902,68.16,1.727
769.2,1.991,1725,1.782,868.4,1.99,20.65,1.587
937.1,1.87,1579,1.479,1025,1.99,34.23,1.647
690.9,1.888,2140,1.954,881.2,1.97,21.56,1.427
820.2,1.923,1670,1.862,813.9,1.943,23.05,1.452
884.9,1.709,1841,1.915,713.3,1.857,40.07,1.674
881.4,1.91,1940,1.775,709.4,1.911,31.16,1.669
970.6,1.975,1834,1.526,985.7,1.988,29.54,1.32
894.4,1.62,2088,1.573,830.7,1.988,18.66,1.762
999.5,1.929,1597,1.68,858.9,1.972,23.88,1.96
888,1.703,2256,1.735,871.4,1.898,53.52,1.857
1126,1.728,1355,1.458,712.9,1.991,36.44,1.307
895.3,1.442,1614,1.597,726.6,1.957,72.74,1.895
1365,1.876,1362,1.649,899.2,1.964,37.28,1.81
1272,1.666,1612,1.983,787.1,1.954,37.45,1.938
661.9,1.59,1471,1.877,835,1.979,20.61,1.676
647.8,1.714,1505,1.828,850.1,1.986,23.2,1.879
780.9,1.78,2121,1.388,807.9,1.963,33.46,1.637
609.1,1.921,1905,1.915,712.7,1.847,26.85,1.967
821,1.745,2094,1.938,748.7,1.81,46.19,1.746
1159,1.619,1810,1.882,992.2,1.928,44.39,1.665
1258,1.716,1736,1.832,815.6,1.851,24.24,1.597
837.5,1.612,1874,1.864,849.4,1.999,25.98,1.79
1074,1.609,1931,1.88,654.4,1.941,26.42,1.228
997.8,1.27,1942,1.89,677.4,1.992,40.75,1.747
1347,1.642,2162,1.985,748.5,1.778,21.56,1.388
1203,1.878,1775,1.721,714.1,1.781,21.21,1.713
1169,1.966,1731,1.941,839.6,1.847,20.74,1.637
698.9,1.808,1995,1.957,843.5,1.898,18.07,1.734
1005,1.98,1500,1.778,784.5,1.862,16.92,1.929
1020,1.801,2230,1.862,787.1,1.985,35.9,1.913
1062,1.899,1661,1.968,810.1,1.894,36.76,1.841
852.2,1.808,2096,1.883,903.3,1.877,22,1.542
976.6,1.402,1750,1.899,836,1.856,17.57,1.472
781.7,1.4,1474,1.899,930.9,1.948,30.91,1.331
1435,1.952,1809,1.63,782.2,1.823,25.01,1.288
1226,1.811,1805,1.924,991.9,1.783,54.01,1.67
882.6,1.677,1806,1.993,802.7,1.837,28.79,1.651
1188,1.459,1913,1.866,755.3,1.994,22.28,1.486
518.6,1.788,1709,1.621,802.3,1.635,15.4,1.807
508.1,1.878,1807,1.963,822.9,1.581,28.85,1.456
837.6,1.868,1785,1.808,655.9,1.892,41.31,1.645
979.6,1.577,1575,1.681,872.7,1.771,26.07,1.632
1067,1.872,1644,1.755,754.1,1.963,22.97,1.584
1493,1.578,1746,1.681,781.3,1.925,26.81,1.498
927.6,1.306,1558,1.383,709.5,1.986,31.42,1.447
771.2,1.66,1471,1.58,766.1,1.838,30.2,1.72
643.2,1.71,1518,1.438,848.9,1.876,22.97,1.63
692.2,1.943,1474,1.575,666.2,1.971,14.7,1.882
492.6,1.412,1929,1.988,794.8,1.806,17.7,1.578
569.5,1.525,1532,1.833,894.2,1.903,33.28,1.808
740.3,1.583,1404,1.391,802.5,1.969,21.58,1.922
837.3,1.727,1440,1.743,877.7,1.891,47.97,1.654
856.3,1.705,1953,1.622,751.3,1.957,33.69,1.905
896.8,1.482,1092,1.842,854.2,1.961,50.17,1.927
890.2,1.449,992.1,1.976,714.4,1.95,29.64,1.859
839.6,1.711,1504,1.296,689.8,1.976,43.78,1.737
1256,1.809,1796,1.608,888.7,1.649,44.4,1.386
738.7,1.887,1523,1.918,951.6,1.869,34.08,1.174
962.7,1.833,1925,1.717,949,1.892,28.64,1.484
916.1,1.8,2120,1.843,898.6,1.991,22.45,1.552
1456,1.447,1950,1.999,833.4,1.976,16.5,1.486
854.4,1.677,1887,1.853,932.6,1.836,37.74,1.885
1082,1.185,1867,1.964,931.9,1.823,58.98,1.748
529.3,1.212,1830,1.959,951.3,1.944,52.47,1.949
1286,1.862,1816,1.94,725.2,1.83,16.82,1.768
1156,1.759,1832,1.968,858.8,1.773,19.17,1.529
1116,1.785,1842,1.969,766.7,1.632,18.07,1.413
1072,1.641,1793,1.955,822.3,1.577,22.57,1.902
1446,1.982,1860,1.949,753.1,1.13,37.56,1.464
867,1.688,1873,1.847,820.9,1.922,15.3,1.946
1013,1.698,1904,1.883,739.8,1.987,21.56,1.448
847.1,1.352,1615,1.806,813.2,1.845,22.32,1.898
1007,1.769,1564,1.859,732,1.928,20.51,1.674
952.3,1.925,2151,1.979,696,1.963,45.59,1.725
1100,1.621,1799,1.845,753.7,1.994,18.55,1.544
1275,1.707,1289,1.746,725.6,1.907,29.31,1.472
1026,1.891,1687,1.739,817.2,1.857,28.01,1.544
1104,1.935,1509,1.542,810.6,1.85,16.97,1.898
959.8,1.905,1880,1.731,729.1,1.913,21.05,1.527
699.7,1.908,2276,1.935,836.2,1.941,23.24,1.932
898.5,1.826,2050,1.941,812.7,1.956,39.58,1.376
907.3,1.861,2160,1.948,916.3,1.914,29.31,1.594
1124,1.951,1535,1.846,743.2,1.928,40.98,1.438
1111,1.925,1745,1.774,777.8,1.764,15.92,1.352
913.2,1.958,1948,1.965,734.5,1.921,20.51,1.332
1077,1.647,1842,1.892,779.2,1.986,17.78,1.512
985.4,1.605,1715,1.992,869.1,1.865,17.58,1.664
1313,1.899,1755,1.819,876.5,1.817,19.53,1.967
679,1.499,1858,1.777,939.2,1.962,24.89,1.876
574.9,1.52,1703,1.847,790.3,1.963,37.29,1.558
1025,1.431,1720,1.918,780.9,1.899,35.73,1.624
732.5,1.83,2031,1.736,858.5,1.848,18.17,1.69
491.6,1.998,1843,1.618,815.2,1.806,21.47,1.558
845,1.7,2217,1.882,768.4,1.939,13.02,1.927
959.8,1.827,1468,1.959,860.4,1.94,30.24,1.648
791.4,1.656,1615,1.596,744.6,1.965,41.07,1.414
797.2,1.683,1831,1.779,815.5,1.861,35.43,1.729
1075,1.937,1845,1.527,957.1,1.936,32.5,1.662
890.8,1.715,1793,1.498,941.8,1.803,25.4,1.511
864.9,1.994,1712,1.421,827.7,1.853,35.2,1.374
1026,1.935,2018,1.689,996.3,1.924,41.93,1.363
858.1,1.822,1601,1.636,863.7,1.913,27.84,1.346
973.6,1.755,1691,1.659,744.4,1.728,24.85,1.671
1142,1.871,1840,1.999,746.5,1.748,27.49,1.832
1069,1.264,1741,1.982,1004,1.838,31.6,1.553
1029,1.946,1887,1.964,936.5,1.983,29.08,1.724
1084,1.96,1628,1.495,937,1.822,27.7,1.998
1075,1.646,2140,1.605,673.7,1.842,34.46,1.629
997.3,1.778,1917,1.826,878.6,1.916,31.3,1.846
1388,1.765,1923,1.603,757.6,1.961,26.7,1.206
673.5,1.361,1598,1.99,819.5,1.929,19.8,1.549
988.5,1.8,1623,1.839,797,1.877,12.58,1.792
1264,1.794,1428,1.758,740.9,1.939,15.27,1.846
1169,1.869,1568,1.611,749.8,1.871,20.44,1.807
751.4,1.993,1580,1.834,803.3,1.936,33.08,1.279
1003,1.885,1830,1.954,817.1,1.931,27.28,1.964
780.9,1.621,1939,1.972,709.1,1.98,23.17,1.915
824.9,1.548,1499,1.512,780.7,1.814,21.9,1.961
558.8,1.474,1603,1.739,774,1.773,19.7,1.748
1125,1.901,1969,1.922,966.3,1.914,63.32,1.945
963.7,1.92,1619,1.869,712.9,1.753,67.25,1.699
1005,1.35,1905,1.903,767.8,1.683,56.36,1.712
1057,1.824,1945,1.859,1011,1.879,26.97,1.425
1048,1.618,1329,1.762,867.3,1.98,53.67,1.64
1037,1.955,1465,1.796,720.6,1.939,28.18,1.519
1209,1.885,1902,1.876,832.1,1.802,27.77,1.684
1552,1.536,1929,1.976,796.3,1.955,47.92,1.738
767,1.504,1937,1.909,724.5,1.983,41.7,1.671
818.4,1.859,1734,1.912,726,1.964,25.31,1.396
873.5,1.724,1741,1.998,687.8,1.923,14.59,1.609
1119,1.515,1988,1.945,821.9,1.83,25.38,1.967
1403,1.788,1598,1.607,681.5,1.814,32.75,1.379
701.4,1.51,2310,1.97,871.6,1.976,17.49,1.818
1148,1.992,1649,1.492,842.3,1.927,39.74,1.89
577.3,1.371,1724,1.553,687.3,1.979,33.75,1.893
1282,1.961,1647,1.688,699.3,1.96,24.37,1.637
927.5,1.956,1438,1.961,718.6,1.923,19.12,1.774
1016,1.986,1332,1.681,787.2,1.994,44.77,1.507
984.8,1.988,1582,1.628,958.9,1.772,22.27,1.664
824.6,1.905,1795,1.766,734.7,1.903,18.03,1.567
794.2,1.97,1895,1.835,762.6,1.794,34.33,1.783
1067,1.784,1877,1.925,775.7,1.957,44.06,1.538
1067,1.864,1977,1.96,806.8,1.841,49,1.702
737.7,1.822,1756,1.877,643.7,1.629,37.35,1.391
868.9,1.812,1964,1.899,826.6,1.782,26.85,1.949
986.1,1.746,1859,1.993,707.7,1.842,16.12,1.723
1005,1.78,1675,1.768,816.4,1.542,58.47,1.805
954.9,1.827,2156,1.927,806.4,1.416,13.39,1.595
1146,1.831,1853,1.831,884.8,1.502,26.03,1.527
1169,1.983,1836,1.785,822.2,1.673,20.35,1.627
789.8,1.758,1461,1.976,764.5,1.816,15.88,1.831
939.6,1.94,1908,1.817,842.9,1.927,27.51,1.294
819.4,1.877,1884,1.816,826.5,1.99,48.02,1.302
940,1.971,1356,1.413,792.4,1.991,37.94,1.496
748.6,1.646,1894,1.712,799.4,1.979,20.3,1.614
726.9,1.614,1634,1.871,740.5,1.981,30.78,1.691
1179,1.798,1667,1.857,816.5,1.897,29.09,1.395
817.5,1.565,1799,1.991,755.7,1.959,42.06,1.924
1087,1.901,2111,1.978,715.2,1.853,20.67,1.776
965.6,1.903,1711,1.866,902.8,1.775,27,1.4
825,1.224,1843,1.917,818.5,1.896,56.93,1.899
1523,1.999,1649,1.808,795.9,1.922,55.79,1.602
1053,1.675,1693,1.916,781.3,1.964,29.54,1.6
1018,1.772,1770,1.932,795.1,1.941,25.41,1.439
861.7,1.593,1776,1.841,754.8,1.992,58.51,1.844
804.2,1.575,1874,1.873,669.1,1.948,24.38,1.671
1373,1.47,1863,1.849,684.7,1.918,19.44,1.352
946.9,1.996,1958,1.584,838.2,1.973,54.72,1.889
681.4,1.83,1618,1.759,770.2,1.99,25.56,1.563
1140,1.877,1884,1.655,837,1.871,31.68,1.703
1158,1.61,2099,1.873,615.8,1.961,25.68,1.632
1043,1.893,1815,1.984,639.8,1.95,51.33,1.459
986.7,1.753,2273,1.87,754.1,1.962,65.88,1.766
1066,1.845,1857,1.95,785.4,1.975,32.45,1.848
867.9,1.898,1805,1.646,707.6,1.68,25.28,1.672
607.1,1.971,1720,1.835,976.7,1.399,31.26,1.683
1010,1.873,1656,1.974,846.2,1.96,56.31,1.965
1138,1.895,1713,1.729,892.6,1.961,26.9,1.485
1054,1.988,1456,1.712,1221,1.392,27.62,1.276
1388,1.893,1732,1.881,1276,1.748,29.12,1.45
986.7,1.991,2086,1.863,968.9,1.824,27.24,1.435
940.1,1.618,1485,1.536,773.6,1.996,22.97,1.238
866.2,1.85,1469,1.863,770.4,1.992,12.05,1.872
818.8,1.984,1378,1.84,839.1,1.94,18.89,1.461
797.4,1.525,1371,1.815,808,1.952,39.09,1.504
1011,1.667,1913,1.966,700,1.949,63.25,1.859
1441,1.707,1854,1.943,779.3,1.932,22.89,1.76
1829,1.964,1795,1.832,833.6,1.977,44.52,1.871
644,1.968,1612,1.581,800.6,1.87,30.72,1.766
656.6,1.409,1959,1.991,833.4,1.973,19.8,1.783
882.9,1.855,1788,1.994,843.3,1.953,25.41,1.877
1502,1.834,1828,1.91,745.8,1.902,18.36,1.589
1135,1.922,1900,1.954,767.9,1.812,18.8,1.807
1134,1.975,1765,1.943,856.5,1.743,25.22,1.303
816.9,1.666,1822,1.801,986.1,1.951,38.14,1.586
856.2,1.901,1651,1.991,840.3,1.851,35.14,1.399
901.3,1.897,1776,1.554,972.8,1.934,22.3,1.662
802.8,1.931,2014,1.977,775.7,1.986,18.57,1.687
682.1,1.9,2063,1.949,776.1,1.828,22.36,1.901
556.9,1.579,1965,1.821,697.2,1.9,40.52,1.64
623.9,1.682,1896,1.763,762.8,1.984,42.84,1.42
900,1.448,1968,1.989,872.3,1.954,25.75,1.606
815.2,1.869,2052,1.995,769.4,1.806,22.74,1.434
943.7,1.892,1815,1.988,1005,1.839,40.32,1.253
865.4,1.91,1622,1.935,885.1,1.961,32.82,1.465
817.9,1.965,1834,1.911,769.7,1.996,30.25,1.765
751.1,1.989,1675,1.677,823.9,1.997,30.7,1.471
1127,1.747,1510,1.569,816.2,1.992,33.84,1.284
1166,1.694,1902,1.792,874.3,1.979,17.14,1.675
1385,1.645,1836,1.984,815.2,1.825,36.54,1.612
765.2,1.91,1954,1.923,802.2,1.863,35.09,1.618
880.9,1.964,1903,1.776,772.7,1.896,25.97,1.453
976.3,1.912,1553,1.517,892.7,1.637,17.66,1.734
958.4,1.976,2063,1.948,754.7,1.907,16.6,1.879
884.6,1.944,1396,1.877,759.9,1.924,16.16,1.861
849.2,1.847,1852,1.99,823.3,1.736,25.48,1.715
722.3,1.618,1831,1.92,793.4,1.935,28.47,1.666
1073,1.944,1929,1.986,693.8,1.742,33.18,1.865
970.7,1.837,1774,1.981,835.6,1.755,35.19,1.58
784.2,1.622,1827,1.956,657,1.948,18.28,1.705
662.3,1.61,1527,1.686,743.8,1.71,22.4,1.846
1036,1.996,1725,1.841,608.6,1.787,19.02,1.727
1138,1.915,2063,1.703,924.5,1.761,38.36,1.397
1018,1.903,1871,1.742,846.8,1.907,17.91,1.668
1157,1.964,1853,1.805,1004,1.822,19.92,1.535
915,1.749,1631,1.777,703.5,1.837,31.79,1.661
917.9,1.753,1938,1.84,856.9,1.83,59.81,1.991
1134,1.892,1731,1.922,784.8,1.783,29.93,1.478
989.3,1.67,2000,1.999,795.3,1.762,16.21,1.815
828.3,1.885,1947,1.922,977.2,1.984,19.3,1.877
870.1,1.927,1718,1.825,869,1.918,22.39,1.887
1045,1.768,2036,1.923,949.5,1.959,24.12,1.773
816.9,1.707,1601,1.917,878.1,1.744,30.86,1.867
837.2,1.829,1656,1.945,825.6,1.594,33.47,1.761
1076,1.897,1816,1.866,970.5,1.838,38.94,1.233
1092,1.941,1375,1.719,842.8,1.865,29.34,1.325
801.7,1.821,2064,1.812,919.5,1.931,27.95,1.373
774.2,1.708,1979,1.958,900.6,1.81,31.91,1.658
777.7,1.992,1881,1.993,968.2,1.885,24.96,1.421
847.8,1.923,1984,1.979,771.9,1.964,19.58,1.372
948.5,1.843,1917,1.989,1016,1.913,44.23,1.812
674.9,1.691,1868,1.745,720,1.895,50.34,1.81
817.6,1.796,1978,1.949,735.4,1.97,22.76,1.602
854.3,1.931,1785,1.74,775.6,1.92,21.3,1.486
982,1.589,1531,1.68,754.8,1.921,24.28,1.6
1255,1.913,2152,1.649,825,1.833,18.59,1.575
1016,1.771,1641,1.488,907.7,1.847,34.23,1.838
716.9,1.617,1447,1.516,659.7,1.871,36.89,1.459
1097,1.968,1732,1.873,966.5,1.682,37.16,1.851
878,1.91,1859,1.848,822.4,1.813,46,1.64
673.1,1.842,1804,1.976,681.1,1.88,65.13,1.948
1224,1.851,2172,1.798,797.8,1.697,32.51,1.92
1139,1.633,1956,1.965,793.7,1.682,34.24,1.838
615.7,1.392,1904,1.819,641.9,1.941,14.98,1.828
1026,1.574,2121,1.941,657.6,1.867,20.5,1.518
653.6,1.748,1973,1.839,834.4,1.765,19.53,1.624
829.7,1.748,1738,1.648,1141,1.662,31.14,1.592
1124,1.729,1518,1.805,1263,1.953,39.05,1.515
1089,1.682,1546,1.694,1260,1.927,21.12,1.333
961.2,1.825,1867,1.936,911.2,1.925,21.75,1.383
1231,1.897,1710,1.873,746,1.987,23.62,1.725
1148,1.987,1837,1.952,968.5,1.844,16.63,1.778
1338,1.593,1857,1.997,846.2,1.653,16.08,1.933
670.9,1.957,1813,1.974,866.2,1.704,21.54,1.932
1066,1.432,1705,1.913,905.2,1.978,30.42,1.832
851.2,1.652,1864,1.813,886.9,1.958,33.89,1.495
1004,1.824,1846,1.699,799.4,1.905,22.04,1.404
1009,1.863,2027,1.961,760,1.972,17.99,1.506
863.5,1.798,1704,1.988,816,1.981,26.6,1.582
716.5,1.854,1668,1.87,893.3,1.927,32.37,1.567
900.3,1.985,1823,1.932,797.8,1.958,19.01,1.797
877.5,1.704,1610,1.627,745.9,1.85,37.67,1.845
1078,1.849,1510,1.162,848,1.844,23.42,1.827
1238,1.955,1734,1.242,765.9,1.92,17.77,1.999
961.7,1.972,1255,1.122,845.5,1.899,20.69,1.404
1018,1.959,1268,1.719,713.7,1.904,22.98,1.474
873.9,1.909,1767,1.95,805.3,1.854,27.63,1.513
907.6,1.741,1675,1.739,659.8,1.972,15.61,1.859
877.2,1.433,1439,1.526,844.7,1.99,18.58,1.482
871.1,1.796,1676,1.623,917.3,1.726,10.04,1.829
945.8,1.75,1830,1.884,740.9,1.744,13.37,1.668
1211,1.481,2073,1.443,735.9,1.891,48.77,1.407
588,1.573,1843,1.925,876.2,1.869,30.04,1.353
1367,1.863,1656,1.92,963.8,1.953,25.15,1.402
839.6,1.973,1302,1.737,779.2,1.904,29.8,1.644
1158,1.462,1679,1.831,746.6,1.84,40.71,1.817
1309,1.932,1668,1.689,831,1.945,18.83,1.472
1055,1.847,1698,1.751,1005,1.907,17.95,1.471
1379,1.851,1743,1.976,835.6,1.885,32.8,1.542
1116,1.686,1768,1.958,709.6,1.982,20.9,1.652
1132,1.314,1445,1.88,917.2,1.837,16.74,1.715
784.3,1.663,1686,1.626,975.3,1.979,19.67,1.398
700.6,1.68,1440,1.869,847.7,1.661,29.83,1.957
885.5,1.603,1512,1.932,792,1.723,27.97,1.779
566.7,1.377,1942,1.511,768.9,1.984,26.22,1.341
941.9,1.352,2094,1.407,798.8,1.995,28.72,1.469
1009,1.932,1350,1.858,787.5,1.901,23.32,1.919
1274,1.796,1453,1.564,733.4,1.942,17.31,1.838
876.3,1.815,1630,1.366,846,1.789,30.29,1.544
1049,1.813,1482,1.708,999.1,1.799,50.19,1.684
1405,1.971,1340,1.628,854.9,1.806,19.55,1.822
1152,1.969,1805,1.961,700.7,1.694,31.43,1.579
776.8,1.985,1875,1.995,743.8,1.804,21.81,1.243
892.8,1.387,1999,1.994,824,1.908,49.4,1.538
739.4,1.81,1668,1.741,856.2,1.95,40.22,1.427
1050,1.354,1940,1.703,806.2,1.95,46.12,1.575
860.4,1.921,2115,1.696,768.9,1.946,41.83,1.921
1000,1.518,1602,1.65,936.2,1.547,21.18,1.363
806.2,1.682,2127,1.712,773.1,1.797,26.3,1.677
950,1.874,1909,1.92,801.2,1.806,18.21,1.618
1079,1.917,2021,1.864,884.7,1.786,17.2,1.857
1013,1.732,1648,1.864,811.4,1.823,44.33,1.361
962.1,1.993,2065,1.812,737.7,1.794,12.52,1.728
780,1.962,1591,1.945,729.5,1.889,30.5,1.692
781.9,1.995,1682,1.61,811,1.847,27.52,1.229
747.1,1.83,1805,1.946,983.9,1.875,39.91,1.558
1169,1.663,1777,1.93,689,1.996,40.13,1.605
911.5,1.787,1809,1.978,955.3,1.872,16.41,1.83
939.2,1.972,1651,1.887,956.2,1.998,21.71,1.745
1028,1.985,1752,1.441,850.1,1.944,14.35,1.991
963.7,1.935,1960,1.978,835.8,1.815,42.12,1.896
994,1.962,1961,1.82,737.8,1.897,19.53,1.593
755.8,1.783,1846,1.876,721.2,1.999,15.87,1.73
694.6,1.931,1777,1.947,747.7,1.918,14.92,1.67
639.4,1.681,2429,1.927,680.5,1.929,28.94,1.876
849.2,1.435,2095,1.919,776,1.974,19.72,1.686
802.9,1.017,1612,1.902,619,1.786,28.57,1.544
1160,1.945,1893,1.905,903.9,1.797,36.56,1.701
1285,1.986,1779,1.967,878,1.808,49.15,1.631
1197,1.676,1773,1.938,838.7,1.933,21.44,1.859
1242,1.73,1724,1.819,834.6,1.934,26.83,1.521
1268,1.63,2086,1.989,751,1.989,34.15,1.521
844.9,1.667,1919,1.874,779.5,1.908,17.97,1.559
625.2,1.829,1788,1.784,818,1.934,18.93,1.772
891.7,1.983,2015,1.616,799.5,1.777,17.81,1.766
870.8,1.944,1705,1.911,678.4,1.767,24.4,1.499
806.2,1.965,2021,1.753,693.1,1.735,33.94,1.618
680.7,1.696,2314,1.902,815.8,1.86,45.55,1.624
1105,1.913,1586,1.679,813.8,1.99,13.26,1.859
1026,1.959,1716,1.635,766.8,1.945,41.91,1.468
1323,1.947,1713,1.669,761.2,1.77,26.97,1.357
1105,1.825,1747,1.949,763.6,1.655,34.68,1.338
810,1.828,1826,1.956,839.1,1.789,37.38,1.623
949.4,1.883,1773,1.973,790.4,1.965,36.29,1.444
1348,1.665,1877,1.624,748.9,1.843,26.89,1.622
613.5,1.912,1931,1.936,739.5,1.972,12.46,1.98
619.7,1.896,1706,1.816,648.6,1.777,15.23,1.838
859.5,1.865,1794,1.845,817.5,1.561,25.48,1.593
978.1,1.956,1642,1.435,835.2,1.764,15.47,1.857
1062,1.763,2231,1.885,725.4,1.684,20.4,1.61
1028,1.838,2188,1.875,906.7,1.989,26.74,1.566
691,1.985,1337,1.799,725.8,1.926,52.46,1.643
865.2,1.845,1745,1.88,685.7,1.889,25.07,1.251
1144,1.946,1827,1.791,997.9,1.913,37.26,1.892
1035,1.997,2032,1.813,657.2,1.938,28.51,1.532
720.5,1.497,1940,1.977,661,1.842,14.3,1.702
1137,1.715,1682,1.994,808.2,1.899,25.16,1.228
1348,1.639,1778,1.97,789.5,1.725,42.47,1.708
667.3,1.676,1827,1.93,754.7,1.942,21.5,1.689
966.9,1.597,1949,1.992,850.3,1.853,36.29,1.462
978.8,1.986,2372,1.994,865.9,1.959,16.83,1.786
898.2,1.933,1826,1.906,841.7,1.859,35.23,1.564
934.6,1.772,2106,1.696,856.9,1.806,22.58,1.272
789.2,1.946,2031,1.877,858.1,1.972,17.44,1.741
837.3,1.821,1850,1.9,844.5,1.918,29.23,1.942
1140,1.784,1756,1.865,786.3,1.746,15.08,1.843
799.8,1.409,1947,1.971,836,1.985,19.32,1.82
1341,1.948,1816,1.999,924.1,1.946,18.73,1.773
1122,1.999,1929,1.792,891.6,1.661,37.84,1.989
997.2,1.964,1450,1.861,845.9,1.73,24.37,1.825
992.7,1.813,1512,1.664,712.8,1.929,18.79,1.926
930.2,1.854,1347,1.316,832.4,1.831,40.58,1.389
947.6,1.858,1465,1.929,827.4,1.597,15.92,1.914
1238,1.993,1896,1.814,710,1.892,15.6,1.591
759.5,1.907,1818,1.815,789.5,1.887,20.74,1.321
942.1,1.949,2022,1.508,797.7,1.938,36.92,1.625
1035,1.878,2028,1.816,721.5,1.915,44.61,1.779
1015,1.999,1845,1.914,813.8,1.954,14.93,1.859
1180,1.942,1783,1.86,822.5,1.821,12.4,1.771
1165,1.844,1332,1.982,758.2,1.985,32.42,1.626
878.5,1.83,2101,1.536,810.4,1.948,17.16,1.517
1236,1.941,2361,1.63,761.4,1.856,27.26,1.623
1127,1.903,1723,1.768,688.3,1.829,25.42,1.387
723.5,1.933,1682,1.797,777.2,1.951,14.93,1.927
1091,1.963,1423,1.917,754.4,1.99,35.22,1.581
943.8,1.762,1735,1.717,795.2,1.857,40.66,1.428
930.4,1.799,1598,1.95,795.4,1.935,24.9,1.391
930.3,1.634,1974,1.887,1068,1.688,26.74,1.745
1133,1.729,1590,1.427,909.5,1.534,34.34,1.572
1240,1.996,1916,1.681,762.4,1.741,18.5,1.557
1109,1.933,1590,1.759,675.5,1.828,17.35,1.917
1151,1.934,1449,1.807,772.1,1.827,40.46,1.674
925.1,1.996,1606,1.805,916.4,1.977,28,1.36
819.9,1.87,2093,1.941,786.8,1.97,23.87,1.542
954.3,1.905,1579,1.77,796.7,1.881,19.67,1.424
1065,1.983,1544,1.875,773.5,1.948,37.05,1.679
918.5,1.858,1865,1.952,755.2,1.982,31.44,1.444
997.6,1.96,1932,1.805,650.4,1.921,33.45,1.649
765.5,1.813,1808,1.99,776.8,1.712,44.33,1.707
1274,1.758,1651,1.923,929.5,1.823,22.82,1.608
1252,1.727,1913,1.902,893.1,1.82,21.41,1.953
731.2,1.488,2002,1.93,1057,1.915,12.96,1.995
1228,1.861,1871,1.904,1097,1.93,35.58,1.853
746.3,1.884,2144,1.913,795.4,1.936,29.82,1.556
779.1,1.73,1913,1.738,595.5,1.856,26.54,1.725
1324,1.826,1927,1.863,725.7,1.856,21.83,1.794
1261,1.514,1751,1.922,745.5,1.979,20.29,1.932
1203,1.515,2030,1.826,829.5,1.862,40.08,1.35
920.1,1.983,1613,1.97,848.3,1.746,17.68,1.562
1149,1.956,1619,1.91,727.7,1.954,27.63,1.821
706,1.836,2134,1.955,767.5,1.853,25.3,1.815
774.1,1.998,1666,1.923,978.8,1.953,26.57,1.616
803.4,1.441,1814,1.694,806.9,1.937,21.5,1.878
921.4,1.117,2026,1.956,783.2,1.962,31.87,1.69
1034,1.358,1892,1.746,831.9,1.903,26.17,1.28
613.2,1.451,1824,1.749,765,1.944,38.01,1.713
796.2,1.147,1572,1.789,865.1,1.665,18.06,1.504
1146,1.919,2150,1.453,971.7,1.738,27.88,1.205
894.6,1.956,1724,1.641,853,1.929,11.57,1.676
1057,1.932,1739,1.756,716.4,1.773,14.98,1.709
945,1.824,1692,1.823,731.7,1.997,29.57,1.527
903.9,1.934,1966,1.604,661.5,1.996,11.29,1.999
986.9,1.981,1940,1.98,727.4,1.887,24.16,1.364
986.8,1.986,1935,1.81,722.1,1.919,35.59,1.431
737.4,1.698,1641,1.771,841.4,1.884,32.36,1.765
972.8,1.904,1523,1.776,752.7,1.894,37.03,1.499
1248,1.867,1721,1.548,841.5,1.904,30.86,1.811
646.2,1.799,1912,1.835,729.9,1.851,21.61,1.84
1372,1.82,2067,1.939,956.6,1.945,37.95,1.519
873.2,1.952,1763,1.9,823.1,1.996,21.39,1.649
830,1.884,1902,1.816,825.8,1.93,33.43,1.542
802.8,1.653,1843,1.811,810.1,1.838,48.83,1.816
799.2,1.684,2025,1.829,875.6,1.908,72.2,1.888
980,1.828,2063,1.92,895,1.899,25.29,1.752
862.9,1.954,1741,1.977,912.1,1.868,19.91,1.507
1074,1.934,1566,1.804,838.4,1.927,18.93,1.636
1057,1.976,1583,1.853,945.4,1.983,19.35,1.401
985.6,1.892,1777,1.928,769.2,1.84,33.92,1.478
904.7,1.718,1753,1.781,750.7,1.964,41.44,1.785
1307,1.627,2191,1.47,846.6,1.842,33.94,1.359
968.6,1.511,1807,1.385,910.4,1.945,25.37,1.233
846.2,1.601,1469,1.915,842.1,1.987,27.55,1.312
724.1,1.688,2095,1.965,811,1.976,42.59,1.99
659.8,1.369,1671,1.731,806.2,1.932,15.62,1.774
738.7,1.469,1611,1.488,814.7,1.802,30.7,1.622
918.6,1.792,1979,1.827,767.3,1.781,24.19,1.228
1064,1.891,1862,1.877,764.5,1.761,11.98,1.969
923,1.631,2318,1.968,945,1.661,12.89,1.982
1299,1.697,1594,1.582,973.1,1.961,23.9,1.616
1061,1.646,1711,1.657,809.1,1.762,26.84,1.395
778.1,1.792,1752,1.646,810.9,1.819,27.8,1.577
1144,1.839,1720,1.74,722.3,1.903,40.33,1.547
1035,1.933,2141,1.954,820.2,1.786,33.82,1.731
1383,1.978,1894,1.486,772.3,1.793,41.58,1.853
632.8,1.851,2040,1.362,949,1.89,63.24,1.733
643.3,1.528,1613,1.795,844.4,1.839,44.9,1.303
956,1.612,1764,1.62,752.9,1.936,35.26,1.599
961,1.76,1866,1.986,843.7,1.826,52.1,1.929
754.1,1.816,1907,1.989,864.9,1.771,21.27,1.54
989.8,1.999,1908,1.817,771.7,1.699,38.42,1.576
972.5,1.461,1603,1.819,949.6,1.69,43.39,1.804
1369,1.992,1511,1.792,959,1.58,15.13,1.844
863.5,1.715,1848,1.869,1055,1.785,30.67,1.38
1219,1.513,2067,1.88,771.3,1.577,20.54,1.763
512.8,1.827,1973,1.96,996.3,1.732,39.73,1.629
620.2,1.84,1890,1.893,782.5,1.861,21.79,1.785
873.3,1.967,1708,1.805,1066,1.835,24.4,1.547
987.6,1.993,1750,1.99,839.1,1.992,13.45,1.893
652.2,1.966,1894,1.766,839.1,1.941,29.52,1.863
742,1.949,2077,1.973,941.7,1.946,39.92,1.975
666.4,1.801,1624,1.96,751.8,1.659,68.09,1.797
789,1.929,1001,1.86,917,1.553,46.74,1.471
891,1.895,1416,1.819,836.1,1.811,17.97,1.761
1130,1.791,1579,1.436,816.9,1.988,29.43,1.781
777.5,1.875,1921,1.251,824.9,1.956,20.36,1.413
822,1.554,2164,1.593,929.5,1.921,24.36,1.848
935.6,2,1711,1.95,843,1.965,41.48,1.722
757.5,1.856,1534,1.87,844.5,1.939,26.62,1.35
1063,1.908,1640,1.761,816.8,1.975,18.16,1.685
962.6,1.996,1729,1.435,817.8,1.985,17.87,1.726
953.9,1.976,2099,1.968,860.2,1.905,38.77,1.264
945.8,1.984,1930,1.644,797.2,1.874,37.85,1.279
1219,1.848,2059,1.913,810.2,1.507,26.83,1.227
1071,1.96,1948,1.988,842.1,1.533,19.68,1.681
970.8,1.673,1796,1.998,833.8,1.771,26.38,1.829
877.9,1.653,1538,1.734,797.5,1.677,59.22,1.959
954.9,1.552,2080,1.746,935.9,1.966,31.63,1.722
971.9,1.98,1874,1.322,871.8,1.895,36.85,1.548
1044,1.711,1742,1.971,831.4,1.714,37.74,1.917
977.8,1.912,1480,1.662,761.5,1.913,23.67,1.35
1249,1.67,1659,1.712,767.6,1.787,55.89,1.584
1100,1.547,2001,1.862,723.3,1.852,26.78,1.567
1079,1.715,1768,1.946,831.2,1.861,19.35,1.448
1079,2,2166,1.992,710.4,1.78,22.69,1.701
1120,1.834,1822,1.87,804.1,1.815,36.04,1.734
1145,1.619,1676,1.6,810.7,1.828,24.73,1.841
1227,1.641,1717,1.832,733,1.854,26.07,1.751
911.8,1.518,1715,1.965,869.6,1.818,53.67,1.834
511.6,1.485,2070,1.865,814,1.76,45.7,1.867
875.8,1.923,1935,1.965,736.9,1.713,41.65,1.922
640.7,1.846,1459,1.702,805.3,1.89,27.81,1.947
778.5,1.999,1803,1.726,856.4,1.892,28.72,1.812
1098,1.715,1732,1.469,727.8,1.935,21.24,1.634
1022,1.774,1641,1.771,806,1.999,24.05,1.846
787.9,1.757,1663,1.741,837.3,1.913,25.19,1.49
1039,1.871,1621,1.615,832.9,1.965,54.87,1.432
725.4,1.837,1638,1.715,897.8,1.782,13.92,1.879
1056,1.214,1680,1.466,765.9,1.941,20.08,1.348
1403,1.89,1788,1.882,702.1,1.841,20.92,1.431
1060,1.781,1679,1.872,842.8,1.772,14,1.952
1030,1.893,1710,1.869,1123,1.823,24.75,1.805
709.5,1.821,1848,1.7,762.6,1.933,52.63,1.984
917.2,1.867,1549,1.705,910.8,1.938,39.46,1.843
1025,1.889,2027,1.589,1011,1.756,24.37,1.31
1109,1.773,1979,1.9,945.1,1.941,31.49,1.696
1138,1.772,2128,1.954,874,1.871,39.64,1.507
742.9,1.909,2321,1.881,809.7,1.963,13.52,1.928
733,1.682,2523,1.634,701.9,1.888,17.63,1.542
813.5,1.948,1770,1.999,699.2,1.92,29.91,1.325
872.1,1.658,1674,1.826,804.5,1.986,30.14,1.549
833.4,1.836,1811,1.884,822.8,1.98,32.26,1.652
878.8,1.93,1844,1.75,740.6,1.713,19.33,1.486
1115,1.943,1715,1.697,777.2,1.943,17.17,1.596
1553,1.778,1564,1.916,829.5,1.831,37.83,1.808
1108,1.148,2048,1.868,766.7,1.921,46.06,1.549
548.6,1.036,1987,1.955,703.1,1.901,13.82,1.808
911.1,1.642,1965,1.924,856.9,1.534,33.26,1.716
765.8,1.796,1546,1.951,787.8,1.704,23.14,1.84
967.7,1.777,1659,1.957,923.9,1.824,39.06,1.334
934.3,1.77,1834,1.83,801.3,1.759,17.63,1.584
870,1.581,2038,1.861,796.4,1.769,12,1.62
989.6,1.132,2444,1.755,763.1,1.724,13.34,1.905
1115,1.711,2104,1.612,850.5,1.811,15.65,1.931
1124,1.406,1626,1.772,1062,1.676,27.55,1.14
994.2,1.57,1188,1.62,887,1.819,48.69,1.39
740.3,1.531,2257,1.959,879.6,1.729,47.67,1.744
915.4,1.896,2265,1.903,699.6,1.988,22.99,1.758
1292,1.547,1962,1.919,760.2,1.965,21.59,1.751
1419,1.913,1847,2,741.1,1.689,19.66,1.593
1012,1.593,1748,1.953,737.6,1.546,76.13,1.958
843.1,1.934,1921,1.401,1214,1.789,47.49,1.764
861.1,1.817,1417,1.464,925.4,1.969,35.04,1.801
1015,1.524,1379,1.677,1361,1.888,48.05,1.778
1041,1.799,1833,1.545,742.9,1.889,23.55,1.601
1219,1.935,1912,1.973,875.4,1.868,30.05,1.466
1561,1.511,1724,1.976,917.2,1.933,26.4,1.69
1220,1.992,1693,1.951,691.1,1.791,24.43,1.495
1089,1.992,1968,1.697,861,1.675,20.39,1.568
947.7,1.896,1587,1.961,716.5,1.802,17.13,1.986
1037,1.733,1692,1.951,801.6,1.681,14.83,1.49
876.4,1.98,1924,1.518,611.3,1.925,49.24,1.905
938.8,1.945,2043,1.686,737.7,1.989,29.14,1.858
990.6,1.94,1841,1.696,691.4,1.964,31.5,1.299
1154,1.976,1596,1.824,808.1,1.778,12.49,1.898
952.4,1.58,1809,1.992,758.5,1.899,14.89,1.922
1228,1.948,2123,1.958,777.5,1.931,24.59,1.822
1174,1.965,1601,1.94,944.5,1.786,33.24,1.627
1145,1.972,1707,1.938,939.4,1.915,52.46,1.98
807.6,1.753,1703,1.975,830.1,1.64,39.83,1.608
1010,1.316,1611,1.874,1085,1.965,27.92,1.167
1214,1.995,1323,1.873,976.6,1.962,26.12,1.465
941.8,1.39,1855,1.873,854.6,1.823,25.15,1.417
992.1,1.489,1910,1.909,802.3,1.978,45.2,1.727
1294,1.897,1965,1.996,854.6,1.998,34.3,1.619
944.1,1.985,1823,1.902,995.7,1.942,42.27,1.657
847.6,1.909,1472,1.734,909.3,1.838,94.53,1.962
1068,1.85,1233,1.899,789.4,1.979,26.18,1.235
853.8,1.744,1369,1.923,793.8,1.981,26.8,1.502
856.4,1.849,1989,1.933,756.4,1.884,21.12,1.6
893.2,1.64,1837,1.824,1025,1.656,18.6,1.574
977.1,1.692,1815,1.456,781.9,1.856,26.45,1.935
1077,1.588,1640,1.083,758,1.986,17.18,1.752
1032,1.624,1292,1.661,765.7,1.99,18.96,1.543
1030,1.702,1610,1.583,701.6,1.979,16.67,1.636
958.7,1.9,2083,1.587,831.4,1.955,27.77,1.812
717.7,1.796,2062,1.999,891.1,1.73,17,1.618
943.4,1.933,1808,1.918,639.9,1.951,48.63,1.91
800.5,1.878,1832,1.993,804,1.956,33.85,1.6
1095,1.669,1921,1.848,778.4,1.97,19.18,1.988
1036,1.893,1811,1.816,765.1,1.906,25.8,1.723
631,1.305,1760,1.866,790.9,1.943,27.38,1.716
1069,1.872,1790,1.911,635.6,1.792,28.26,1.491
928.1,1.774,1853,1.933,787.4,1.804,44.89,1.396
905.7,1.948,1755,1.787,999.5,1.932,22.39,1.805
1469,1.666,1693,1.901,821.9,1.983,26.13,1.408
982.9,1.564,1140,1.634,813.6,1.986,27.57,1.65
1102,1.855,2083,1.903,682.6,1.819,58.74,1.763
1014,1.825,1979,1.911,769,1.847,39,1.44
929.2,1.388,2052,1.966,791,1.994,27.59,1.423
812.3,1.592,1945,1.956,753.3,1.809,29.4,1.729
727.2,1.894,1791,1.66,842.4,1.97,36.55,1.699
905.1,1.574,1886,1.759,791.7,1.855,34.19,1.9
971.7,1.651,1827,1.666,858.1,1.909,37.5,1.652
576.8,1.911,1929,1.869,788.8,1.954,23.32,1.826
538,1.997,1595,1.94,943.1,1.963,29.26,1.567
1306,1.987,1880,1.969,732.3,1.975,25.24,1.412
1200,1.967,1779,1.984,782,1.996,20.76,1.701
768.4,1.794,1668,1.949,595.9,1.984,38.33,1.6
995.1,1.703,1599,1.886,567.2,1.93,27.5,1.675
740.3,1.803,2105,1.8,668.9,1.878,44.43,1.824
938.7,1.673,1781,1.914,649.4,1.914,23.84,1.513
710.3,1.942,1983,1.908,892.3,1.767,16.09,1.945
924.2,1.925,1854,1.992,787,1.983,22.74,1.538
1051,1.776,2129,1.707,668.9,1.886,12.89,1.736
1083,1.985,1367,1.612,793.9,1.82,16.25,1.751
881.6,1.902,1766,1.942,776.6,1.935,24.57,1.713
885.3,1.956,2173,1.305,760.4,1.95,36.31,1.423
1017,1.774,1658,1.455,771.1,1.999,16.52,1.881
1203,1.586,1505,1.91,668.8,1.988,40.4,1.668
840.7,1.839,2028,1.871,804.6,1.846,54.22,1.634
1114,1.752,1712,1.571,860.9,1.922,43.8,1.637
881.8,1.708,2241,1.853,782.6,1.967,16.58,1.563
1146,1.931,1931,1.739,813.3,1.97,37.47,1.741
1025,1.994,1779,1.739,863,1.824,44.73,1.931
1006,1.995,1719,1.712,859.5,1.809,23.34,1.797
907.7,1.817,1751,1.826,925,1.76,32.41,1.4
895.2,1.667,1907,1.897,763,1.991,13.69,1.891
844.4,1.808,1823,1.932,833.4,1.796,14.96,1.819
1001,1.843,1742,1.776,835.7,1.766,14.45,1.941
1344,1.936,1314,1.663,673.8,1.869,23.31,1.842
709.9,1.578,1977,1.956,920.1,1.885,22.84,1.865
848.8,1.975,1941,1.968,809.6,1.849,36.65,1.715
628.9,1.944,1885,1.956,801,1.955,34.01,1.56
1129,1.792,1960,1.958,716.7,1.948,37.12,1.603
912.3,1.407,1852,1.914,818.8,1.982,30.05,1.751
927.8,1.847,1996,1.902,900.3,1.813,19.52,1.535
503,1.968,2046,1.843,776.9,1.569,16.67,1.906
760.9,1.755,1835,1.908,776.3,1.794,26.59,1.549
863.9,1.852,1692,1.899,863.5,1.867,20.3,1.656
817.5,1.692,1779,1.956,763.2,1.978,21.34,1.73
761.9,1.712,1572,1.969,955.4,1.842,15.76,1.748
894,1.764,1483,1.806,928.5,1.874,23.47,1.94
982.8,1.952,1931,1.862,694.5,1.93,18.77,1.873
996,1.915,1828,1.67,852.3,1.994,30.8,1.581
1164,1.971,1291,1.538,974.7,1.538,57.6,1.85
986.4,1.803,1902,1.946,773.6,1.871,64.66,1.936
841.1,1.343,1875,1.816,724.4,1.629,45.1,1.795
810.9,1.824,2000,1.756,792.3,1.695,23.77,1.518
690.8,1.667,1723,1.922,882.3,1.811,31.33,1.389
1207,1.845,1773,1.913,838.2,1.954,22.42,1.722
1151,1.935,1661,1.951,920.1,1.945,55.19,1.808
882.6,1.915,1988,1.911,838.7,1.935,35.19,1.619
1094,1.906,1934,1.778,884.3,1.786,23.06,1.575
886.5,1.895,1419,1.624,873.8,1.658,15.93,1.546
767.8,1.995,1799,1.732,891.3,1.484,11.67,1.997
851.5,1.99,1675,1.723,856,1.692,11.33,1.862
741.8,0.9053,1583,1.689,919.9,1.729,39.98,1.606
712,1.239,1854,1.956,776.4,1.907,27.06,1.666
738.6,1.444,1659,1.889,979.9,1.965,37.13,1.364
1023,1.943,1791,1.754,930.4,1.999,23.27,1.704
1138,1.365,1570,1.947,799.5,1.977,56.32,1.858
913.7,1.652,1739,1.878,943.4,1.696,23.75,1.848
1084,1.738,1512,1.628,926.7,1.893,14.56,1.907
1110,1.711,1556,1.811,816.5,1.963,22.68,1.396
1278,1.439,1990,1.824,670.3,1.783,25.32,1.707
1083,1.565,1841,1.883,852.1,1.678,28.03,1.777
1015,1.917,1701,1.951,828.1,1.875,35.53,1.941
981.8,1.841,1650,1.458,859,1.817,60.77,1.971
1203,1.835,1769,1.45,860.6,1.969,34.88,1.808
1021,1.949,1760,1.771,720.3,1.845,33.09,1.458
1156,1.925,1413,1.427,919.8,1.992,21.5,1.852
1063,1.936,1737,1.867,1080,1.99,15.29,1.532
1001,1.972,1731,1.934,770.2,1.796,32.73,1.605
834.4,1.849,1862,1.992,738.7,1.99,18.79,1.732
1007,1.985,1826,1.812,716.5,1.962,23.4,1.406
1054,1.959,2045,1.769,736,1.751,35.53,1.178
915.2,1.998,1713,1.918,917.2,1.673,14.05,1.514
725.8,1.896,1638,1.866,737.3,1.668,27.6,1.568
800.6,1.825,1656,1.581,1131,1.806,34.34,1.557
1006,1.588,1268,1.593,1138,1.877,32.62,1.518
670,1.277,1569,1.917,1188,1.788,42.08,1.493
1647,1.635,1674,1.897,726.9,1.417,39.36,1.805
1012,1.775,1876,1.997,921.5,1.472,23.68,1.986
1081,1.519,1937,1.908,1038,1.955,25.61,1.862
964.6,1.786,1783,1.855,844.7,1.939,24.48,1.375
956.6,1.798,1594,1.716,811.4,1.896,52.98,1.74
817.4,1.843,1852,1.819,734.4,1.986,23.61,1.725
780.9,1.877,1839,1.783,696,1.948,25.65,1.445
1022,1.668,1715,1.945,877,1.359,31.84,1.745
885.1,1.045,1753,1.86,717.8,1.627,24.5,1.916
1104,1.254,1733,1.73,684.1,1.873,16.08,1.668
821.6,1.684,1866,1.934,655.7,1.941,17.78,1.939
961.9,1.784,1702,1.649,712.4,1.93,14.36,1.859
1016,1.588,2009,1.702,712.7,1.896,43.22,1.371
971.6,1.804,1539,1.276,907.9,1.83,48.83,1.447
885.8,1.736,2146,1.251,882.3,1.881,29.24,1.442
847,1.86,1707,1.905,888.3,1.998,34.56,1.637
1007,1.906,1861,1.96,803.3,1.911,18.92,1.889
965.9,1.46,2087,1.833,751.2,1.952,38.05,1.299
1058,1.662,1920,1.798,787,1.96,36.6,1.404
692,1.987,1725,1.945,717.2,1.925,34.79,1.533
1320,1.761,1766,1.964,735.5,1.859,33.54,1.126
881.7,1.803,1766,1.786,658.1,1.966,40.8,1.397
1050,1.802,1942,1.999,728.2,1.899,33.45,1.397
723.7,1.098,1721,1.979,722.8,1.874,14.35,1.776
1168,1.929,1754,1.977,737.7,1.944,13.18,1.645
1146,1.864,1839,1.909,813.6,1.961,39.85,1.821
828.6,1.914,1650,1.798,824.4,1.888,19.09,1.66
906.5,1.867,1481,1.855,810.2,1.871,22.03,1.607
1099,1.905,1425,1.979,776.7,1.904,40.06,1.619
779.3,1.876,1702,1.907,772.2,1.831,11.39,1.632
748.4,1.521,2148,1.855,776.2,1.776,34.49,1.218
618.6,1.801,1863,1.92,805.5,1.881,22.44,1.344
979.3,1.669,1795,1.987,855.8,1.889,18.22,1.992
742.1,1.666,1821,1.939,801.9,1.998,16.51,1.869
1024,1.837,2020,1.885,760.8,1.885,21.32,1.61
952.9,1.736,1852,1.925,626,1.775,23.69,1.586
720.3,1.296,1847,1.717,745.3,1.732,32.37,1.48
974,1.985,1484,1.887,720.8,1.915,22.78,1.391
1071,1.989,1583,1.899,734.2,1.744,21.65,1.417
618.7,1.732,1874,1.986,825.2,1.987,16.33,1.522
776.1,1.845,1667,1.831,814.9,1.948,33.12,1.852
870.2,1.936,1825,1.985,916.9,1.799,30.11,1.493
1226,1.519,1457,1.488,821.1,1.798,27.86,1.661
1101,1.281,2025,1.675,660.3,1.965,37.15,1.876
983.9,1.989,1862,1.803,790.9,1.983,39.46,1.85
900.3,1.638,1528,1.815,792.8,1.939,30.98,1.965
842,1.614,1679,1.865,801.3,1.896,20.99,1.399
1202,1.834,2086,1.614,769.4,1.914,18.53,1.964
952.2,1.983,1633,1.887,763.5,1.828,26.19,1.919
1101,1.736,1864,1.92,878.6,1.75,29.46,1.6
1140,1.595,2098,1.899,967.1,1.868,30.51,1.851
1071,1.337,1684,1.739,753.4,1.983,22.56,1.797
