ICaL_IC50,ICaL_h,INa_IC50,INa_h,INaL_IC50,INaL_h
11160,1.089,3968,1.249,1200,1.245
13310,1.649,4150,1.269,1059,1.048
11670,1.061,4028,1.29,1117,1.01
14070,1.396,4054,1.266,1208,1.245
10580,1.073,3980,1.212,903.4,1.019
13940,1.041,4085,1.265,1009,1.061
13270,1.096,3902,1.274,958,0.9781
12790,1.51,4234,1.222,866.6,0.7795
14970,1.222,3904,1.18,858.8,0.9051
15010,1.182,4250,1.23,1311,1.222
13990,1.438,3899,1.181,1108,1.069
10800,1.091,3967,1.193,1186,0.9578
10950,0.9331,3682,1.245,954,1.049
12560,1.37,3632,1.322,933.4,0.9081
12840,1.141,4037,1.233,1241,1.189
12470,1.337,3863,1.312,1067,1.166
13250,1.237,4294,1.172,872.7,1.036
13110,1.415,3941,1.317,816.9,0.8626
15980,1.435,4022,1.267,951.7,0.9737
11990,1.211,4247,1.227,1188,1.155
13330,1.532,4326,1.224,939.1,1.077
13700,1.097,4091,1.262,1085,1.101
15710,1.134,3930,1.257,957.3,1.049
13880,1.617,4277,1.114,1108,0.991
13270,1.406,3945,1.277,1197,1.12
14480,1.386,3853,1.379,1310,1.112
11730,1.434,3982,1.411,1048,1.084
12950,1.157,4012,1.268,1101,0.998
12710,1.259,3999,1.286,892.1,1.001
14040,1.012,4002,1.289,1272,1.11
12070,1.081,4039,1.27,1098,1.077
15500,1.252,3833,1.183,1435,1.018
13020,1.501,4226,1.249,1041,1.144
13160,1.127,4104,1.239,956.5,1.005
13640,1.128,3827,1.324,1111,0.8589
13130,1.157,3769,1.355,1107,1.223
13280,1.332,3626,1.301,1044,0.9408
14410,1.14,3856,1.28,1123,1.045
15540,1.54,4200,1.241,1380,1.254
13130,1.712,4069,1.21,943.5,0.9904
15530,1.783,3861,1.281,1040,0.9318
12330,1.389,4240,1.315,1184,1.019
13710,1.083,3966,1.214,1142,1.06
13840,1.31,3706,1.22,1202,1.072
12710,1.239,4018,1.272,925,1.306
14620,0.9646,4064,1.173,1069,1.126
14960,1.214,4248,1.261,1032,1.037
15620,1.41,3947,1.252,1091,1.103
15090,1.119,3735,1.309,1279,1.211
12530,1.154,3974,1.316,994.9,1.233
12880,1.04,4003,1.248,1134,1.299
11200,1.156,4141,1.213,1048,0.9508
14450,1.376,4105,1.204,1131,1.045
13710,1.255,3895,1.361,1159,0.9497
12890,1.733,4182,1.339,1279,1.167
13240,1.134,3971,1.292,1157,1.03
13950,1.269,3745,1.352,1094,0.9951
15380,1.687,4279,1.212,1056,1.083
11910,1.269,3976,1.274,1260,1.218
14480,1.448,3998,1.228,1219,1.11
14360,1.299,4122,1.166,1205,1.088
13160,1.391,4133,1.324,849.7,1.003
12470,1.371,4053,1.205,1003,0.9976
12300,1.559,4032,1.22,879.5,0.9086
13780,1.201,4205,1.333,799,1.061
14450,1.11,3943,1.234,1103,1.061
11750,0.928,4084,1.304,1241,0.9308
13710,1.312,4218,1.214,1173,0.892
12650,1.315,4046,1.174,1243,1.299
15290,0.9352,4144,1.293,1135,1.004
15700,1.297,3798,1.161,1151,1.193
12810,1.097,3807,1.323,1144,1.164
14520,0.9508,4031,1.244,1270,1.203
12880,1.391,4132,1.238,1222,1.284
14940,1.199,3912,1.215,1005,1.162
14610,1.316,3852,1.307,1007,0.8936
14140,1.21,3748,1.309,1011,0.9683
14340,1.354,4063,1.299,1207,0.9224
15510,1.94,4159,1.211,1109,1.031
14340,1.193,3979,1.177,872.5,1.026
12900,1.309,3815,1.323,963.5,1.084
13240,1.457,3887,1.315,1002,1.014
14130,1.422,4110,1.176,1042,1.139
13620,1.547,3998,1.327,893.9,0.9358
13490,1.353,4221,1.253,793,0.8055
15660,1.358,4037,1.239,1295,1.416
14750,1.415,3844,1.33,1216,1.037
13390,0.9611,4072,1.238,1497,1.537
15360,1.076,3888,1.197,1419,1.784
16700,1.414,3747,1.261,1211,1.877
16990,1.71,3970,1.257,1178,1.594
14470,1.863,3913,1.29,1491,1.412
13220,1.169,3990,1.281,1284,1.634
14760,1.076,4286,1.31,1355,1.387
15150,0.8804,4003,1.264,960.1,1.065
13490,1.187,4000,1.261,890.1,0.8909
15350,1.493,4506,1.211,957.4,1.016
13270,1.287,3688,1.414,989.1,1.01
13690,1.47,4083,1.326,925.7,0.9954
12270,1.363,3769,1.313,1302,0.9796
16100,1.556,4223,1.204,963.1,1.095
12400,1.103,3914,1.254,933,1.165
12490,1.096,4047,1.244,853.5,0.9542
14610,1.523,4103,1.25,876.3,0.9515
14710,1.538,4041,1.165,877.2,0.8954
12600,1.722,3847,1.154,1147,1.042
11340,1.338,3978,1.218,896.1,1.088
12520,0.98,3969,1.271,1116,0.8698
14440,1.236,3786,1.204,864.7,0.8724
14110,1.356,3978,1.309,1167,1.055
12450,1.186,3903,1.334,984.4,0.8781
13640,0.9163,3954,1.229,849.9,1.066
16330,1.172,3901,1.251,1325,1.486
14960,1.292,4040,1.251,1144,1.325
16480,1.597,3982,1.252,929.2,1.308
12490,1.462,3800,1.311,1158,1.121
16710,1.06,3829,1.259,1173,1.082
14270,1.215,4151,1.3,1382,1.055
11560,1.088,4021,1.205,1180,1.047
12520,1.125,3824,1.197,1463,1.061
14350,1.251,3822,1.203,1343,1.084
15390,1.251,4059,1.352,955.2,0.9733
11830,1.171,3986,1.243,1170,1.186
10560,1.069,3944,1.253,1132,1.262
15710,1.007,3779,1.23,1216,0.9149
13160,0.9004,4328,1.285,1222,1.073
12780,1.548,3814,1.249,1017,1.138
15550,1.361,4186,1.292,1118,1.11
14060,1.031,4034,1.295,1210,1.081
14040,1.216,4169,1.269,1150,1.142
13410,1.075,3978,1.3,1084,1.11
11920,1.234,4234,1.348,880.6,0.8551
11980,1.097,3847,1.242,1089,1.139
13870,0.9785,3763,1.15,785,1.054
10910,1.332,4308,1.176,912.9,1.12
12870,1.215,4072,1.23,1175,1.333
13430,1.134,4177,1.327,1068,0.9517
13630,1.777,4058,1.222,962.3,1.111
15570,1.599,4065,1.201,957.2,1.222
13480,1.179,3844,1.306,1180,1.001
15230,1.541,3914,1.265,1055,1.046
12590,1.31,4007,1.282,896.4,1.028
15880,1.316,4065,1.256,991,1.035
13920,1.491,3962,1.359,986.3,0.9875
10320,1.155,3623,1.358,1156,1.083
15230,1.685,3944,1.407,1222,0.9138
12530,1.242,3937,1.292,1317,1.526
11490,0.9839,3878,1.307,1488,1.715
11030,1.416,3926,1.31,1074,1.022
14780,1.909,3719,1.389,981.8,1.08
15370,1.599,4093,1.227,1231,1.364
12470,1.118,3987,1.315,1261,1.389
14010,1.118,3852,1.258,1171,1.013
13900,0.998,3921,1.313,1221,1.106
12070,1.314,3832,1.398,1022,1.018
10670,1.061,3829,1.323,1246,0.9106
12790,1.465,3919,1.279,980.4,0.9801
13440,1.275,3873,1.292,936.8,0.954
13420,1.244,4115,1.315,1058,1.051
13440,1.689,4089,1.268,1226,0.9311
15730,1.308,4170,1.287,1146,1.011
12180,1.624,4192,1.244,1070,0.9969
13860,1.24,4058,1.307,959.1,1.043
12900,1.436,4211,1.307,1037,1.156
12290,1.553,3862,1.247,1224,1.141
12690,1.353,3818,1.227,1058,1.127
14220,1.579,4109,1.299,1162,1.012
14640,1.02,4375,1.178,1131,1.086
14570,1.075,3858,1.232,1026,0.9653
12690,1.027,3734,1.284,1275,1.148
11900,1.16,3825,1.332,1427,1.255
13450,1.453,4081,1.309,1240,1.111
14400,1.033,4243,1.273,792.1,0.7787
13170,1.105,3998,1.194,1079,0.9728
11650,1.022,3934,1.321,1117,1.098
13480,1.233,4296,1.219,1033,1.153
14430,1.004,4128,1.218,1221,0.9895
13160,1.549,3988,1.256,1275,1.414
14020,1.62,3820,1.247,789.6,1
12690,1.221,4169,1.272,1358,1.316
14570,1.638,3696,1.362,1305,1.395
11480,1.291,3818,1.237,1097,1.175
15270,0.8948,3810,1.361,1301,1.33
13910,1.074,3600,1.343,1056,0.9237
12780,1.262,4245,1.321,900.3,1.032
13390,1.327,4334,1.343,1009,1.012
13350,1.359,4263,1.308,921.6,0.9792
12640,0.9793,3929,1.281,959.4,0.9154
13430,1.098,4321,1.194,1215,1.057
13660,1.311,4140,1.209,1126,1.081
12260,1.104,4015,1.32,1036,1.018
12610,1.056,3917,1.251,1112,1.149
12000,1.254,4166,1.249,1336,1.452
11280,1.229,3869,1.21,1158,1
14830,1.545,3719,1.242,1132,0.8998
13470,1.33,3951,1.233,1304,1.195
15900,0.9847,4003,1.315,1086,0.9452
12940,1.519,4011,1.221,1133,1.185
13770,1.151,4111,1.208,1049,1.013
16600,1.441,3849,1.224,1059,1.164
12100,1.101,4041,1.243,1101,1.19
14320,1.351,4391,1.097,1063,1.133
11440,1.337,4372,1.219,1442,1.65
13390,1.319,4231,1.31,1403,1.287
13940,1.254,3689,1.318,1146,1.112
11540,1.203,4235,1.296,925.5,1.123
12980,1.639,3886,1.257,1105,1.062
11530,1.223,3806,1.252,1091,1.079
13320,1.357,3806,1.198,949.3,0.824
11330,1.076,3953,1.287,1291,1.216
13430,0.9649,3823,1.243,923.5,0.8705
14250,1.368,4004,1.216,1098,1.202
16660,1.126,4282,1.256,844.8,0.9425
12320,1.233,3852,1.34,984,1.19
12700,1.196,4139,1.277,1095,0.9675
15440,1.531,3902,1.275,1061,1.093
12860,1.273,3709,1.215,1189,1.301
14960,1.603,3939,1.205,1269,1.617
12980,1.233,3968,1.262,1467,1.83
11970,1.205,3713,1.313,1472,1.798
13720,1.372,3935,1.324,1033,0.9703
12400,1.458,4307,1.216,1211,0.9893
13860,1.229,3938,1.258,1020,1.074
12850,0.9807,3981,1.258,962.1,1.01
13070,0.8842,4078,1.274,1153,1.043
12810,1.525,3939,1.323,1233,1.317
11540,1.252,4039,1.337,1072,1.067
12670,1.222,3767,1.322,1345,1.276
13450,1.154,3718,1.249,945,0.892
16260,1.953,3998,1.263,769.9,0.9632
17820,1.293,3929,1.268,1065,1.157
14070,1.103,4040,1.24,1149,1.003
13590,1.296,4075,1.253,1080,0.9573
12690,1.289,3960,1.285,1005,0.9447
13240,1.41,4287,1.277,999.6,0.9612
11800,1.187,3887,1.23,1024,1.044
12170,1.104,3904,1.315,1226,1.08
13460,1.691,3799,1.23,1167,1.352
16120,1.659,3792,1.216,1407,1.164
13990,1.638,4155,1.197,1210,1.417
12890,1.018,4233,1.246,1091,0.9971
16190,1.261,3836,1.25,917.4,1.075
14120,1.941,3973,1.254,1048,1.043
16260,1.446,4263,1.27,1057,1.192
13890,1.246,3965,1.299,1164,1.262
15310,1.092,4087,1.291,1195,1.21
11910,1.408,3909,1.214,1274,0.8506
12720,1.334,4175,1.269,870.7,1.081
15700,1.239,4046,1.207,1147,0.8997
12680,1.027,4087,1.357,1046,1.081
14650,1.509,3799,1.22,1096,1.009
13780,1.55,4008,1.219,1201,1.023
15020,1.647,3628,1.234,940.2,1.022
14330,0.9909,4135,1.217,991.5,1.03
16720,1.279,4042,1.291,1031,0.955
12730,1.698,4239,1.251,1126,0.9438
14760,1.784,3847,1.265,1158,1.102
15380,1.403,4357,1.143,1054,1.079
15420,1.631,4213,1.318,1311,1.33
12700,1.177,3976,1.312,1184,1.031
13090,1.519,4032,1.3,1180,1.072
13920,1.441,4209,1.228,1231,1.351
14680,1.29,4105,1.233,1084,1.044
13720,1.151,3884,1.257,1236,1.303
14060,1.731,3885,1.199,967.8,0.8504
13280,1.179,4312,1.249,1207,1.002
13580,1.31,4008,1.264,985.2,0.8937
16380,1.196,4166,1.301,931.7,0.9155
16630,1.482,4223,1.255,1102,1.1
14360,1.835,4041,1.156,1290,1.679
15740,1.56,4242,1.194,1260,1.016
14250,1.412,4188,1.21,1378,0.9688
15460,1.522,3927,1.314,1261,1.086
15520,1.53,3942,1.283,1217,1.052
12590,1.39,4047,1.3,937.1,1.102
12410,1.467,4100,1.312,1155,1.356
13980,1.31,3791,1.184,1048,1.136
13450,1.282,3804,1.25,1179,1.098
11250,1.164,3863,1.276,956.1,0.9388
12490,1.521,4388,1.295,1073,1.118
15170,1.892,4165,1.386,882.4,1.017
14690,0.9884,3829,1.433,927.5,1.07
11350,1.242,3912,1.266,1243,1.222
12570,1.205,4013,1.31,1199,0.9173
12740,1.206,3878,1.191,1172,1.12
15220,0.9631,4168,1.259,1039,0.9503
19740,1.058,4345,1.226,1031,1.032
14390,1.383,4088,1.248,940.5,1.067
12670,1.246,3956,1.244,1057,1.065
13470,1.543,3998,1.217,1266,1.161
15300,1.515,4068,1.178,1215,1.078
15890,1.6,4082,1.261,1250,1.091
14480,0.9755,4109,1.188,1135,0.923
15320,1.576,4403,1.179,993.6,1.118
15800,1.181,4068,1.247,1037,1.041
13660,1.556,4053,1.29,992.4,1.098
11300,1.301,4230,1.334,1031,0.8129
13900,1.573,4148,1.29,1103,0.9751
12910,1.131,4011,1.243,1034,0.8439
10990,1.245,4122,1.225,794.1,0.8291
12900,1.294,3804,1.263,1039,1.018
13080,1.018,3893,1.281,1111,1.296
15510,1.113,4323,1.231,1490,1.778
12680,1.162,4383,1.297,937,0.9611
12960,1.191,4527,1.191,1056,0.9756
14380,1.13,3907,1.229,1038,1.134
14300,1.362,4171,1.191,1112,0.9525
13580,1.739,4072,1.299,1158,1.206
13800,1.484,4028,1.259,1084,1.055
13450,1.171,4004,1.268,838.7,0.934
16680,1.466,3871,1.287,909.7,1.05
14500,1.544,3774,1.273,1094,0.9814
12970,1.357,3769,1.356,1292,1.234
14500,1.073,3898,1.312,1195,1.113
15160,1.798,3982,1.229,1112,0.9776
13290,1.482,4093,1.281,959.9,1.293
14140,1.44,3871,1.259,927.1,0.9411
13120,1.142,3859,1.232,1014,1.027
12980,1.097,4086,1.222,886.3,0.9699
12920,0.9874,3998,1.202,1238,1.174
12990,1.225,3826,1.289,1225,1.499
13470,1.073,3962,1.31,1111,1.41
13600,1.036,3804,1.227,838.8,0.9472
12090,1.331,4125,1.325,987.9,1.014
12760,1.094,3683,1.313,1521,1.298
11790,1.725,3886,1.342,1336,1.14
13500,0.9762,4190,1.241,1042,1.022
12930,1.299,4062,1.186,824.4,0.9665
15430,1.095,3963,1.188,1093,1.244
14100,1.073,4196,1.312,1192,1.176
17040,1.103,3960,1.248,1075,1.106
13290,1.077,4193,1.267,1143,0.9663
15690,0.9835,4150,1.174,1106,1.041
13990,0.9018,3745,1.316,1226,1.073
11970,1.001,4108,1.236,1042,0.9759
13420,1.137,4019,1.293,1116,1.103
12920,0.9411,3734,1.243,1043,1.025
12960,1.113,3966,1.372,1072,0.9646
11220,1.129,4062,1.287,992.1,0.9128
13480,1.658,4028,1.197,1317,1.113
13860,0.9772,4035,1.189,1097,1.057
10880,0.9669,3703,1.243,827.3,1.033
15940,1.796,4426,1.256,818.4,0.9908
13990,1.43,3876,1.297,1076,1.227
11360,1.426,3934,1.303,1156,1.188
11160,0.9515,3803,1.289,1155,0.9107
15360,1.142,4193,1.219,1247,0.9561
13840,1.492,4138,1.221,1169,1.255
14160,1.327,4274,1.217,1055,0.7977
11420,1.097,4473,1.221,1057,0.9546
11190,1.226,4232,1.26,1217,1.122
12010,1.275,3961,1.221,982.5,0.928
13330,1.062,3824,1.275,1050,1.058
15880,1.119,4021,1.246,1102,1.102
14420,0.9626,3859,1.335,1165,1.246
12750,1.014,4015,1.312,1250,1.16
17130,1.45,3609,1.3,1070,1.075
14680,1.768,3446,1.327,1083,1.029
13200,1.148,3693,1.405,1002,1.006
14470,1.247,3858,1.319,1045,1.147
17710,1.392,3930,1.173,1062,1.204
14590,1.742,3864,1.203,875,1.069
15270,1.069,3894,1.229,1029,0.8894
15750,1.123,3917,1.171,939.5,0.9633
18840,1.112,3975,1.287,1355,1.082
15320,1.083,3995,1.299,1101,0.9809
15930,1.074,4174,1.236,1098,0.9835
14680,1.418,4057,1.222,1147,1.097
13720,1.247,3869,1.335,939.8,0.9995
14750,1.261,3975,1.299,1011,1.036
14850,1.37,4281,1.25,1060,0.8598
14760,1.377,3931,1.32,1204,0.9781
14540,1.206,4035,1.278,1143,1.194
13180,1.321,4062,1.224,1248,1.066
13250,1.224,4280,1.294,1305,1.086
14460,1.269,4106,1.28,1032,1.21
14520,1.174,4211,1.359,1079,1.088
13170,1.402,3920,1.357,968.7,0.9241
15080,1.367,3756,1.268,991.3,0.8908
13630,1.139,4060,1.29,1239,1.237
12420,0.9654,3885,1.286,1092,1.086
13940,1.011,3774,1.287,895.2,0.8295
13280,1.062,4175,1.217,1002,0.9239
15590,1.073,4151,1.215,1210,1.189
13000,1.485,4130,1.302,884.3,0.8869
13030,1.071,4571,1.263,861.8,0.8338
12610,1.427,4038,1.227,1182,1.272
12830,1.086,4044,1.218,1102,1.136
10960,1.398,4161,1.27,1142,0.9173
15780,1.148,4023,1.277,1134,1.056
13680,1.142,4082,1.271,1331,0.994
12290,1,3842,1.193,1336,1.508
13110,1.043,4146,1.342,1264,1.219
12020,1.38,3799,1.234,1132,1.057
13340,1.174,3953,1.263,1088,1.093
14800,0.9771,4228,1.204,962.3,1.224
14400,1.126,3973,1.247,934.1,1.262
13420,1.034,3770,1.263,1022,0.9821
14650,1.446,4019,1.294,1152,0.9887
15520,1.611,3701,1.302,740.4,0.9055
14750,1.333,3715,1.255,1042,1.14
12930,1.255,4067,1.264,1251,0.8949
13020,1.37,4040,1.209,1044,1.113
10920,1.202,4057,1.236,981.8,0.9673
13180,1.403,4194,1.189,1115,1.043
12660,1.41,4052,1.249,1033,1.051
16390,1.661,4170,1.207,1428,1.061
15100,1.416,4043,1.234,1226,0.9877
14060,1.796,3745,1.196,1380,1.136
14190,1.322,4014,1.238,988.2,0.909
13970,1.441,4177,1.158,1196,1.181
13770,1.417,4078,1.192,1089,1.071
14050,1.344,4095,1.279,1191,0.9828
13040,1.303,3949,1.205,995.4,1.046
13410,1.414,4238,1.228,820.3,0.9344
14180,1.285,4289,1.306,1138,1.098
11840,1.136,4147,1.257,981.9,0.9391
13240,1.274,3655,1.301,985.2,0.9551
13380,1.239,3805,1.26,1233,1.153
12000,1.263,3772,1.327,754.2,0.8077
16510,1.343,3861,1.356,1118,0.9142
13430,1.204,3747,1.212,1075,0.9241
12380,1.05,3679,1.23,966.6,0.8426
15370,1.711,4089,1.334,1201,1.152
14830,1.476,3903,1.296,1254,1.266
12050,1.187,4087,1.204,1029,1.016
10660,1.122,4084,1.309,1004,1.061
13040,1.355,4177,1.271,1202,1.432
12320,1.07,4155,1.268,1300,1.226
13030,1.306,4049,1.241,1122,1.09
14400,1.702,4260,1.291,1346,1.428
10110,1.178,4042,1.255,989.7,0.838
15030,1.037,3825,1.266,1227,0.9287
14160,1.231,3711,1.282,1142,0.9849
15640,1.136,4131,1.252,1182,1.075
14640,1.558,4072,1.18,1067,1.058
14260,1.555,4217,1.164,1070,1.116
13340,1.299,4106,1.278,875.5,0.8393
15750,1.485,3945,1.253,932,0.9175
12870,1.382,4112,1.267,947.9,1.152
14430,1.2,4092,1.275,1212,1.285
13770,1.334,4023,1.285,842,0.9175
12550,1.086,3729,1.276,1115,1.155
10650,0.9084,3822,1.276,1022,0.9492
10930,1.126,4594,1.305,987,1.086
14110,1.513,3881,1.141,1159,1.211
13910,1.546,4149,1.229,833.1,1.021
16070,1.478,4014,1.164,951.7,1.083
14880,1.983,3785,1.288,1206,1.193
13830,0.9607,3985,1.338,1183,1.127
16750,1.521,4114,1.345,1011,1.247
14400,1.263,4060,1.232,870.6,1.068
11050,1.313,3928,1.28,1080,1.172
11690,1.375,3818,1.319,1034,1.068
11280,1.335,3837,1.359,861.9,0.9116
13050,1.323,4088,1.292,1101,1.275
14860,1.834,3958,1.266,1090,1.07
11210,1.205,3843,1.285,938.1,0.9462
13260,1.386,3935,1.244,1317,0.9876
15390,1.647,3974,1.288,1205,0.9082
13120,1.348,3927,1.266,1093,0.9397
13520,1.345,4106,1.239,1313,1.052
15730,1.56,3929,1.186,1229,1.122
14870,1.869,4031,1.222,965.3,1.154
11230,1.135,3977,1.24,1156,1.135
16090,1.614,4094,1.241,1005,1.06
12520,1.345,4055,1.182,1256,1.29
16010,1.097,4009,1.292,1012,0.9369
13530,1.276,3996,1.282,1165,1.2
12870,1.301,3951,1.334,1297,1.005
14400,1.388,3884,1.24,1153,1.101
13010,1.567,3853,1.283,1029,1.247
11990,1.299,3782,1.209,904,1.14
12980,1.062,3935,1.278,1171,1.227
14880,1.076,4124,1.342,1130,1.278
10380,1.246,4195,1.271,944.1,1.018
13610,1.11,4053,1.218,992.8,0.9138
13320,1.606,3763,1.338,1072,1.017
13250,1.223,3955,1.153,1139,1.059
15210,1.085,4250,1.22,1070,0.8716
15110,1.509,4091,1.265,970.2,1.176
15080,0.8577,4087,1.324,964,1.11
14770,1.152,3969,1.234,1162,1.117
13390,1.146,3726,1.3,1230,1.327
13040,1.484,3969,1.386,1254,1.218
14160,1.337,3883,1.295,907.8,0.8958
12410,0.9674,4209,1.29,988.6,1.182
10660,1.1,3694,1.388,1037,1.221
15800,1.751,3799,1.256,1079,1.136
15830,1.944,3899,1.251,972.2,1.01
9860,1.143,3952,1.2,941.2,0.9836
13030,1.181,3996,1.204,1008,1.132
12410,1.099,4388,1.236,1033,0.8816
17400,1.131,4069,1.226,1164,1.172
15250,1.242,3889,1.307,1046,1.006
16820,1.191,3735,1.293,1090,1.015
13080,1,4223,1.154,1170,1.036
12720,1.006,4070,1.259,1093,0.9994
11800,1.654,3828,1.275,1079,1.112
14630,1.478,3849,1.326,1289,1.002
13620,1.16,4078,1.342,1349,0.9843
13050,1.207,3944,1.242,1064,1.027
13290,1.069,4072,1.19,1052,0.9989
13650,1.162,3810,1.258,1156,0.9135
14900,1.233,4006,1.223,922.5,0.7798
12630,1.731,4304,1.236,1052,1.029
13140,1.444,3840,1.251,997.8,1.13
15310,1.544,3922,1.232,1003,1.039
13360,1.368,4062,1.246,996.5,0.9426
15570,1.851,4173,1.276,930.9,0.8672
14630,1.772,3837,1.272,1262,1.451
13460,1.404,3907,1.407,1344,1.14
12640,1.326,3942,1.327,1003,0.8648
12010,1.198,4051,1.297,1135,1.011
10300,1.146,3894,1.238,1039,1.019
13780,1.271,3967,1.249,1150,0.909
14210,1.435,3967,1.28,1084,1.267
15680,1.41,3855,1.272,1321,1.635
15440,1.422,3843,1.285,934.2,0.9569
15060,1.15,3896,1.314,980.3,0.8758
14270,1.166,3869,1.175,1227,1.169
14560,1.736,4082,1.242,1042,1.059
16090,1.485,4145,1.351,1253,1.477
14010,1.043,4006,1.32,876.6,0.8835
13470,1.203,4133,1.214,1176,1.241
14000,1.275,3894,1.197,1249,1.417
13270,1.507,4361,1.231,1065,1.008
11920,1.151,4262,1.23,994.3,1.169
11610,1.087,4136,1.277,1081,1.196
14990,1.187,4178,1.27,1397,1.23
12510,1.21,4045,1.245,1063,1.045
15190,0.9898,4094,1.288,1265,1.067
13620,1.298,3786,1.266,1166,1.221
14720,1.195,3877,1.257,1027,0.9469
15060,1.164,4044,1.342,1088,0.9656
14360,1.586,4049,1.178,1178,1.081
15110,1.38,4050,1.184,1052,1.081
12180,1.31,4053,1.199,875.8,0.9367
12840,1.332,3857,1.246,896.1,1.096
16760,1.242,4082,1.216,1112,1.068
13320,1.271,3967,1.317,953.3,1.171
15960,1.39,4122,1.193,1389,1.556
12490,1.223,3806,1.244,839.8,1.166
14310,1.227,4055,1.175,850.4,1.115
14470,1.491,3984,1.367,1037,0.9369
16030,1.334,4099,1.354,1067,1.045
12400,1.314,3989,1.3,1108,0.9565
13000,1.224,3967,1.188,1070,1.023
12080,1.281,4082,1.207,1164,1.054
11580,1.395,4263,1.253,813,1.047
13040,1.29,4035,1.302,937.1,1.032
12870,0.969,4212,1.293,976.6,1.125
13160,1.212,4268,1.259,1166,0.9515
14330,1.732,3920,1.226,1097,1.002
16160,1.553,3773,1.354,1316,1.041
15290,1.664,3997,1.243,1449,1.394
15250,1.34,4187,1.219,1118,1.071
15970,1.182,3821,1.263,1338,1.202
14490,1.07,4283,1.21,1068,0.8286
12510,1.419,4142,1.33,1351,1.238
13920,1.129,4082,1.281,767.3,0.8508
15380,1.047,4292,1.216,1036,0.9954
13810,1.079,4155,1.303,972.4,0.9927
14780,0.9581,4070,1.272,1169,1.054
11890,1.203,4318,1.212,1122,1.176
14270,1.085,3974,1.299,1374,1.269
15460,1.261,3965,1.277,1086,0.9446
14710,1.261,4033,1.266,1227,1.356
13340,1.561,3807,1.353,1143,1.216
13930,1.321,3698,1.28,1225,1.149
11160,1.01,4105,1.284,1063,1.001
12320,1.675,4108,1.115,1234,1.123
13010,1.068,3767,1.196,1077,1.046
14070,1.381,4073,1.276,998.4,1.255
15870,1.499,3997,1.301,1129,1.175
12130,1.357,4026,1.263,949.1,0.9768
15140,1.68,4054,1.237,1110,1.059
11910,1.401,3842,1.251,958.3,1.019
12830,1.259,3760,1.238,975.6,0.9576
12860,1.105,3829,1.228,1207,1.034
14550,1.523,4126,1.229,839.6,0.9832
13290,1.541,4259,1.18,997.9,1.101
12990,1.659,4354,1.232,1030,1.144
15440,1.721,4443,1.298,1189,1.159
14020,1.062,4475,1.27,1018,1.301
14400,1.337,3753,1.228,1118,1.104
12830,1.164,3997,1.291,930,0.8275
15370,1.158,4448,1.224,1215,0.9747
13080,1.639,4141,1.302,1216,1.153
13940,1.159,4058,1.169,1119,0.9902
13040,1.061,4131,1.334,957.7,1.131
14850,1.704,3946,1.363,979.1,1.036
12990,1.331,4138,1.287,1123,1.049
11430,1.233,3719,1.199,1050,1.086
10880,1.289,3960,1.306,1443,1.363
13160,1.53,3987,1.226,1279,1.202
11630,1.248,4195,1.228,1067,1.116
16400,1.844,4042,1.316,1034,0.9763
14430,1.69,3989,1.224,1305,1.24
13840,1.511,4036,1.253,865.3,1.073
13750,1.038,3817,1.306,1018,1.333
13900,0.913,3814,1.334,975.5,0.9638
11750,0.8448,4122,1.233,1179,1.143
15820,1.244,3978,1.188,1152,0.9744
14640,1.253,4126,1.226,1206,0.9625
12670,1.107,4088,1.25,1001,1.256
12290,1.352,4335,1.204,782.8,1.064
12120,1.412,4063,1.246,1072,1.071
12960,1.249,3995,1.292,1011,1.012
11860,1.095,3996,1.228,1364,1.233
14650,1.136,3973,1.28,1091,1.124
13450,1.276,3858,1.259,1250,1.038
11590,1.489,3945,1.255,975.8,1.074
14690,1.343,4067,1.172,914.4,1.102
15160,1.572,4103,1.161,1095,1.019
14810,1.274,3813,1.284,1161,1.01
13710,1.276,4045,1.188,1232,1.082
12830,1.254,4038,1.265,1088,0.9604
13790,1.19,3801,1.269,1113,0.8697
11500,1.224,3661,1.279,1003,0.9491
12430,1.387,4105,1.305,1269,0.9882
12030,1.387,3984,1.311,1005,1.107
13420,1.44,4025,1.218,1213,1.194
11720,1.11,4258,1.259,1241,1.225
12980,1.154,4299,1.214,1281,0.9968
11670,1.26,4324,1.239,1327,1.041
14110,1.082,4051,1.179,1008,1.214
15630,0.9635,3688,1.217,1003,0.9461
16480,0.9515,4141,1.332,1145,1.32
12820,1.113,3960,1.333,940.9,0.8837
12720,1.27,3857,1.28,832.3,0.9694
13500,1.143,3633,1.289,1029,0.9662
14050,1.136,3745,1.408,779.3,1.014
12230,1.441,4007,1.215,845.1,1.019
14130,1.608,4013,1.199,1316,1.023
13030,1.398,3634,1.19,982,1.195
14160,1.659,4318,1.172,1153,1.263
12970,0.9696,4156,1.247,1327,1.331
13690,1.281,4097,1.202,1280,1.255
12890,1.124,4191,1.263,1248,1.09
13500,1.013,4031,1.262,1201,1.105
16450,1.962,4175,1.241,1356,1.414
14130,1.048,3939,1.247,849.3,1.116
13680,1.328,4102,1.309,1030,1.066
15560,1.084,4045,1.333,1031,1.204
12940,1.271,4001,1.246,1314,1.317
15000,0.949,4062,1.21,1175,1.04
12550,1.181,3928,1.285,1313,1.025
13090,1.16,3968,1.245,1222,0.9914
13730,0.9705,4129,1.224,1217,1.119
8759,1.048,3812,1.188,952.5,0.987
13640,1.052,4094,1.256,1128,1.291
13560,1.135,3919,1.197,1241,1.191
14210,1.282,4059,1.28,1059,1.294
16900,1.317,4043,1.193,1021,0.969
13870,1.27,4142,1.307,988.9,0.9865
14190,1.135,4035,1.205,891.6,0.8937
14170,1.203,3954,1.267,970.5,1.145
14320,1.082,4067,1.152,1095,1.079
12060,1.371,3992,1.214,1254,1.044
12960,1.174,4173,1.226,1366,1.049
14550,1.424,3975,1.215,1062,1.263
12000,1.267,3782,1.366,1145,1.436
13350,1.236,3770,1.249,1375,1.624
15730,1.461,3896,1.329,1138,1.384
17480,1.53,4133,1.142,1266,1.086
12070,1.109,4117,1.147,1169,1.041
10720,0.9095,4084,1.308,1073,1.182
12340,1.14,3896,1.379,1336,1.204
14820,1.279,3997,1.322,740.6,0.8937
14520,0.942,3818,1.275,773.5,0.9648
16390,1.043,3823,1.232,1163,1.417
11410,1.25,3942,1.193,1153,1.274
11940,1.195,3840,1.229,978.3,0.9457
12760,1.361,4103,1.265,1245,1.123
10550,1.038,4191,1.272,1038,0.9336
12550,1.298,4073,1.269,1158,1.161
13660,1.479,3807,1.189,1231,1.314
13260,1.396,3869,1.302,1252,0.9795
16150,1.839,4039,1.357,1246,1.041
10180,1.373,3793,1.276,1122,1.136
10920,1.376,4037,1.21,1144,1.064
12550,1.413,3817,1.332,1306,1.026
13400,1.092,3645,1.29,1111,1.119
11240,1.23,3940,1.264,836.6,0.8766
14480,1.212,3873,1.195,1343,1.213
11650,1.14,3874,1.197,1101,1.151
10480,1.212,3904,1.306,1129,1.356
13390,1.295,3943,1.324,1393,1.24
12490,1.031,4220,1.343,1164,1.091
13560,1.241,4213,1.313,993.3,1.011
14240,1.21,4142,1.198,1085,0.9605
12870,1.451,3984,1.26,1322,1.097
13430,1.759,3962,1.313,1091,0.9659
14960,1.525,4096,1.287,1161,1.032
12900,1.231,4096,1.271,1034,1.016
13020,1.236,4232,1.164,1158,0.8962
13110,1.249,4021,1.233,1151,1.104
12040,1.222,4140,1.27,1072,0.897
13640,0.9126,4182,1.211,1050,1.079
14740,1.246,3868,1.358,948.8,1.062
15240,1.126,3975,1.273,1185,0.8122
16680,1.296,4454,1.26,1021,0.8377
15090,1.39,3849,1.27,1179,0.9721
9317,1.296,4286,1.296,1368,1.046
13320,1.375,4084,1.255,1221,0.9905
13080,1.294,4055,1.276,1103,0.8861
8976,1.021,4050,1.266,863.2,0.8439
14850,1.101,4303,1.3,1003,1.128
12860,1.229,3988,1.268,1163,0.8704
11330,0.8864,4173,1.297,920.6,0.9275
13480,1.165,3913,1.288,895.1,0.9953
13880,1.444,3937,1.254,824.9,1.035
12510,1.193,3814,1.291,1224,0.9579
12810,1.384,4141,1.202,1318,1.069
15020,1.152,4025,1.223,922.3,1.238
16350,1.853,3967,1.324,970.3,1.028
13690,1.371,4133,1.289,1117,0.9973
13320,1.239,4185,1.329,1348,0.9953
11570,1.221,3992,1.296,1157,1.01
13800,1.382,4412,1.323,1137,1.141
14210,1.857,4151,1.244,1209,0.9736
13330,1.354,4232,1.332,1240,1.059
13840,1.145,3931,1.355,1114,0.9767
15220,1.474,4182,1.302,1223,1.207
16170,1.413,4362,1.242,1197,1.143
15130,1.052,4164,1.31,947.4,1.07
16140,1.177,4035,1.237,1029,0.9463
15150,1.103,4211,1.23,1093,1.071
13570,1.454,3958,1.21,929.5,1.079
15750,2,3636,1.267,1080,1.015
13150,1.108,4010,1.254,1123,0.9722
12070,1.059,4078,1.291,1156,1.094
14010,1.057,4274,1.277,997.7,0.9518
13930,1.12,3906,1.198,1174,1.054
13670,1.137,3868,1.238,1326,1.061
11980,0.9887,3956,1.35,1070,1.058
12600,0.9802,3810,1.38,1169,1.17
11910,1.063,4198,1.291,966.7,1.012
14800,1.581,4128,1.283,859.6,0.9788
14820,1.695,4033,1.249,1151,1.148
11590,1.363,4166,1.338,1323,1.348
13860,1.192,4057,1.19,1042,1.078
11570,1.18,4022,1.215,1030,1.172
12910,1.345,4015,1.22,1057,1.133
13670,1.297,4224,1.2,1112,0.9966
13360,1.229,4167,1.298,1083,1.036
13770,1.727,4045,1.235,1111,1.051
12590,1.168,4034,1.245,1065,1.005
12370,1.285,3805,1.282,1064,0.9128
10370,1.005,4011,1.314,1177,1.218
11590,1.034,4041,1.228,1117,1.19
13820,1.4,3969,1.215,1112,1.064
11170,1.382,3974,1.257,1249,1.26
14320,0.9133,4106,1.288,1213,1.201
15520,1.233,4001,1.2,1274,1.282
14170,1.402,4245,1.209,1219,1.194
14270,1.221,4133,1.217,1066,1.069
12300,1.21,3996,1.341,1128,0.8582
13960,1.768,4095,1.272,891.2,0.8909
12830,1.418,3972,1.276,977.5,0.8623
12490,1.225,3972,1.226,1195,1.231
13630,1.629,3841,1.273,995.8,1.051
13690,1.12,3583,1.38,1080,0.8847
12790,1.225,3882,1.267,917.2,0.8949
14840,1.093,4004,1.331,954.8,0.9772
12000,1.239,4029,1.259,1001,0.921
12420,1.246,4076,1.284,1232,1.555
9633,1.025,4034,1.18,1452,1.709
12200,1.372,4109,1.291,1037,1.243
12040,1.142,3939,1.258,1241,1.187
14020,1.139,3929,1.274,1252,0.876
13070,1.02,3846,1.229,1013,0.9119
12360,1.25,3927,1.193,1329,1.359
12000,1.17,4054,1.266,1120,1.309
14650,1.128,4045,1.211,944.5,0.9992
15280,1.497,3989,1.212,1323,0.9015
14340,1.265,3976,1.199,1181,1.104
11950,1.279,3949,1.25,1140,1.019
10430,0.914,3905,1.374,991,1.077
12050,1.179,3807,1.372,1305,1.033
13280,1.243,3906,1.45,1254,0.9073
11500,1.237,3949,1.338,1094,1.103
9941,1.274,3736,1.277,931.8,0.9487
15770,0.9007,4062,1.22,1006,0.9263
13290,0.9803,3883,1.298,1118,1.133
14910,1.375,3992,1.138,995.5,1.179
14610,1.22,4119,1.199,970.3,1.01
12890,1.107,3977,1.202,1249,1.134
12500,1.058,3921,1.322,1219,1.239
15090,1.396,4447,1.179,859.1,0.9332
14010,1.982,4280,1.258,974.4,1.072
15960,1.135,3917,1.202,1244,1.278
14920,1.311,3930,1.237,933,0.9466
12660,1.071,3971,1.381,1021,0.8832
16550,1.811,3769,1.193,986.4,1.249
15610,1.329,4172,1.181,974.8,1.011
12530,1.084,4092,1.316,887.6,1.193
12940,1.247,3768,1.293,1367,1.648
11350,0.9453,4405,1.259,920,1.247
15300,1.22,3922,1.26,1053,0.9477
12870,1.544,3862,1.271,1296,1.122
13700,1.593,3849,1.28,952.7,0.8917
16340,0.8544,4200,1.254,1335,1.151
13430,1.343,3901,1.165,1175,1.071
13990,1.411,4271,1.162,1141,1.213
14060,1.4,3588,1.152,905.8,1.028
15030,1.957,3807,1.184,965.3,0.8956
11860,1.216,4310,1.264,1049,0.9254
12640,1.468,4064,1.307,923.4,0.8338
15930,1.698,4092,1.226,1145,1.06
14190,1.351,3970,1.258,1319,1.185
13150,1.73,3957,1.194,1004,1.147
12660,1.378,4118,1.267,1403,1.234
11740,1.048,4157,1.275,1013,1.442
16270,1.474,3877,1.238,783.5,0.9411
11180,1.481,4141,1.326,915,1.072
13750,1.211,3991,1.316,1256,1.106
11720,1.024,4144,1.376,808.9,0.9921
12740,1.803,4359,1.228,673.2,0.9296
12110,1.235,4212,1.19,1013,1.207
12460,1.218,3796,1.294,1043,1.01
14650,1.234,3952,1.292,1030,0.8744
12590,1.167,3811,1.212,931.7,0.9114
11200,1.192,3974,1.217,1272,1.341
13640,1.189,4010,1.317,1036,1.21
13340,1.302,4343,1.203,1192,1.18
12830,0.9669,3846,1.275,929.8,0.8827
12160,1.271,4048,1.225,1006,0.9164
10330,1.075,4123,1.218,1053,0.8769
11800,1.255,3876,1.271,1451,1.326
14680,1.131,4265,1.194,1396,1.531
14280,1.082,3974,1.161,1479,1.356
13210,1.11,4129,1.208,1170,1.371
12610,1.015,3913,1.298,1066,1.387
13620,1.194,3734,1.235,1173,1.566
13460,0.9705,3803,1.266,1097,1.098
14590,1.503,4048,1.241,1054,0.9564
12480,1.134,4087,1.194,1130,1.154
13230,1.102,3994,1.25,881.1,0.9793
13160,1.148,4475,1.255,908.4,0.9865
12940,0.9931,4291,1.235,1352,1.182
12000,1.083,3885,1.249,1164,1.107
12610,1.22,3857,1.223,1040,1.125
12910,1.112,4184,1.296,1048,0.9231
12710,1.299,3919,1.257,1394,1.15
13810,1.056,3850,1.247,1332,1.048
15230,1.419,4478,1.2,1351,1.27
13110,1.056,3927,1.207,1126,1.139
11300,1.365,4031,1.252,1054,1.213
13170,1.546,3877,1.246,803.5,1.03
12770,1.049,3980,1.263,874.3,0.8271
11110,1.061,3863,1.284,1204,1.248
15060,1.4,3830,1.227,970.2,0.9547
14800,1.461,4164,1.291,1223,1.411
13340,1.166,3949,1.406,1086,1.022
13580,1.004,3587,1.263,1208,1.04
13460,1.23,4051,1.207,1044,0.9795
16060,1.626,4084,1.237,1375,1.16
13180,1.517,4147,1.334,1067,1.108
11080,1.218,4002,1.3,1175,1.024
12640,1.268,3927,1.321,1103,1.118
12090,1.127,3967,1.256,948.4,0.9804
14120,1.42,3796,1.241,1133,0.923
13030,1.411,4050,1.291,1178,1.136
11350,1.052,4097,1.231,1172,1.143
13150,1.223,3848,1.288,1217,1.136
11590,1.098,3965,1.244,1254,1.031
12550,1.269,4149,1.234,1127,1.032
12130,1.033,4315,1.224,1424,1.084
12490,1.565,3812,1.284,1091,0.9289
13600,1.08,3969,1.322,878,1.085
12750,1.348,4068,1.37,1087,1.039
13350,1.276,4047,1.267,1012,1.21
15530,1.787,4179,1.206,1021,1.019
12830,1.269,4057,1.189,1269,1.417
12830,1.476,3856,1.304,1276,1.417
12240,1.236,4221,1.278,1106,1.16
16180,1.307,4032,1.249,1245,1.017
13060,1.247,4108,1.212,1061,0.8322
14110,1.032,4001,1.244,1328,0.9703
15100,1.782,3990,1.261,1142,0.8806
14250,1.203,3767,1.307,912.2,1.028
14630,1.318,3894,1.316,1031,1.043
14210,1.32,3940,1.297,1210,1.313
12790,1.388,4004,1.2,1495,1.651
11940,1.094,4107,1.164,1504,1.924
12060,1.031,4036,1.251,1101,1.193
12570,1.17,3869,1.231,1206,1.094
12510,1.421,4220,1.26,939,1.126
12440,1.167,4016,1.214,814.2,1.096
10390,1.119,3748,1.211,989.1,1.14
14550,1.519,3975,1.283,957.1,0.917
11970,1.304,4025,1.244,1192,0.9716
12530,1.361,3852,1.245,1154,1.11
12880,1.401,4076,1.238,851.1,0.8835
13140,1.431,4057,1.233,1206,1.152
14990,1.312,3930,1.262,1241,1.188
12400,1.11,4029,1.306,1021,1.13
14580,1.541,3950,1.333,1173,0.9828
15540,1.046,3776,1.227,1096,0.9179
13870,0.8834,4109,1.174,955.3,1.058
13710,1.093,3790,1.171,1087,1.015
14680,1.262,3809,1.334,870.6,0.9211
13020,1.261,4025,1.25,1048,0.8089
14260,1.223,3972,1.259,1110,1.259
15450,1.158,4127,1.202,1182,1.614
14470,1.35,4129,1.235,1541,1.202
18270,1.272,4252,1.236,1044,1.015
15420,1.269,4172,1.253,1121,1.23
14070,1.061,3993,1.295,993.3,1.067
14830,1.249,3951,1.251,1279,1.126
15860,1.692,3930,1.248,1186,1.127
11510,0.9655,3961,1.308,1056,0.9552
14270,1.736,3944,1.282,1458,1.413
15810,1.497,3834,1.23,1285,1.663
13080,1.326,3812,1.22,1304,1.225
14910,1.173,3901,1.189,951.1,1.053
15290,1.443,3879,1.255,936.3,0.878
13250,1.261,4108,1.324,892.6,0.8915
12560,0.9479,3877,1.319,883.5,1.04
12510,1.056,4143,1.212,1020,0.9521
12060,1.286,4034,1.239,1037,1.071
10280,1.046,4111,1.189,996.9,0.9806
15460,1.772,4167,1.167,1221,0.9165
14160,1.196,3837,1.256,1226,0.9443
16200,1.182,3900,1.29,1029,1.05
13300,1.074,3747,1.253,1148,1.293
13410,1.342,4275,1.237,1022,1.015
12550,1.381,4250,1.311,1095,1.026
12360,1.158,4312,1.296,1133,1.05
12780,1.24,4045,1.192,1307,1.278
13290,1.012,4193,1.171,1036,1.363
14770,1.484,4027,1.273,1212,1.306
14160,0.8717,4326,1.274,1445,1.904
14130,1.292,4218,1.216,1286,1.641
13060,1.301,3816,1.282,781.7,0.9677
13570,0.8648,3954,1.304,771.6,0.9717
14470,1.208,3823,1.286,1026,1.012
13970,1.499,4146,1.197,925.5,0.9162
13810,1.189,3957,1.274,1155,1.02
13760,1.159,3783,1.267,1130,1.181
16230,1.187,3673,1.28,1184,1.156
14260,1.517,4013,1.301,947.7,0.9752
13320,1.151,3954,1.411,1126,1.057
13910,1.16,4258,1.235,1033,0.9877
14530,1.489,4025,1.2,1103,1.076
12640,0.9191,3892,1.31,1388,1.183
14670,1.459,4029,1.393,1010,1.183
13860,1.334,4115,1.321,1019,0.928
16610,1.25,3885,1.339,1072,0.9796
12620,1.232,4136,1.257,1094,0.9978
15670,0.9712,3677,1.347,976.7,0.9135
11360,1.128,3974,1.227,1363,1.193
12300,1.269,4030,1.277,947,1.072
11900,1.218,3954,1.299,1016,1.022
12250,1.09,4063,1.267,1225,1.205
17870,0.9404,3970,1.206,1045,1.118
16160,1.055,4255,1.222,1185,1.099
14440,1.667,4486,1.212,1280,1.147
13410,1.294,4282,1.269,1226,1.192
13290,1.204,4052,1.23,1025,1.028
12770,1.075,4017,1.314,1162,1.106
13570,1.268,3983,1.19,1323,1.11
15040,1.587,3983,1.294,915.5,0.9919
12430,1.282,3809,1.376,1262,1.017
14280,1.471,3977,1.308,1170,1.208
14500,1.839,4056,1.441,1274,1.128
12140,1.295,4167,1.24,930.1,0.8914
12790,0.8644,3998,1.277,994.2,0.9055
14660,1.631,4313,1.267,1185,1.133
12680,1.131,4068,1.348,990.2,1.158
14140,1.034,3977,1.329,1222,1.3
13460,1.228,4068,1.34,1043,1.14
12650,0.9142,3837,1.29,1151,1.183
13720,1.322,3861,1.228,1075,1.091
12350,1.334,4116,1.262,1162,1.111
13150,1.373,3973,1.261,1268,1.016
16110,1.573,3952,1.306,806.4,0.9427
12910,1.211,3816,1.309,789.6,0.7266
12470,1.059,4130,1.336,1367,1.242
18950,0.7129,3924,1.204,1014,1.042
17930,1.039,3850,1.27,1023,0.9987
16370,1.959,4009,1.304,856.8,0.8703
14650,1.179,3973,1.236,946.9,1.114
11720,1.287,3920,1.277,1035,1.118
13620,1.444,4265,1.226,1111,1.189
15190,1.356,3883,1.315,1152,0.9536
12340,1.114,3979,1.284,1254,1.026
14090,1.414,3917,1.296,1025,1.1
11910,1.098,4114,1.233,1058,0.9319
15060,1.022,3780,1.238,761.4,1.087
12550,1.212,3865,1.327,1016,0.8808
11350,1.305,4010,1.251,1259,0.9532
12680,1.164,3899,1.276,970.6,0.988
13450,1.289,4029,1.293,1037,1.026
13690,1.138,3900,1.238,1155,0.902
16810,1.52,3897,1.299,1179,1.346
13460,1.057,4112,1.195,1302,1.188
15080,1.327,4180,1.239,1120,1.078
15530,1.119,3868,1.247,1116,0.9966
14680,1.099,4210,1.264,1138,1.136
14830,1.019,3878,1.235,946.7,0.9881
13870,1.433,3670,1.256,912.4,0.956
12950,1.142,4145,1.241,1046,1.024
12010,1.369,4003,1.231,1082,1.235
11250,1.043,3822,1.356,1023,1.172
11970,1.046,3996,1.264,1112,1.334
15500,1.32,4361,1.229,1102,0.9553
13090,1.071,4023,1.302,1220,1.142
13420,1.224,3876,1.348,1071,1.165
12410,1.168,4143,1.218,1073,1.088
12770,1.209,4115,1.169,1026,1.013
13430,1.426,3884,1.192,1016,1.069
16860,1.823,4120,1.274,1067,1.145
14260,1.647,3970,1.265,1069,1.212
17000,1.337,3890,1.258,910,1.063
14160,1.177,4114,1.181,831.7,1.007
14980,1.317,4029,1.35,1213,1.102
12160,1.289,4112,1.251,1197,1.084
16220,1.361,3805,1.395,1135,1.069
16330,1.588,4266,1.155,1012,0.8408
12500,1.133,4133,1.239,1137,1.119
14670,1.036,4148,1.243,1116,1.031
12520,0.9714,3899,1.201,967.8,0.9855
13760,1.034,3790,1.291,1001,1.068
11170,1.004,3831,1.263,794.3,0.9069
13540,1.444,3855,1.345,927.2,1.114
13970,1.227,4167,1.257,872.6,0.8813
15650,1.335,3777,1.229,925.1,0.9421
13080,1.382,3954,1.344,1101,1.056
13160,1.394,4239,1.179,1103,1.178
16050,1.414,4012,1.255,951.4,0.9608
12110,1.048,3731,1.289,1273,1.14
10520,0.9148,4046,1.273,1242,0.9703
16070,1.714,3892,1.262,1140,1.125
13810,1.271,4220,1.297,1095,0.9463
12980,1.149,4064,1.228,1069,1.326
14950,1.075,3961,1.386,1420,1.568
10560,1.151,3714,1.282,1105,1.133
15150,1.483,3748,1.23,1062,1.019
15520,1.236,4038,1.262,1046,1.011
14780,1.373,4020,1.244,1052,1.464
14860,1.21,3978,1.237,1246,1.399
13430,1.255,4110,1.232,1112,1.411
17190,1.49,4118,1.253,1270,1.281
12620,1.327,3647,1.374,982.2,0.9187
12140,1.152,3957,1.277,896.7,0.9582
17180,0.978,3896,1.255,1211,1.01
13970,1.613,3833,1.204,899.3,0.9613
13470,1.381,3860,1.201,1107,0.9782
13790,1.355,3925,1.377,1006,1.025
11790,1.059,4127,1.289,1272,1.217
15050,1.041,3878,1.331,1237,1.03
11890,1.271,4207,1.195,1103,1.205
14540,1.338,4030,1.21,1006,1.148
13020,1.154,3838,1.236,821.4,0.8924
13490,1.632,4000,1.206,1353,1.218
14530,1.282,3888,1.263,1332,1.192
12730,1.276,3871,1.252,1520,1.819
11070,1.121,4044,1.221,1163,1.492
12880,1.659,3988,1.243,1040,1.088
14070,1.335,3980,1.256,1092,1.245
14050,1.163,3994,1.263,1078,1.299
14190,1.661,3913,1.337,1130,0.8792
14140,1.457,4062,1.264,1170,1.209
15200,1.675,3953,1.297,1179,1.028
15940,1.41,3850,1.291,992.3,0.8644
15160,1.252,4214,1.274,921.7,1.005
16250,1.121,3939,1.342,1064,1.188
14470,1.095,4112,1.246,1123,1.129
13590,1.539,3838,1.256,938.6,0.8661
11000,1.446,4081,1.305,1014,0.9574
11230,1.269,3973,1.208,1147,0.9567
12600,1.15,3871,1.315,1138,0.9795
12890,1.374,4109,1.185,1259,1.179
15340,1.563,3723,1.264,1183,0.811
13960,0.8357,3643,1.321,1233,0.8539
14180,1.088,3978,1.204,732.3,0.9665
14890,1.597,3972,1.273,844.3,0.9175
12860,1.166,3993,1.307,1062,1.01
13570,1.311,3866,1.284,1129,0.8321
11090,1.01,3967,1.266,1140,1.234
13320,1.175,4026,1.289,1161,1.235
13220,1.139,4132,1.245,1007,1.044
12530,0.9946,4080,1.313,1086,1.095
13480,1.026,3862,1.265,1103,0.9692
13720,1.319,4150,1.28,977.5,1.196
13210,1.203,3870,1.262,1072,0.9776
12870,1.172,4284,1.341,1177,1.067
14850,1.019,4125,1.258,1170,1.125
13270,1.541,3927,1.278,1239,1.035
14010,1.58,4025,1.26,1155,1.085
14370,1.182,4043,1.228,1070,1.211
13340,1.043,4095,1.274,1336,1.122
13250,1.231,3957,1.222,1293,1.005
14370,1.246,4006,1.256,841.3,0.9737
14050,1.492,3742,1.179,1146,0.9828
17970,1.392,4129,1.296,1126,0.9354
14920,1.023,4178,1.171,1028,1.233
12490,1.241,4058,1.25,1126,1.288
12900,1.218,3971,1.388,1077,1.068
14520,1.152,4386,1.233,1099,1.028
12040,1.144,3953,1.267,1052,1.175
12730,1.218,3989,1.299,1290,1.183
13260,1.162,3708,1.353,1020,1.021
13640,1.235,4020,1.199,1175,0.8513
13890,1.121,3827,1.284,1175,1.105
13800,1.038,3940,1.251,767.8,0.8867
17020,1.611,3831,1.246,724.8,0.9513
13340,1.372,3791,1.264,798.4,0.9473
11370,0.9758,4277,1.204,1200,1.055
14330,1.204,3924,1.24,1345,1.102
12100,1.133,4191,1.219,1021,0.9238
14500,1.336,3806,1.258,983.3,0.9467
12220,1.553,3618,1.308,969.1,1.006
12210,1.148,3953,1.306,1192,0.9282
12900,1.097,3968,1.284,1047,0.9213
12590,1.199,4298,1.217,792.6,0.9272
13850,1.437,4162,1.264,1365,1.8
12040,1.364,4217,1.244,1127,1.221
15060,1.743,4406,1.224,1131,0.9483
13620,1.682,3941,1.237,873.2,0.8916
13740,1.968,3926,1.293,1086,1.021
12270,1.233,3938,1.224,819.1,0.86
14260,1.392,4053,1.318,1024,1.11
15170,1.349,4102,1.212,911.7,1.003
14350,1.3,3903,1.173,1175,0.9339
12450,1.158,4084,1.28,1158,0.9872
14080,1.109,4095,1.196,1029,0.9671
15170,1.518,3928,1.14,928.1,1.102
15590,1.148,3981,1.302,833,1.016
13950,0.9025,3879,1.35,1127,1.393
10530,0.9061,4202,1.187,1136,1.252
15020,1.149,3866,1.274,1121,1.261
11920,0.8533,3976,1.237,1404,1.297
12950,1.357,4069,1.249,1422,1.012
11360,1.007,3942,1.256,1106,1.138
14110,1.348,4113,1.356,1220,1.349
13290,1.378,4112,1.269,1035,0.993
13830,1.266,4225,1.226,1263,1.007
13080,1.179,4142,1.216,1231,0.9196
14020,1.794,4181,1.146,1431,1.264
16070,1.4,4093,1.205,1067,1.179
14040,1.493,3881,1.154,1286,1.251
13610,1.068,4195,1.266,1303,1.226
13360,1.483,4120,1.233,960.4,1.034
14770,1.672,3653,1.301,817.3,0.8328
15250,1.459,3580,1.353,1030,1.079
11340,1.205,4240,1.206,922.6,1.107
12360,1.133,3845,1.262,1161,1.373
14370,1.012,4089,1.262,985.3,1.236
13500,1.261,4248,1.277,1159,0.8324
14050,1.462,3989,1.244,1214,1.204
13140,1.487,3688,1.276,1073,1.059
15940,1.659,4151,1.267,987.9,1.126
14460,1.34,3719,1.329,1203,1.257
13960,1.166,3814,1.279,1350,1.144
13260,1.035,3746,1.27,1020,0.9518
10760,1.003,3887,1.29,1185,1.248
10340,1.099,4147,1.237,1073,1.069
13820,1.297,4083,1.313,903.7,1.186
12630,1.512,4088,1.257,1196,1.035
16100,1.585,4479,1.291,1096,1.033
12940,1.462,3717,1.425,947.9,0.9741
12390,1.376,3980,1.23,1012,1.108
12940,1.203,4293,1.231,1033,1.121
12860,1.304,4153,1.237,887.5,0.957
15660,1.425,3824,1.376,1136,0.9435
10950,1.142,4195,1.306,1156,1.031
10710,1.104,4121,1.165,1239,1.075
13680,1.045,3731,1.255,1031,1.08
14130,1.104,3817,1.269,804.5,0.8026
12280,0.901,3949,1.193,1088,0.9902
13310,1.252,3880,1.374,1045,1.114
14190,1.401,4002,1.287,1086,0.8139
13560,1.361,3917,1.354,1185,1.42
15280,1.152,3767,1.305,1072,1.413
12350,1.443,4138,1.251,1380,1.45
16230,1.15,4182,1.271,1171,1.22
14870,0.7727,4116,1.308,1011,1.171
15900,1.174,4016,1.193,1193,1.54
14020,1.657,4290,1.144,1135,1.434
12380,1.144,3888,1.212,1105,1.078
12020,1.316,3843,1.279,1043,0.8918
16020,1.253,3957,1.325,1013,0.941
14110,1.447,3858,1.233,1153,1.132
12810,1.278,4065,1.178,1066,1.052
13130,1.056,4161,1.208,1170,1.053
14990,1.78,4187,1.216,831.9,0.8614
14320,1.107,4055,1.215,931.1,1.188
15920,1.273,3961,1.228,1457,1.748
12560,1.137,4078,1.228,1331,1.682
11550,1.433,4090,1.246,1413,1.669
14950,1.66,4125,1.225,884.8,1.104
16030,1.134,4082,1.228,1040,0.9947
14950,1.276,4039,1.235,1041,0.9941
11920,1.049,3978,1.285,1148,0.9901
12130,1.434,3978,1.214,1274,1.162
15290,1.241,3895,1.171,1020,0.8062
12950,1.557,4437,1.178,1175,1.149
15390,1.468,4291,1.29,1334,1.353
17830,1.189,3988,1.229,1337,1.156
15390,1.369,3959,1.251,1296,1.043
13870,1.717,4097,1.293,1131,1.128
13440,1.255,4070,1.308,1092,1.068
14910,1.164,3822,1.294,1206,1.027
12420,1.27,3952,1.289,1111,1.315
12800,1.282,4058,1.333,1102,1.096
11260,1.075,4306,1.263,1182,1.081
11860,1.163,3850,1.255,1037,1.155
14190,1.259,3851,1.274,1391,1.166
14630,1.068,4036,1.18,1104,1.125
15750,1.87,4112,1.286,932,0.9054
16170,1.534,3844,1.395,1124,1.127
13820,1.477,3998,1.28,1259,1.314
13200,1.543,3998,1.24,1084,1.117
13260,1.657,3947,1.271,1225,1.036
13220,1.168,4049,1.228,1077,1.012
13280,1.022,4046,1.216,1067,0.924
12780,1.289,4227,1.374,1039,1.14
13530,1.436,4147,1.192,987.3,0.9933
15390,1.27,4098,1.298,1096,1.006
10710,0.9092,3822,1.204,929.4,1.044
17750,0.8876,4001,1.294,1162,1.206
13680,1.148,3935,1.328,1104,1.197
12730,1.061,3862,1.352,849.9,0.9372
11410,1.101,3984,1.292,1237,1.079
13460,1.203,4041,1.257,924.6,0.9418
14940,1.379,3693,1.261,934.4,1.176
14880,1.72,4037,1.276,894.3,1.136
14000,1.39,4083,1.226,1021,1.097
14250,1.361,4067,1.307,1040,1.077
14130,1.03,4186,1.198,1071,0.9237
10780,1.174,3972,1.324,851.3,0.8047
10750,1.042,3894,1.418,1109,0.9532
10120,1.186,3833,1.325,1377,1.5
15440,1.479,3920,1.253,802.7,0.8355
12450,1.163,3813,1.26,1015,1.125
13980,0.9421,3819,1.256,914.5,1.02
14290,1.234,4061,1.229,978.5,1.026
13450,1.097,3919,1.279,1046,1.283
13540,1.287,4195,1.265,1053,0.934
13450,1.077,4095,1.388,1251,1.093
12060,1.251,3862,1.252,1134,1.057
14740,1.364,3841,1.255,974.7,0.9995
15270,1.637,3912,1.337,1082,1.24
14770,1.745,4048,1.276,912.6,0.9261
13170,1.38,4048,1.214,818.3,0.8913
16620,1.69,4086,1.242,1348,1.421
13860,1.864,4073,1.166,1133,1.022
16260,1.741,3880,1.226,960.1,1.129
12040,1.144,3880,1.38,1096,1.21
13340,1.127,3813,1.304,1165,1.068
13330,0.992,3847,1.268,1276,1.016
13950,1.007,3927,1.26,1405,0.9425
12570,1.172,4283,1.193,1174,0.9593
14130,1.535,3957,1.351,1187,1.012
14900,1.455,4025,1.211,1051,0.9107
16380,1.381,4053,1.245,1166,1.059
16930,1.507,3901,1.255,1199,1.095
15400,1.521,4060,1.31,1035,1.059
13590,1.113,4125,1.323,1181,1.223
15180,1.585,4103,1.323,964.4,0.9945
13620,1.754,4079,1.231,1086,1.088
13470,1.312,4093,1.137,1190,1.099
11170,1.095,3547,1.347,828.8,0.8346
12830,1.031,3821,1.215,1033,1.012
14380,1.388,3902,1.311,1403,1.073
12140,1.304,4191,1.238,1072,0.9895
10870,1.114,4086,1.295,1013,0.9034
13700,1.251,4051,1.319,1030,0.967
11850,1.141,4022,1.202,1030,1.08
12910,1.124,3874,1.294,1166,0.9995
11140,1.213,3906,1.256,1051,1
13950,1.192,3940,1.261,1048,1.058
12310,1.518,4184,1.239,992.5,1.116
15060,1.255,3887,1.365,1120,1.105
13280,1.194,4005,1.254,1204,1.244
17170,1.673,4053,1.214,1078,0.9907
13430,0.916,4019,1.21,1149,1.116
13940,0.9153,4020,1.287,1035,1.032
12230,1.068,3976,1.236,1227,1.346
13230,1.367,4358,1.162,1128,1.274
13760,1.091,4252,1.205,1273,1.384
15650,1.19,3922,1.18,1116,0.93
14140,1.263,3746,1.345,1259,1.135
14670,1.366,3934,1.24,1103,1.133
13220,1.391,4051,1.146,1072,1.328
13230,1.117,3854,1.277,1200,0.9184
17220,1.133,3759,1.219,955,0.8173
15240,1.276,3984,1.204,1479,1.167
13700,1.407,4150,1.171,1154,1.081
12460,1.377,3842,1.302,1094,1.145
13780,1.474,3783,1.267,1122,0.9931
12920,1.475,4052,1.28,993,0.9409
11360,1.313,4138,1.345,958,1.039
13810,1.176,4204,1.257,1091,1.019
13120,1.116,4120,1.254,1188,1.107
12880,0.9753,3922,1.204,1216,1.176
17250,1.129,3961,1.2,1019,1.084
14780,1.563,4101,1.203,1471,1.115
16040,1.279,4094,1.287,1183,1.109
12940,1.116,4122,1.354,1249,1.261
12200,1.173,4230,1.329,958.5,0.9269
14630,1.276,4003,1.334,999.6,1.143
11580,1.151,4094,1.362,1224,0.9312
11880,1.442,3965,1.231,1313,0.9772
12490,1.096,3961,1.26,1166,0.8319
13640,1.122,3847,1.34,1381,1.344
13650,1.082,4012,1.245,999.2,1.088
13370,1.349,3918,1.274,879.4,0.9125
14790,1.415,4034,1.243,896.8,1.053
14180,1.617,4004,1.272,1041,0.9468
11820,1.001,4207,1.172,931.8,0.9609
11790,1.252,3843,1.32,1102,1.01
13230,1.259,3810,1.349,1041,1.174
13030,1.565,4048,1.311,1119,1.289
13730,1.277,4043,1.324,1129,1.345
11950,1.422,4061,1.313,1251,1.283
12260,1.272,4167,1.225,1252,1.351
12960,1.11,3971,1.261,1122,1.251
12500,1.552,4026,1.307,1285,0.8572
12020,1.184,3970,1.267,948.7,1.041
12840,1.203,4165,1.333,1052,1.152
13450,1.132,3980,1.244,1409,1.354
14080,1.36,4233,1.208,1237,1.151
12470,1.116,4333,1.173,992.2,1.044
12880,1.525,4013,1.231,1264,1.302
14520,1.255,4245,1.255,1372,1.33
12630,1.351,3788,1.254,931.4,1.002
11970,1.135,4043,1.163,1156,1.171
15460,1.215,3898,1.205,1043,1.036
12800,1.636,4111,1.282,899.3,1.016
12730,1.421,3951,1.253,1142,1.192
12390,1.11,4008,1.355,1071,1.33
14510,1.347,4043,1.254,1048,1.121
14820,1.381,4018,1.213,1187,0.9896
10820,1.118,3857,1.219,1185,0.9921
14320,1.735,3896,1.418,1011,0.928
15730,1.942,4146,1.344,1129,1.148
16300,1.971,3839,1.348,1037,1
16620,1.789,3993,1.262,1135,1.132
16040,1.691,3870,1.219,934.4,0.9986
13650,1.285,3760,1.243,981.6,0.9867
15140,1.124,4109,1.297,1043,1.145
13120,1.228,4018,1.213,1082,1.065
14140,1.442,4044,1.191,1208,1.097
11650,1.433,3705,1.209,1179,0.9772
12650,1.22,4475,1.156,1137,1.064
14980,1.215,4054,1.181,1012,0.9908
13270,1.423,4076,1.19,1127,0.9449
13420,1.263,3844,1.214,848,0.8725
12420,1.325,4029,1.241,936.5,0.8703
14180,0.8536,3792,1.297,938.8,0.858
13590,1.546,3792,1.369,990.7,1.05
11290,1.131,3931,1.27,1145,1.201
13910,1.88,3937,1.246,968,0.9915
14010,1.622,4273,1.186,1133,1.076
15230,1.684,4394,1.22,946.9,0.9719
12280,1.109,4240,1.209,1276,0.9621
11750,1.3,4135,1.159,1077,1.148
14040,1.393,4123,1.209,974.2,0.887
13680,1.188,4186,1.385,800.4,0.8492
11560,1.124,4040,1.286,1081,0.9483
14670,1.272,4040,1.186,1032,1.053
14350,1.011,3897,1.359,989.3,0.8529
13920,0.9682,3942,1.302,1074,0.9677
12900,1.141,3998,1.29,1147,1.157
13990,1.056,4042,1.27,1081,1.182
14070,1.396,3912,1.29,990,1.048
12910,1.316,4025,1.21,1081,1.117
16540,1.435,4072,1.281,1182,1.21
12670,1.117,4165,1.239,1203,1.163
13080,1.346,3927,1.255,1029,1.111
15360,1.539,3791,1.21,1034,0.8081
14240,1.671,4080,1.271,1072,0.9286
12040,1.218,4067,1.269,966.7,0.9069
12350,1.306,3788,1.359,1204,1.187
13910,1.463,3795,1.325,1072,1.207
14450,1.475,4010,1.293,1081,0.9944
15780,1.097,3898,1.332,1000,1.167
13650,1.396,4259,1.193,1033,1.106
14220,1.146,4238,1.193,1238,1.386
12250,1.349,3861,1.173,1174,1.202
13800,1.008,4197,1.102,1083,1.041
16160,1.161,3984,1.159,1011,0.9149
11850,1.343,3975,1.195,1113,1.049
13670,1.278,4203,1.213,1192,1.06
15320,1.715,3849,1.248,1424,1.407
14900,0.9858,3802,1.177,979.1,0.905
14290,1.58,3799,1.266,1152,1.248
14200,1.375,3927,1.21,1035,1.155
13530,1.615,4126,1.274,891.8,0.8608
16710,1.91,4082,1.304,779.5,0.9063
13910,1.483,3738,1.404,1122,1.154
13370,1.28,3810,1.355,1025,1.045
13640,1.067,3934,1.23,975.2,0.9978
14640,1.03,3871,1.299,1190,1.104
12860,1.359,3940,1.304,905,0.905
13870,1.102,3777,1.29,1059,1.206
13270,1.375,4358,1.265,1176,1.467
11690,1.288,3969,1.322,1076,1.186
12810,1.2,4003,1.227,1222,0.9685
12010,1.104,3902,1.25,1376,1.008
12730,1.007,4070,1.297,1179,0.927
13250,1.202,4106,1.283,991.7,1.022
11410,1.147,3896,1.236,919.9,0.9419
15480,1.076,3983,1.28,1167,1.139
12260,1.161,4112,1.341,1009,0.8737
13220,1.201,4073,1.201,1560,1.254
14120,0.9387,3666,1.308,1386,1.164
13280,1.52,3860,1.266,1089,1.122
12470,1.076,3849,1.212,1236,1.17
15430,1.673,3912,1.369,1189,1.224
13400,1.457,3863,1.241,968.2,0.918
13810,1.334,4042,1.265,1118,1.076
13020,1.04,4064,1.299,1050,0.9483
14900,1.078,3921,1.166,1147,1.275
12670,1.485,4103,1.166,1010,1.037
14010,1.408,3927,1.348,969.2,1.13
15090,1.185,3836,1.363,847,0.864
15870,1.048,4189,1.321,1305,1.144
15400,1.218,3902,1.186,1049,0.9502
14170,1.46,4007,1.25,1091,1.084
13200,1.288,4083,1.251,1070,1.346
11890,1.05,4164,1.247,1039,0.9288
12420,0.8932,3979,1.346,779.8,0.6969
15210,1.133,4296,1.292,1145,0.9687
13780,1.059,4046,1.33,992.6,1.002
13080,0.8585,4107,1.28,904.3,0.9539
15600,1.316,4159,1.139,975.5,0.8813
13790,1.14,3729,1.259,929.1,1.1
14110,1.322,3945,1.216,888,0.9569
14100,1.269,3818,1.289,1175,1.096
13370,1.552,4031,1.285,1056,0.9061
16820,1.329,3948,1.335,1060,0.8979
16590,1.156,3732,1.364,1338,1.07
13060,1.079,3610,1.293,1416,1.352
12720,0.9855,3884,1.278,1136,0.9451
12240,1.18,4170,1.259,1256,0.9304
17110,1.58,4380,1.257,1205,1.184
14990,1.445,4104,1.306,1054,1.25
15720,1.934,3982,1.21,921,0.9989
14260,1.411,4053,1.241,922,0.9849
17030,1.46,3887,1.282,938.2,0.9349
13760,1.366,4096,1.234,1162,1.231
14870,1.263,3982,1.334,859,1.041
11030,1.196,4025,1.209,1134,1.004
14090,0.9973,4137,1.245,1097,1.078
11680,1.001,4326,1.218,1106,1.027
14810,1.123,4329,1.24,1167,1.156
15200,1.155,4450,1.244,1128,1.158
13130,1.188,4058,1.175,1192,1.095
14290,1.61,3902,1.255,1516,1.141
12950,1.139,3845,1.316,1203,1.162
12650,1.095,4124,1.179,1188,0.9974
14320,1.232,4156,1.249,1301,1.072
14570,1.386,4115,1.245,1150,1.018
12960,1.266,4220,1.361,1219,1.161
12330,1.166,3953,1.297,1205,0.9268
14150,1.57,3905,1.234,1064,0.8548
12910,1.171,4026,1.265,1259,1.055
14590,1.176,3725,1.325,1150,1.149
12330,1.18,3720,1.212,1277,1.045
14850,1.269,3938,1.298,1050,0.9091
14440,1.26,4073,1.228,919.4,0.9822
17920,1.523,4208,1.223,1083,0.962
10990,1.305,4314,1.211,1239,1.324
15700,1.98,4040,1.273,1193,1.008
15100,1.522,4265,1.311,899.8,0.9245
11760,1.23,3876,1.186,1208,1.026
11910,1.171,3773,1.321,1128,1.034
13980,1.344,3766,1.277,937.2,0.9721
13280,1.191,3854,1.249,931.1,0.8229
12540,1.065,4113,1.186,1406,1.264
12430,1.284,4124,1.232,988.2,0.9013
11840,1.217,4010,1.299,1102,0.9779
12820,1.353,3732,1.3,930.1,1.042
11240,1.015,3721,1.283,888,0.8239
13250,1.124,3797,1.218,1025,0.991
12220,1.286,4040,1.283,1210,1.09
11410,1.333,3804,1.288,1023,1.097
11570,1.293,3776,1.269,1036,0.9764
11220,1.082,4250,1.206,1041,1.006
17250,1.477,3554,1.253,999.5,1.132
17310,1.525,3679,1.189,1066,1.033
14040,1.202,3978,1.32,1138,1.088
14310,1.271,3936,1.288,884.7,1.108
14050,1.215,3828,1.258,1011,1.336
16130,1.467,3868,1.239,1110,1.204
11970,1.51,4309,1.163,965,0.9281
12530,1.247,3948,1.35,934.7,1.016
12220,1.076,3926,1.227,1085,0.9635
11940,1.258,4077,1.258,1185,1.071
14230,1.462,4082,1.207,1231,1.188
14120,1.354,3990,1.231,985.2,1.087
12380,1.489,3773,1.289,1041,0.993
11830,1.211,4028,1.303,1124,1.017
12520,1.189,3677,1.301,992.8,1.052
12790,1.027,4279,1.341,1254,1.207
11700,0.9555,3738,1.314,1134,1.21
13100,1.237,3925,1.247,1205,1.042
15310,1.337,4049,1.226,1064,1.025
14500,1.479,3705,1.293,1058,1.152
12430,0.9467,3871,1.297,969,0.9989
14990,1.299,3910,1.251,922.4,1.043
14530,1.695,4088,1.265,1449,1.359
12250,1.219,4053,1.236,1234,1.524
14060,1.395,3958,1.288,1005,1.358
13810,1.254,3956,1.206,1294,1.368
11970,1.063,4198,1.235,912.6,0.9749
14530,1.339,3945,1.229,919.8,0.9515
15450,1.192,4060,1.141,976.9,0.8102
14130,1.383,4074,1.196,1357,1.19
12860,1.075,3833,1.388,1114,1.115
12540,1.248,3648,1.289,1143,0.9613
15130,1.11,3984,1.298,884.6,1.029
12880,1.113,3785,1.233,916.5,1.003
13600,1.288,3935,1.203,928.1,1.059
13540,1.151,3912,1.211,1137,0.9811
13190,1.275,3831,1.229,1111,1.032
14610,1.277,4028,1.294,791,0.8999
12580,1.122,4181,1.221,1085,1.108
11450,1.127,3839,1.237,971.1,1.058
13790,1.192,3810,1.291,1279,1.115
14340,1.658,4063,1.241,1210,1.078
16020,1.369,4181,1.273,1244,1.182
15100,1.426,3984,1.283,1290,1.063
12140,1.411,4097,1.307,1070,1.124
14850,1.618,4052,1.28,962.6,0.8785
12270,1.112,4265,1.221,1141,1.132
12870,1.1,3937,1.314,1229,1.331
11750,1.221,3956,1.209,1230,1.115
11000,1.119,3826,1.308,1135,1.169
12660,1.13,3843,1.282,1076,1.168
13160,1.237,4080,1.226,834.2,0.9422
12660,1.272,3685,1.252,1011,1.062
13230,1.589,4189,1.227,1093,1.026
15560,1.398,4024,1.324,935.9,0.9506
13870,1.575,4156,1.255,1099,1.04
12800,1.113,4170,1.281,921.6,0.9215
12000,1.225,4146,1.33,973.2,1.038
16160,1.464,3969,1.239,1205,0.9541
13430,1.059,4077,1.247,1138,1.151
12440,1.053,3999,1.203,1235,1.268
13880,0.9504,3865,1.258,951.2,1.006
11930,1.142,3919,1.233,1015,1.018
12820,1.448,4105,1.176,1184,1.056
13000,1.377,4238,1.222,1037,0.9867
14760,1.393,4311,1.192,1093,1.317
12110,1.171,4054,1.234,1219,1.082
15040,1.502,3988,1.257,971.2,1.098
15850,1.299,4132,1.271,1184,1.035
14380,1.481,4071,1.175,1201,1.072
16090,1.158,4036,1.131,1164,1.005
17100,1.516,3971,1.354,1169,1.049
9858,1.127,3921,1.381,1241,1.2
14860,1.118,3795,1.309,1034,0.9781
14600,1.123,3933,1.229,1152,0.9753
14500,1.481,3971,1.151,1083,1.17
12940,1.073,3969,1.209,1156,1.279
14030,1.424,3742,1.257,1120,1.215
15570,1.323,4175,1.275,1286,1.046
16660,1.528,3862,1.305,1391,1.179
17260,1.342,3724,1.213,1317,1.018
15240,1.554,3850,1.208,949.8,0.8425
16170,1.619,3913,1.231,932.8,0.9909
11970,1.315,3964,1.282,948.9,1.038
12520,1.523,3834,1.274,897.9,0.9636
11260,1.09,3990,1.378,966.1,0.9967
13930,1.637,3809,1.303,961.4,0.8736
14880,1.373,3833,1.264,1493,1.288
13750,1.429,4186,1.273,1364,1.278
11150,1.23,4216,1.154,1014,1.189
15620,1.338,3872,1.223,1259,1.374
14990,1.487,3564,1.417,1111,1.079
14300,1.259,3823,1.365,1043,1.052
12750,1.011,3922,1.304,949.4,1.013
11600,1.226,3712,1.348,1363,1.575
13540,1.384,4220,1.278,849.1,0.9205
14750,1.734,3770,1.207,1458,1.446
14080,1.693,3921,1.341,1201,1.18
13960,1.009,3910,1.119,856.6,1.011
13240,1.142,3998,1.193,1040,1.049
12000,1.409,4093,1.202,966.7,0.8536
14780,1.346,4197,1.25,1021,1.08
13940,1.3,4073,1.313,1063,1.052
12110,1.17,4193,1.224,1252,0.9187
11610,1.384,4539,1.177,918,0.8795
12420,1.231,4095,1.397,1016,1.064
15820,0.8812,4115,1.223,1122,1.159
12980,1.004,3999,1.243,1106,1.265
14180,1.095,3724,1.208,1017,1.132
16530,1.204,4018,1.316,1063,1.101
14770,1.176,3748,1.334,942.7,0.8557
11600,1.16,4295,1.193,869.5,1.049
13970,1.302,4032,1.239,916.9,0.9329
13580,1.05,4041,1.233,1016,0.9688
15410,1.034,4014,1.305,1007,0.9913
13940,1.329,3899,1.264,1459,1.436
12950,1.215,3840,1.231,858.6,0.9875
13720,1.177,4082,1.322,950.8,0.8565
14890,1.19,3863,1.272,858.7,0.8567
14250,0.9314,3830,1.3,1202,1.207
15360,1.171,4098,1.326,1091,1.151
13670,1.338,3915,1.255,1117,0.9686
13860,1.055,3975,1.248,1358,1.063
15250,1.868,4001,1.151,1261,1.178
14100,1.143,4037,1.318,1034,1.13
12800,1.121,4083,1.266,1284,1.345
12750,1.177,3828,1.325,1227,0.9931
12350,1.268,4337,1.25,1160,1.005
14520,1.237,3946,1.205,1303,1.417
12890,1.183,4034,1.249,1511,1.295
12220,0.963,3914,1.237,1083,1.228
15930,1.94,4186,1.278,1035,1.014
15960,1.571,4120,1.295,1128,1.12
14940,1.421,3854,1.266,949.8,0.9625
13420,1.227,3803,1.256,1153,1.08
13080,1.4,3884,1.162,1182,0.999
10640,1.243,4221,1.218,941.6,0.9289
16850,1.875,4037,1.218,938.3,0.9973
14080,1.617,4317,1.221,909.7,0.9567
12650,1.111,4310,1.248,1054,1.034
12390,1.275,4162,1.265,1143,0.9824
13130,1.126,3937,1.245,977.2,0.9279
13290,0.8218,3820,1.276,917.1,0.8838
14190,1.051,4089,1.319,1559,1.153
12730,1.339,4086,1.254,1166,1.319
14010,1.288,4084,1.227,1087,1.262
12840,1.038,4136,1.294,1149,0.9626
13500,1.328,4152,1.204,1123,1.012
14160,1.434,3967,1.268,1064,1.267
15550,1.511,3811,1.229,1011,1.023
16220,1.917,4047,1.301,989.3,1.097
14820,1.4,4127,1.231,915.8,0.8513
14010,1.05,3977,1.203,1274,1.162
15180,1.318,4004,1.264,1174,1.174
16140,1.538,3938,1.336,1000,1.179
15910,1.722,4009,1.197,1038,1.095
15560,1.401,3958,1.255,855.2,0.8769
13440,0.9775,4116,1.285,1142,1.167
13790,1.652,4078,1.29,1144,1.209
14780,1.178,4090,1.24,1227,1.177
13510,1.529,3955,1.264,935.4,0.8589
16490,1.029,3881,1.166,1268,1.204
13730,1.394,3963,1.304,1288,0.9074
13950,0.9427,3920,1.332,1001,0.8424
11980,1.417,3940,1.27,1234,1.206
12560,1.506,3900,1.281,1140,0.9512
12350,1.15,4380,1.218,945.1,0.9741
15790,1.126,3930,1.335,975.7,1.087
11640,1.181,3707,1.347,1126,1.239
11150,1.276,3820,1.34,1043,0.9752
11500,1.187,4143,1.192,973.7,0.9818
11510,1.045,3950,1.274,865.7,0.9471
10770,0.9509,3984,1.283,1066,1.162
11390,1.019,4165,1.19,1051,0.9136
12960,1.684,4316,1.209,1314,1.071
11510,1.152,4262,1.275,1493,1.727
14260,1.632,4024,1.283,1321,1.667
12300,1.284,4457,1.251,1394,1.859
14240,1.23,4100,1.216,1133,1.48
14760,1.048,4294,1.214,1302,1.393
14350,1.3,4109,1.236,1071,0.852
13400,1.382,4106,1.248,1217,0.9989
15720,1.494,4106,1.235,955.5,0.9181
12980,1.231,4008,1.282,1049,1.351
13550,0.9271,3856,1.256,1289,1.136
14250,1.427,4064,1.242,1135,0.871
12740,1.315,4403,1.277,1229,1.113
13490,1.314,4101,1.252,1174,1.057
13640,1.752,3999,1.274,1020,0.979
12240,1.206,3956,1.33,981.6,1.218
12820,0.9555,3896,1.275,1189,1.066
14150,1.694,4080,1.183,1155,1.013
15510,1.26,3983,1.289,1531,1.381
15050,1.087,3990,1.259,1008,0.9969
13200,0.97,3763,1.285,1032,1.082
12910,1.423,4262,1.205,1109,1.124
13110,1.071,3777,1.265,1238,1.328
14110,1.447,3747,1.204,1091,1.282
13570,1.417,3880,1.242,977,0.8419
14530,1.513,4071,1.271,1108,0.9654
13410,1.078,3949,1.319,1044,1.042
14270,1.798,3797,1.327,1080,1.064
13430,1.145,4247,1.269,1002,1.156
15200,1.11,3999,1.199,972.2,0.9245
13240,0.8808,3995,1.303,916.5,0.9531
10390,1.191,4469,1.199,1078,1.089
12370,1.315,3893,1.325,1321,1.22
12730,1.308,4035,1.26,960.4,0.8407
11420,1.015,4102,1.252,1017,0.9851
12150,0.9611,4248,1.264,1058,1.034
14150,1.186,4214,1.277,1215,1.151
13410,1.442,4068,1.245,1081,1.166
12610,0.9658,4348,1.235,983.4,0.9109
13940,1.585,4249,1.181,1267,1.034
16610,1.659,4029,1.305,1221,1.355
15890,1.182,3998,1.257,1312,1.164
15270,1.376,3716,1.397,1137,1.162
12160,1.418,3986,1.302,977,1.022
11220,1.466,4232,1.347,1034,1.007
15720,1.367,3926,1.252,1089,1.101
13090,1.474,4234,1.169,1486,1.036
13080,1.92,3665,1.349,837.1,0.9225
15240,1.397,4380,1.309,1019,1.017
17150,1.015,3965,1.24,761.8,0.8231
14940,1.229,3831,1.266,850.7,1.232
14270,1.308,4179,1.282,1044,1.153
14210,1.159,4210,1.307,1121,1.192
13340,1.599,4019,1.272,923.8,0.8738
14590,1.39,3992,1.205,1201,1.062
13360,1.654,3865,1.272,991.6,0.9042
12300,1.524,4139,1.323,1206,0.9826
12690,1.237,4172,1.211,1050,0.9997
14580,1.366,3910,1.292,1267,1.295
14920,1.547,4240,1.222,1253,1.338
17040,1.406,4048,1.33,1348,1.441
12550,1.117,4051,1.17,1291,1.352
12670,1.177,4017,1.241,961.8,1.107
13480,1.336,4068,1.264,1200,1.045
14950,1.477,4340,1.308,985.3,0.9443
15550,1.175,4200,1.255,1104,1.276
12130,1.363,4192,1.184,1336,1.369
12810,1.073,3950,1.205,1610,1.284
14790,1.321,4370,1.202,1004,1.155
15760,1.558,3849,1.348,874.8,0.9297
13340,1.218,4295,1.274,1012,0.856
13460,1.138,3972,1.284,1227,1.147
11910,1.326,4227,1.176,1156,0.8589
13340,1.278,3912,1.247,1062,0.9706
14530,1.33,4112,1.279,1058,1.015
14790,1.43,4098,1.415,1114,1.259
15730,1.497,4307,1.32,1153,1.227
12940,1.384,3907,1.324,1196,1.179
11120,1.167,3947,1.148,1079,1.063
14240,1.237,3665,1.172,1233,1.138
13080,1.417,4113,1.226,991.8,0.9374
13400,1.045,4063,1.256,1211,1.259
14700,1.062,3870,1.242,1072,0.8673
17250,1.73,3674,1.318,982.4,1.042
14820,1.672,3802,1.282,1010,1.011
14270,1.178,4102,1.301,1077,0.9987
12890,1.708,3938,1.274,924.2,0.9339
13690,1.167,4395,1.189,1234,1.289
13990,1.646,4129,1.285,1043,1.157
11840,1.406,4055,1.361,1287,1.179
15440,1.176,3662,1.376,1016,0.916
16330,1.441,3826,1.241,947.6,1.111
12610,1.1,4283,1.172,1234,1.097
14290,1.019,4262,1.2,1052,0.9129
13820,1.458,4087,1.328,1005,0.9675
14450,1.466,4231,1.173,976,0.9995
15110,1.469,3867,1.226,940.6,0.8682
13550,1.46,4029,1.246,1132,1.077
14130,1.095,4218,1.349,940.2,0.9389
15060,1.034,4123,1.283,1149,0.9562
16390,1.313,3957,1.21,969.6,1.089
15670,1.369,4007,1.28,779.6,0.8626
11460,1.195,3817,1.446,1215,1.095
14220,1.202,3708,1.307,1027,1.033
11790,1.111,4236,1.215,1179,1.061
13910,1.707,3994,1.274,1206,1.246
11690,1.317,4200,1.192,1370,1.436
14510,1.413,4192,1.214,1659,1.24
10840,1.318,4049,1.251,1168,1.084
16370,1.659,3784,1.229,1244,1.13
15550,1.858,3782,1.208,994.4,1.12
11970,1.002,3878,1.326,1348,1.217
15490,1.376,4074,1.202,1081,1.071
12410,1.127,3871,1.317,989.5,1.105
13600,1.28,3963,1.192,1066,1.06
13630,1.244,4120,1.196,1055,1.333
11950,1.03,4332,1.267,1262,1.124
12990,1.269,4001,1.374,1301,1.335
13740,1.39,4016,1.251,964,1.073
16260,1.396,3788,1.262,1150,1.035
13230,1.028,3730,1.282,1085,0.9089
12160,1.296,3912,1.186,1170,1.223
14430,1.553,3670,1.32,1098,1.234
17150,1.559,3835,1.261,1098,1.115
13600,1.097,3984,1.252,991.9,1.112
12730,1.492,3961,1.236,1029,0.9561
12470,1.003,4230,1.312,1091,1.17
14840,1.513,4498,1.258,1022,0.9561
13130,1.007,3925,1.263,922.3,0.9087
10220,1.214,4172,1.264,1015,1.006
13220,1.877,3966,1.256,1097,0.9845
15420,1.49,3731,1.394,1195,1.3
14010,0.9721,4129,1.328,845.2,0.9991
14760,1.693,4116,1.218,979.7,1.026
14540,1.575,3978,1.268,943.4,1.131
13080,1.505,3970,1.334,1209,1.385
14600,1.47,4011,1.281,952.4,0.8631
12130,1.255,4113,1.197,1560,1.091
13720,1.095,3970,1.434,1084,1.217
12750,0.9221,3779,1.26,1050,1.209
12880,1.164,3836,1.233,1271,1.005
13740,1.174,3943,1.274,1018,1.019
13420,1.699,4167,1.24,1100,0.9661
14760,1.179,3686,1.274,1034,0.9154
12540,0.8805,3976,1.245,938.9,0.9591
12370,1.341,3925,1.304,1045,0.9734
10990,1.064,3962,1.239,949.5,0.987
10460,1.076,3911,1.256,776.7,0.8745
14460,1.311,4044,1.261,1206,1.298
14930,1.778,4255,1.226,947.1,0.7623
15700,1.764,4199,1.253,995.1,1.158
12230,1.458,3833,1.275,949.7,0.9315
10980,1.164,3761,1.239,953,1.034
11160,1.039,3777,1.28,1283,1.246
12410,1.262,4048,1.263,701.9,0.7973
13860,1.313,3819,1.268,782,0.8704
11770,1.133,4187,1.291,1210,1.273
12730,1.244,4007,1.288,1113,1.08
13820,1.517,4245,1.162,1329,1.053
12040,0.84,4138,1.292,1184,1.004
17130,1.356,4094,1.245,1204,0.9559
12780,1.096,4164,1.175,1161,1.057
12460,1.144,4193,1.231,1064,0.9825
14790,1.372,4071,1.246,1212,0.8947
13900,1.362,4149,1.277,1000,0.8869
13480,1.345,4061,1.204,879.6,0.9737
12010,1.626,4127,1.263,1184,1.37
15350,1.697,4247,1.262,1181,1.257
13650,1.466,3767,1.325,1014,1.223
14280,1.558,4229,1.236,948.2,1.056
14930,1.457,4022,1.159,943.2,0.8743
12740,1.075,4051,1.197,963.6,1.12
13270,1.373,4064,1.176,955.9,0.9988
16000,1.288,4365,1.234,1054,0.8666
13650,1.028,4194,1.23,957.8,1.009
15270,1.659,3920,1.187,962.4,1.085
12760,1.312,3864,1.206,1251,1.174
12780,1.371,4025,1.269,811.8,0.967
13810,1.217,4141,1.244,872.1,0.8953
13120,0.9671,4030,1.162,1010,1.129
16820,1.271,4323,1.259,1153,1.282
13550,1.262,4108,1.321,926.5,0.9106
14640,1.37,4017,1.296,1029,1.099
12870,1.229,4032,1.267,1008,1.101
13450,1.135,4069,1.314,849,0.9437
12970,1.366,3766,1.407,1000,0.9927
12610,1.197,3697,1.361,873.8,1.089
13550,1.231,3970,1.247,975.3,0.8931
13220,1.117,4102,1.271,1414,1.075
12420,1.133,3880,1.312,1125,1.019
12700,1.097,4034,1.32,1008,1.027
12440,1.248,3864,1.264,1139,1.226
15000,1.378,3721,1.267,864.3,0.8384
11580,1.13,3725,1.277,1199,1.136
13360,1.447,4050,1.23,1213,1.122
11530,0.9532,3949,1.412,1243,1.064
14530,1.092,4254,1.285,1172,1.184
12450,1.17,3622,1.213,956,1.07
12810,1.142,3982,1.241,1207,1.363
14960,1.298,3678,1.33,879.1,0.9994
13150,1.265,4111,1.231,1100,1.061
12020,1.452,4022,1.283,923.4,1.029
14650,1.487,3881,1.312,850.6,0.9591
15420,1.542,4178,1.223,1018,1.135
16350,1.579,4268,1.283,773.1,0.8521
15270,1.29,4147,1.257,1066,0.9919
16580,1.182,3998,1.332,986.2,1.014
15640,0.8792,4336,1.27,987.6,0.9192
10550,1.269,3829,1.263,1070,0.9559
10610,1.143,3993,1.242,1349,1.071
14230,0.8716,3965,1.233,1089,1.217
12900,1.26,4144,1.237,1110,1.24
11410,1.144,3936,1.264,1409,1.147
14220,1.422,4132,1.213,839,0.9507
12420,1.229,3954,1.231,1292,1.229
16530,1.192,4006,1.266,1004,1.031
13090,1.176,3872,1.25,1125,0.9591
11190,1.491,3786,1.204,1260,1.158
15070,1.124,4141,1.216,928.7,0.9605
13950,1.086,4108,1.264,1052,1.047
14250,1.234,3982,1.27,1161,1.068
13900,1.225,3847,1.199,1190,1.009
13360,1.673,4112,1.266,1034,1.189
15490,1.344,4103,1.352,1236,0.9488
14440,1.534,3700,1.318,875.9,1.099
14500,1.313,3928,1.31,898.4,0.9449
11220,0.9529,4088,1.302,974.3,0.8893
12970,1.152,3953,1.293,1270,1.237
13420,1.217,4171,1.365,1056,0.9212
11620,1.13,3817,1.267,987.5,0.8747
13200,1.237,4095,1.214,814.2,0.8961
11260,1.356,4093,1.285,1176,1.139
14150,1.331,3958,1.29,1008,1.05
12950,1.189,4185,1.228,1204,1.053
13480,1.063,3975,1.271,887.1,0.994
12370,1.314,4037,1.363,995,0.8991
13810,1.469,4316,1.239,894.3,1.083
13240,1.279,4298,1.233,1122,0.8539
12850,1.38,4181,1.228,1150,0.8096
15420,0.9867,4005,1.275,1188,0.9867
11330,1.129,3779,1.206,1134,1.057
13900,1.456,3694,1.291,850.5,0.8768
14380,1.826,4072,1.397,1098,1.135
14470,1.323,3778,1.325,1139,1.108
12190,1.146,4177,1.277,1148,0.8482
12360,1.215,4057,1.268,1134,0.8707
15770,1.235,3896,1.211,1179,1.15
16190,1.838,4033,1.211,1247,1.154
15500,1.742,4132,1.304,1247,1.209
13080,1.106,4125,1.31,1226,1.053
14270,1.307,4066,1.298,1133,1.01
12480,1.072,3934,1.258,1014,1.036
13910,1.135,4024,1.354,1054,0.9482
12450,1.219,4093,1.249,1067,1.067
14120,1.223,4094,1.254,1260,1.14
11530,1.351,4026,1.296,1222,1.042
14570,1.906,4211,1.248,997.6,1.008
15250,1.577,4039,1.291,1096,1.173
13030,1.107,4001,1.292,965.1,1.053
14810,1.58,4209,1.366,1164,1.141
14900,1.679,3904,1.339,1066,1.089
15150,1.638,4095,1.252,1001,1.074
12250,1.048,3960,1.252,1247,1.105
16430,1.427,3949,1.256,1346,1.152
14100,0.9868,4010,1.237,1127,1.055
10650,1.258,3956,1.26,934,1.289
15930,1.379,4014,1.272,1168,1.148
14280,0.8108,3953,1.235,818.1,1.034
15440,1.35,3834,1.199,1192,1.198
15690,1.545,4070,1.198,962.3,1.07
14540,1.515,3956,1.288,907.8,0.8951
12520,1.285,4226,1.268,1081,1.053
12160,1.519,3903,1.272,1036,0.9771
10560,1.177,3935,1.319,945.7,0.9724
11670,1.323,4192,1.226,1139,1.111
13690,0.9597,3957,1.284,1138,0.9526
13680,1.173,3921,1.297,1056,1.114
13550,1.581,4085,1.288,987,0.8635
13230,1.284,4211,1.231,1009,1.046
13500,1.456,4107,1.298,887.5,0.7699
14030,1.541,4086,1.256,1293,1.032
16110,1.542,3878,1.23,1001,1.029
15110,1.487,3950,1.244,1144,1.017
14940,1.599,3973,1.241,1167,1.041
13990,1.588,4063,1.237,855.8,0.9911
14800,1.142,3800,1.294,1221,1.08
14260,1.053,3767,1.26,1004,1.033
12860,1.332,4204,1.305,1080,1.011
14640,0.948,3967,1.214,1109,0.9881
12510,1.171,4486,1.305,1066,0.9235
14950,1.163,4368,1.18,1153,1.286
12490,1.05,4186,1.22,1281,1.254
10040,1.083,4081,1.284,979.2,1.046
11140,1.161,4025,1.331,818.1,1.182
13190,1.479,4134,1.211,1096,1.073
15010,1.052,4190,1.258,904.1,0.8778
13500,1.211,3765,1.32,1139,1.031
12300,1.124,3763,1.356,1103,0.9808
14370,1.189,3905,1.277,1125,1.226
14860,1.243,3682,1.295,1031,0.8837
13920,1.367,3937,1.211,1158,0.9114
13510,1.812,3993,1.211,744.6,0.8677
14890,1.412,4034,1.211,821.8,1.115
13940,1.467,4370,1.281,952.5,0.7945
14690,1.521,4084,1.329,1171,0.9312
11230,1.227,3923,1.284,1197,1.1
13510,1.026,4252,1.245,1242,1.224
14050,1.371,3884,1.232,1094,1.096
12440,1.114,4116,1.245,1289,1.302
13140,1.253,4131,1.269,1061,1.089
14730,0.8555,4159,1.314,1042,0.9543
12790,1.269,3867,1.203,1027,1.108
11290,1.079,4135,1.239,868.4,0.9874
12720,1.393,4156,1.286,673.8,1.039
14130,1.171,4225,1.302,1023,0.9866
11700,1.055,4009,1.255,983.3,1.055
13400,0.9115,4068,1.253,1428,1.229
12570,1.56,4172,1.227,965.4,0.8666
12970,1.151,3854,1.351,954.4,1.166
14060,1.222,3803,1.24,1045,1.135
11820,1.378,3917,1.256,1113,1.17
12620,1.198,3932,1.266,839.3,0.9564
12650,1.042,3782,1.281,1303,1.093
13030,1.13,3891,1.264,965,0.9673
13180,1.139,3883,1.299,1124,1.123
10660,1.119,4283,1.252,1287,1.079
13080,1.272,4110,1.285,1185,1.06
14060,1.313,4037,1.214,1068,0.9622
12430,1.415,3964,1.246,1085,1.083
13920,1.407,4058,1.283,1303,1.035
15580,1.148,3884,1.233,970.9,1.131
11460,1.315,4522,1.247,1063,1.174
17470,1.613,4054,1.33,1031,1.103
15010,1.301,3967,1.311,1081,0.9905
16340,1.745,3932,1.292,1104,1.066
15030,1.526,4193,1.287,1233,0.889
12880,1.304,4146,1.239,1277,1.032
11440,1.176,4453,1.171,872.1,0.9857
11320,1.207,3791,1.294,937,1.052
15420,1.101,4025,1.149,1090,0.9031
10590,1.4,4254,1.215,1291,1.373
