hERG_IC50,hERG_h,hERG_Bmax
1.24,0.6044,84.08
0.4495,0.7162,78.1
1.306,0.615,86.2
1.444,0.6197,88.93
0.5125,0.6754,80.43
0.9595,0.753,78.46
1.616,0.5993,89.73
1.483,0.7549,79.38
0.4994,0.7575,78.61
0.9524,0.6228,85.78
0.7709,0.6265,82.9
1.971,0.6238,86.96
0.5993,0.6568,83.49
1.538,0.6009,89.2
0.6001,0.7221,75.88
0.6862,0.6637,79.04
1.002,0.7675,76.41
0.5954,0.6543,83.86
0.4484,0.6899,77.47
0.6059,0.7304,76
0.7891,0.6133,82.86
0.8457,0.5724,91.37
0.889,0.6133,86.1
1.036,0.6347,88.17
0.7397,0.6706,80.53
0.5087,0.6797,81.1
0.4451,0.7072,77.52
0.9625,0.579,88.26
0.727,0.6854,81
1.543,0.746,78.83
1.009,0.6094,82.03
3.054,0.5912,96.82
0.7488,0.6072,83.31
1.335,0.5883,87.04
1.534,0.5659,89.94
0.4451,0.734,77.34
2.784,0.5527,96.12
1.162,0.5687,90.46
1.061,0.6852,79
0.6507,0.6108,85.98
1.478,0.6101,89.22
0.9918,0.6417,79.6
0.568,0.6725,81.68
1.544,0.784,80.06
0.6104,0.7614,76.09
1.079,0.6003,89.07
0.7222,0.6135,87.37
0.56,0.6818,82.21
1.119,0.5818,88.25
2.068,0.6448,87.8
1.501,0.7104,78.05
1.415,0.5778,94.57
0.5427,0.6372,82.27
0.8313,0.6512,83.79
0.5985,0.6334,83.98
0.8896,0.6093,86.21
0.9861,0.5757,88.63
0.4508,0.7839,75.84
0.9217,0.623,85.38
0.5387,0.7382,80.02
0.6182,0.8041,76.25
0.8586,0.5892,90.96
1.508,0.6009,89.56
0.9548,0.6818,76.13
2.002,0.5593,96.51
0.4032,0.8247,79.99
0.9717,0.7393,78.03
0.7952,0.6445,82.21
0.666,0.7089,83.57
0.4576,0.8113,75.48
0.8119,0.595,89.15
1.661,0.6373,91.48
0.6127,0.693,78.57
1.842,0.5532,94.8
0.2956,0.8247,75.17
0.8171,0.6038,83.2
1.487,0.5766,89.1
0.4524,0.7482,77.57
2.545,0.59,93.11
0.8785,0.6081,86.44
1.954,0.5559,96.26
1.172,0.6512,80.8
0.8604,0.574,91.62
0.8596,0.7152,75.41
1.201,0.5681,92.31
1.701,0.6293,91.5
0.8466,0.6473,83.78
1.195,0.6612,83.41
2.077,0.5545,96.29
0.3845,0.744,79.43
0.9971,0.6176,87.29
1.315,0.574,93.17
0.8237,0.6488,83.92
0.8403,0.6571,83.91
0.6237,0.666,77.73
1.419,0.5916,88.68
0.6898,0.7644,78.05
1.522,0.6639,86.25
0.6193,0.6261,83.84
0.736,0.6446,88.48
1.788,0.682,83.67
2.767,0.606,94.64
1.629,0.6223,92.06
2.183,0.6005,99
0.6629,0.6755,79.35
0.398,0.7728,80.53
0.7116,0.6113,82.01
0.8512,0.6175,84.55
0.4153,0.7495,76.08
0.5941,0.6523,83.53
1.103,0.6405,87.93
2.263,0.5815,99
0.3201,0.8299,76.37
0.8357,0.6852,81.19
0.7627,0.7107,81.62
0.8651,0.6135,84.85
1.026,0.592,88.36
1.951,0.5557,95.86
0.9034,0.6593,84.98
0.8171,0.6499,83.33
0.9372,0.6459,85.09
0.744,0.7653,78.9
1.08,0.6599,82.67
0.4374,0.6844,78.17
0.6664,0.6365,85.16
1.053,0.5971,81.88
1.534,0.6353,88.48
0.9908,0.6445,86.58
1.391,0.5613,87.25
1.012,0.6128,87.69
0.8319,0.6533,83.86
0.5211,0.6793,80.9
0.373,0.7275,80.39
0.3869,0.7699,80.18
0.7904,0.5794,89.95
0.5521,0.6786,82.66
0.8471,0.643,83.96
1.383,0.5938,88.01
0.7389,0.6598,80.73
0.4379,0.6939,78.24
0.6499,0.7164,77.47
0.9688,0.5814,87.01
1.599,0.6032,91.04
2.705,0.5788,93.86
1.188,0.6418,83.53
1.057,0.5776,88.55
0.7577,0.6313,82.89
1.262,0.6832,83.88
1.489,0.5573,89.1
0.564,0.6885,81.38
2.234,0.582,99
0.7605,0.6564,87.67
0.5997,0.6726,83.05
0.7438,0.6915,80.15
1.943,0.5805,94.74
0.4745,0.7655,77.43
1.116,0.6665,81.88
1.49,0.6106,89.66
1.291,0.5885,91.22
1.68,0.5542,92.71
0.6713,0.6207,85.18
1.675,0.5877,92.03
0.6373,0.6647,78.3
0.4164,0.7292,76.86
1.01,0.5996,87.79
0.6575,0.654,84.7
0.419,0.7467,81.41
0.8861,0.6855,83.93
1.055,0.6133,81.03
0.9925,0.6197,79.96
1.334,0.5908,87.28
0.6688,0.6361,79.73
0.6433,0.7309,77.41
0.4172,0.7525,81.64
0.6599,0.6261,85.22
0.7342,0.6789,80.7
0.9026,0.6394,85.57
0.6085,0.6576,83.77
0.7328,0.6645,80.95
2.781,0.5692,94.51
0.8872,0.6128,85.85
0.6034,0.6876,82.89
0.9757,0.6675,85.83
1.587,0.6597,81.04
0.879,0.6372,84.15
1.573,0.6064,89.4
1.033,0.622,88.79
0.7176,0.6597,81.85
0.7928,0.6036,88.63
0.4825,0.7973,76.59
1.442,0.6736,87.07
0.9433,0.6219,83.92
0.8838,0.6539,85.36
0.6599,0.762,77.11
1.922,0.5594,94.46
1.597,0.6074,90.79
0.4458,0.6971,77.73
0.4027,0.7144,81.92
3.214,0.5474,99
1.594,0.7851,79.6
0.4809,0.7224,78.59
1.031,0.667,80.15
0.8927,0.6846,74.53
2.629,0.5824,93.55
0.8807,0.6128,85.72
0.8605,0.583,85.33
1.559,0.5874,90.33
1.105,0.6136,83.18
0.81,0.6606,83.48
0.3067,0.8458,74.81
1.626,0.5579,90.56
0.3742,0.8087,78.49
1.008,0.5661,89.28
0.8475,0.6672,83.34
1.534,0.5797,89.09
0.4214,0.8028,74.5
0.418,0.8108,75.32
1.579,0.5667,95.38
0.3939,0.7884,80.1
1.015,0.6287,86.79
1.396,0.6404,85.68
1.483,0.6389,88.02
1.342,0.5802,93.37
0.7724,0.6438,82.98
0.9677,0.6149,87.39
0.9363,0.6882,76.42
0.889,0.6795,82.85
1.317,0.7169,77.51
0.5373,0.6786,80.59
0.4901,0.7197,78.79
0.8669,0.5793,91.59
1.037,0.5823,88.67
0.6033,0.667,83.91
0.5928,0.7352,76.82
0.5184,0.684,80.79
1.51,0.6226,89.09
1.021,0.6643,80.91
1.265,0.5877,85.28
0.9718,0.6933,78.25
0.6889,0.6803,79.61
0.9938,0.7979,76.38
2.228,0.5569,98.34
0.5194,0.6731,80.87
0.4826,0.7328,78.8
0.7722,0.6143,88.36
0.5185,0.7533,79.77
0.4887,0.7049,84.21
0.9965,0.645,86.67
1.14,0.6608,83.27
1.292,0.5637,93.76
0.7346,0.7167,80.29
0.8792,0.6062,84.8
1.052,0.6397,88.3
1.085,0.6873,81.66
0.8175,0.6873,83.05
0.5125,0.6754,80.43
0.8521,0.6768,83.33
0.7608,0.6161,88.95
0.4747,0.6918,84.1
1.082,0.6263,83.54
0.6276,0.6629,78.21
0.4439,0.7433,82.31
0.4295,0.7293,76.76
0.7591,0.6347,82.72
1.269,0.6144,86.17
0.4533,0.7098,78.09
1.091,0.5888,89.95
0.7135,0.648,80.95
0.9951,0.7378,76.84
0.4916,0.6891,79.12
0.7706,0.6375,82.79
1.005,0.6142,87.55
1.168,0.6952,82.55
0.5363,0.7164,79.66
0.8142,0.7445,73.73
1.052,0.6889,79.39
1.053,0.7112,78.71
1.372,0.566,93.58
0.5898,0.78,74.63
1.011,0.6701,80.27
1.367,0.6612,86.53
0.6168,0.7345,82.12
0.5033,0.655,81.97
0.5229,0.747,79.92
1.039,0.5965,81.72
1.066,0.6606,79.72
1.047,0.7233,79.06
0.499,0.753,79.02
0.441,0.7324,82.73
1.132,0.6552,81.27
0.6168,0.6204,83.87
1.284,0.6644,83.89
1.176,0.5954,85.17
0.9337,0.6853,85.72
1.159,0.6723,80.2
1.369,0.6419,86.5
2.015,0.5567,98.2
1.009,0.6152,87.54
0.7126,0.7839,78.11
0.4072,0.783,79.2
0.9366,0.6332,77.31
0.6859,0.7523,78.45
1.044,0.6418,88.11
1.165,0.6928,82.02
0.6653,0.673,84.25
0.6461,0.6974,84.11
1.151,0.6347,83.96
0.5274,0.7036,80.23
0.5636,0.7223,81.11
1.375,0.6385,86.27
0.3844,0.7719,80.17
1.265,0.5871,92.83
0.8905,0.7204,83.61
2.011,0.5627,96.03
0.9728,0.5898,86.92
0.9155,0.7295,82.96
1.006,0.5815,88.37
0.3848,0.7699,80.51
1.592,0.6205,90.05
1.176,0.5839,91.46
1.614,0.5674,90.82
1.486,0.7761,78.72
1.513,0.9049,77.97
1.483,0.5553,89.55
0.8956,0.6968,84.26
0.8138,0.6029,84.7
0.3407,0.7962,76.97
0.8048,0.6775,81.9
1.051,0.667,87.59
0.3722,0.8261,78.14
1.21,0.607,84.95
0.6562,0.7553,82.85
0.5647,0.7082,81.37
0.75,0.626,82.8
0.5652,0.6902,77.11
0.8795,0.618,78.84
0.9164,0.629,85.57
0.7063,0.6444,81.42
2.029,0.5591,96.17
1.113,0.6111,83.59
0.9881,0.6399,86.75
0.5775,0.7593,81.1
1.161,0.6676,89.86
0.6755,0.6169,80.35
0.7022,0.6477,81.19
1.676,0.6082,82.41
1.147,0.5816,84.57
2.847,0.5738,95.93
1.458,0.6363,88.43
0.7868,0.6517,82.45
1.549,0.5664,98.21
0.4922,0.7483,78.24
0.3254,0.8331,76.94
0.6367,0.6678,78.36
0.714,0.6224,87.27
0.7548,0.6755,82.39
0.9487,0.6927,85.84
0.8919,0.61,86.12
0.7004,0.6876,78.87
1.168,0.5692,91.74
0.9263,0.6257,85.66
0.415,0.7805,75.17
1.288,0.5993,86.12
0.8122,0.7852,80.4
0.6871,0.6553,79.91
0.7691,0.6153,88.38
2.116,0.575,99
0.6508,0.715,83.77
1.717,0.5964,91.06
0.5475,0.6496,82.56
1.168,0.6358,89.57
0.4912,0.7441,79.01
0.967,0.6672,79.81
0.8411,0.6071,84.68
0.7664,0.6185,88.87
0.9644,0.6573,86.51
0.8462,0.6552,89.21
1.522,0.5855,90.71
0.6075,0.6728,83.47
0.6921,0.718,78.62
0.6389,0.701,85.27
0.4834,0.6947,79.52
1.19,0.6074,85.02
1.394,0.5888,88.75
1.083,0.6021,81.96
0.7737,0.6556,82
0.4325,0.7689,79.46
2.09,0.6068,89.49
1.712,0.5663,98.63
1.187,0.6706,82.78
1.24,0.6573,84.89
1.27,0.684,83.42
0.4612,0.7073,77.9
0.5064,0.663,81.39
1.673,0.7459,81.86
0.555,0.6718,82.47
0.6298,0.6398,85.55
0.5889,0.6818,76.95
0.7457,0.6402,88.04
1.381,0.6652,87.68
0.3674,0.7641,74.14
1.336,0.5921,86.99
0.7519,0.651,82.09
1.023,0.6638,87.27
0.6112,0.7027,82.29
1.386,0.6071,88.12
0.5638,0.6226,82.92
1.101,0.6609,81.42
1.253,0.6077,92.1
0.779,0.5898,83.96
0.8007,0.6456,82.49
1.635,0.8092,80.65
0.6957,0.6505,86
0.5059,0.7497,78.48
0.5059,0.6579,81.08
0.5533,0.6964,81.98
0.6671,0.6588,84.77
0.7139,0.6594,86.52
0.5905,0.6895,83
0.5813,0.6826,77.17
0.4405,0.7135,77.67
0.7112,0.6738,80.66
0.6605,0.6192,85.81
0.5678,0.6914,81.81
0.7137,0.6666,85.51
0.6891,0.7517,78.46
1.026,0.592,88.36
1.48,0.6674,79.42
0.9977,0.6223,87.17
0.4747,0.7717,77.44
0.5659,0.7083,81.4
2.202,0.6072,88.94
1.317,0.581,86.02
1.852,0.6528,83.91
1.675,0.5877,92.03
1.703,0.559,92.7
0.3668,0.7472,74.32
0.8242,0.7261,73.56
0.6056,0.6756,83.23
1.13,0.5967,89.41
0.6422,0.7391,77.77
0.5635,0.6887,81.95
1.233,0.6518,85.31
0.7458,0.6587,80.95
1.095,0.6075,87.37
1.37,0.5713,93.49
2.082,0.6755,88.31
1.477,0.5962,89.43
1.084,0.6804,78.67
0.4416,0.7209,82.9
1.109,0.7299,79.82
0.39,0.7997,74.2
0.3623,0.7879,78.75
0.9651,0.6065,86
0.7236,0.7065,80.5
0.9255,0.5966,86.29
0.9831,0.5735,92.91
1.081,0.7084,81.01
1.341,0.564,94.55
1.587,0.5999,89.98
0.9569,0.6165,79.9
0.4852,0.6966,84.26
0.91,0.6006,86.14
1.182,0.5636,91.49
0.4906,0.7176,79.26
1.25,0.6664,84.8
1.773,0.5574,93.34
0.5133,0.6724,81.3
0.5223,0.6707,81.08
0.7688,0.6738,81.79
0.4707,0.6872,79.36
0.6431,0.6034,86.45
0.6414,0.6758,77.99
0.605,0.683,78.32
0.763,0.6976,81.79
0.977,0.6236,87.29
0.8505,0.6441,84
0.5529,0.7118,75.09
0.6824,0.6504,80.02
0.8148,0.6675,81.78
0.3221,0.7447,78.19
0.5558,0.7134,81.52
0.4331,0.6834,78.32
0.801,0.6144,83.09
1.599,0.6093,90.85
0.9704,0.6406,85.24
0.7376,0.6937,80.52
0.6974,0.5957,80.62
1.312,0.5986,86.22
0.7211,0.5932,87.32
0.5422,0.7811,79.68
0.5358,0.6918,80.31
1.074,0.5656,88.84
0.5294,0.6991,79.89
1.088,0.6112,89.4
0.913,0.6607,78.12
1.7,0.5553,92.88
0.8571,0.6828,82.75
0.4878,0.6837,79.11
0.6622,0.6954,79.2
0.3714,0.8177,78.92
0.551,0.6518,82.27
1.077,0.6072,87.27
0.4883,0.7074,84.44
0.804,0.6762,81.83
0.652,0.6105,85.92
1.678,0.5569,91.47
0.8282,0.6798,82.86
1.386,0.5631,94.54
0.7724,0.6283,82.6
1.343,0.5768,86.87
0.4064,0.8397,79.84
2.033,0.6073,87.61
0.4357,0.7749,76.35
0.7224,0.6248,86.51
0.6902,0.7212,78.66
1.32,0.5671,86.07
0.8064,0.7067,81.31
1.239,0.5663,92.15
0.5881,0.6505,83.42
0.6133,0.6658,78.63
0.5218,0.6751,81.39
0.4606,0.7234,77.29
0.7297,0.6433,81.58
1.232,0.5822,85.42
1.269,0.5771,91.83
0.7654,0.6383,88.01
0.5182,0.6486,86.19
1.357,0.6342,86.28
0.5331,0.749,80.62
0.5377,0.7346,79.85
0.9614,0.5658,87.39
0.3687,0.7469,74.52
0.5232,0.719,73.86
0.8959,0.6651,84.69
0.6982,0.6725,86.1
1.356,0.6317,84.2
1.77,0.5545,93.26
0.6728,0.6827,78.85
1.018,0.6261,88.57
1.097,0.5733,90.02
0.7584,0.6332,82.61
0.3386,0.8,77.66
1.335,0.5883,87.04
0.8227,0.6014,90.63
0.5814,0.714,81.04
0.5701,0.6956,81.73
0.7122,0.6449,81.61
0.9806,0.6409,78.73
0.5405,0.7687,79.49
1.681,0.5768,97.88
0.2926,0.855,74.61
1.466,0.5816,88.64
1.14,0.6584,81.61
1.039,0.6348,80.73
0.3181,0.8825,74.57
0.6371,0.6679,85.06
2.024,0.599,87.68
0.6615,0.6866,79.49
1.19,0.6381,83.81
1.4,0.6243,86.67
1.041,0.6502,88.29
0.6939,0.676,86.67
0.4885,0.8088,77.59
0.6333,0.7182,77.63
0.8954,0.5822,85.71
0.3925,0.784,80.48
0.8776,0.6041,84.99
0.892,0.7678,77.3
0.8078,0.6313,84.23
0.5413,0.6856,74.87
1.122,0.6835,80.54
0.3774,0.7299,80.77
0.332,0.7637,78.34
0.5598,0.6729,82.05
0.9763,0.6049,87.83
1.491,0.6033,88.14
0.7472,0.6191,81.44
1.08,0.5989,89.13
1.382,0.5725,87.56
0.7855,0.7253,81.18
0.7424,0.6931,80.58
0.8211,0.6794,82.61
0.5332,0.6967,80.17
2.718,0.6367,94.38
1.039,0.6382,88.09
0.7723,0.629,82.87
2.041,0.6295,86.51
0.5689,0.6901,81.64
1.211,0.7658,73.98
0.4361,0.7369,82.91
0.6211,0.6757,78.27
1.239,0.6201,84.26
1.181,0.618,84.67
0.3433,0.768,72.2
1.286,0.6012,86.51
0.7399,0.7191,86.76
0.8589,0.6704,83.53
1.56,0.695,80.17
1.262,0.5643,93.06
1.599,0.5553,90.9
0.5345,0.7044,80.1
0.3948,0.6989,82.28
0.8352,0.5927,84.98
1.093,0.5978,89.24
0.458,0.7521,77.55
1.867,0.5857,95.09
0.596,0.6641,84.19
0.677,0.7249,78.55
1.405,0.5931,88.98
1.492,0.5629,95.27
0.598,0.6739,83.75
1.132,0.5995,90.6
0.5731,0.6777,76.75
0.8879,0.6899,83.9
1.054,0.6006,89.26
0.3821,0.7338,75.94
1.264,0.5762,93.52
0.6025,0.6698,83.23
0.7955,0.6822,81.89
0.743,0.6843,80.32
0.8076,0.6513,82.42
1.341,0.5883,86.6
0.4836,0.7116,78.92
2.16,0.6129,96.93
0.9481,0.6311,87.17
0.6554,0.6578,84.75
1.683,0.7491,81.91
1.707,0.5799,92.05
0.5729,0.7432,74.75
0.7259,0.7497,79.53
0.5316,0.6299,80.83
0.6942,0.7036,78.81
1.087,0.6958,81.46
0.8611,0.7218,75.61
0.663,0.6904,79.33
0.9754,0.6942,85.35
0.756,0.6601,87.15
1.587,0.5964,89.07
0.7921,0.6599,82.26
0.9515,0.6005,86.39
0.6585,0.7142,83.19
0.5215,0.6407,80.67
0.7836,0.7546,80.55
0.4524,0.7482,77.57
0.9319,0.6007,86.37
0.5213,0.725,79.93
0.8358,0.646,83.62
0.6088,0.7421,81.98
0.8844,0.7617,74.6
1.372,0.6435,86.4
0.6936,0.7085,78.74
0.5783,0.7566,74.76
0.3849,0.8582,78.81
0.4928,0.7367,79.18
0.8812,0.6132,84.84
1.613,0.6151,90.52
0.6054,0.6098,84.62
0.5669,0.702,81.95
0.7402,0.7371,79.6
0.9629,0.6698,79.68
1.061,0.6128,89.05
0.7788,0.6557,82.24
2.209,0.5567,96.88
0.357,0.843,77.32
0.9196,0.6304,85.54
0.8863,0.6052,84.97
1.359,0.6435,86.15
0.6515,0.7091,77.63
0.7184,0.6544,86.24
0.7013,0.793,77.49
0.7427,0.6226,81.25
0.7162,0.6815,80.85
1.202,0.6476,82.88
0.7106,0.6195,87.12
2.205,0.6045,88.97
0.7204,0.6488,86.45
1.019,0.6356,86.68
0.5462,0.7832,79.31
0.7874,0.6771,81.56
0.4898,0.7049,79.02
0.8039,0.6235,83.09
0.6477,0.7011,77.9
0.5041,0.7423,78.51
1.468,0.5741,89.37
1.051,0.6362,88.24
0.7828,0.6011,83.74
0.9704,0.6539,86.54
0.9894,0.6394,86.63
0.7324,0.6959,80.2
1.384,0.6022,88
0.5637,0.7199,81.12
0.9619,0.6513,86.27
0.707,0.6484,81.3
1.065,0.635,86.4
0.298,0.93,73.22
0.3663,0.7625,74.85
1.9,0.6079,93.32
0.6923,0.6223,87.51
0.779,0.5992,83.78
0.9467,0.6337,87.17
0.6601,0.6751,84.61
1.137,0.6307,88.16
0.612,0.7096,82.57
1.641,0.565,98.21
0.9946,0.6397,86.75
0.8694,0.5743,91.32
1.896,0.6698,85.93
0.6809,0.641,80.1
0.3257,0.8414,76.43
0.5771,0.739,81.01
1.183,0.6418,83.36
0.7177,0.682,85.44
1.534,0.6791,80.88
0.4878,0.7126,79.35
0.7342,0.6455,88.03
0.6232,0.7639,81.3
0.5729,0.6539,82.63
0.8423,0.64,83.81
0.8117,0.626,83.08
1.19,0.6163,84.64
0.5265,0.7043,80.27
0.4715,0.7568,77.04
1.225,0.5985,85.13
1.115,0.5875,89.36
0.6499,0.6829,77.73
1.972,0.5541,95.94
0.9176,0.7136,83.77
0.5775,0.7487,80.86
1.321,0.6321,84.6
0.8744,0.5691,91.06
0.957,0.5751,87.01
0.5976,0.7095,83.61
0.4924,0.7799,83.76
0.9875,0.6199,87.1
0.5687,0.7124,81.26
0.7118,0.6339,81.31
0.8867,0.5738,92.95
1.186,0.6318,84.08
0.5347,0.8146,71.24
0.8279,0.6077,83.23
1.505,0.5855,88.3
0.9743,0.5958,87.98
0.8126,0.6995,82.84
0.6397,0.6706,85.12
0.8273,0.6536,83.43
0.7062,0.6271,87.02
0.8763,0.5971,84.97
1.213,0.6272,83.52
0.6516,0.7342,77.47
0.677,0.7249,78.55
1.785,0.6975,82.53
0.4397,0.8591,80.54
0.8582,0.5931,90.37
0.639,0.7278,83.46
0.5069,0.756,78.38
0.8722,0.6215,86.03
0.664,0.7553,76.89
1.075,0.5711,89.08
1.048,0.6107,88.87
0.7524,0.6499,88.1
1.768,0.7659,82.71
0.5777,0.6801,76.58
0.6352,0.6915,78
1.545,0.5637,89.48
0.7423,0.6629,80.9
2.18,0.5563,97.88
0.4489,0.6982,77.82
0.7068,0.6511,86.58
1.907,0.6168,85.18
1.103,0.6441,82.72
0.7773,0.6742,80.31
1.343,0.5792,86.94
1.512,0.5636,89.55
1.253,0.6294,83
0.6534,0.665,84.77
0.7699,0.6099,81.71
0.3964,0.7429,81.88
0.6662,0.635,85.62
0.5917,0.7821,80.17
0.6846,0.682,79.3
1.297,0.599,92.35
0.3247,0.7793,77.83
1.163,0.5985,90.94
0.7848,0.6226,83.2
1.115,0.5875,89.36
1.704,0.5789,91.47
1.66,0.5606,90.71
0.9273,0.6553,85.14
1.283,0.5951,92.35
0.6473,0.6536,85.14
1.17,0.5676,90.59
0.4679,0.7697,77.15
0.7732,0.6482,81.98
1.159,0.6854,82.98
0.6179,0.6397,83.76
1.198,0.623,91.54
1.339,0.6347,86.65
0.9916,0.6452,78.5
0.9069,0.6189,85.8
1.359,0.5732,93.75
0.5614,0.706,81.84
0.8989,0.6144,86.04
1.019,0.6482,87.93
0.7598,0.7033,81.48
1.731,0.6027,93.01
1.159,0.6021,89.09
0.47,0.6715,80.05
0.5212,0.8179,77.6
0.8045,0.6548,82.28
0.4822,0.7222,78.59
1.23,0.5651,91.88
0.3811,0.7629,80.56
0.9465,0.5975,86.25
1.69,0.5524,93.3
1.392,0.5562,88.22
1.071,0.5661,90.58
0.8508,0.5807,83.94
2.072,0.6919,87.44
1.15,0.6265,81.67
0.8537,0.6049,91.01
0.7763,0.6465,80.83
0.7124,0.658,86.53
0.5012,0.6592,86.04
1.07,0.7002,81.87
1.181,0.664,83.3
0.6596,0.7589,76.73
1.554,0.566,96.77
1.012,0.565,88.85
0.7825,0.5974,83.98
1.394,0.5888,88.75
1.058,0.587,88.32
1.673,0.569,92.69
0.4248,0.7387,81.14
1.421,0.6032,87.79
0.759,0.7371,80
0.8499,0.6354,77.32
0.7176,0.6061,81.86
0.6285,0.6901,77.64
0.6623,0.6767,83.93
0.6303,0.7044,77.81
0.5694,0.705,81.33
1.271,0.6038,84
0.5548,0.7205,75.47
1.285,0.6108,86.01
1.716,0.7075,82.87
1.112,0.5788,90.06
0.5985,0.6334,83.98
0.6201,0.7295,81.94
2.973,0.5955,99
0.5282,0.6574,80.84
1.747,0.6151,83.91
0.9906,0.7133,77.26
1.442,0.599,88.56
1.77,0.5545,93.26
1.222,0.6007,84.91
0.9833,0.6318,79.46
0.3617,0.7551,74.36
0.6806,0.6857,79.41
1.273,0.784,75.18
0.6675,0.7511,76.87
0.7373,0.7315,79.71
0.4586,0.7432,77.71
1.152,0.6597,80.5
0.5359,0.7214,79.83
0.7878,0.6503,82.39
0.7266,0.66,80.44
1.146,0.5802,83.9
0.383,0.7712,80.44
0.4108,0.7414,81.99
1.042,0.6768,79.7
0.9487,0.612,79.86
0.6024,0.6525,83.23
0.8962,0.719,74.3
1.542,0.6752,80.94
0.4433,0.7883,76.17
1.101,0.6029,89.26
0.3049,0.84,75.85
1.184,0.6154,85.13
0.698,0.6366,87.02
0.2996,0.8348,75.76
0.6087,0.6667,83.46
0.898,0.6058,91.39
1.178,0.6717,83.38
0.4949,0.7068,79.28
1.345,0.6007,87.86
0.4395,0.8335,74.44
1.212,0.5645,91.72
0.7261,0.7258,80.42
1.206,0.592,91.11
0.7868,0.6517,82.45
0.6123,0.67,83.74
1.059,0.5865,89.8
0.5624,0.658,76.93
1.284,0.6169,86.14
0.437,0.7272,78
0.4794,0.6852,79.64
0.6436,0.6062,86.12
1.449,0.6337,88.66
0.6476,0.6352,80.44
1.154,0.6526,83.83
1.144,0.5917,89.6
0.9411,0.6635,84.34
0.7107,0.6394,81.18
0.5871,0.7037,76.25
0.6878,0.6615,86.23
0.4936,0.768,78.21
1.978,0.5973,93.8
0.877,0.7059,74.79
0.659,0.6661,79.78
1.141,0.6252,84.47
0.5317,0.7139,80.45
0.5117,0.6881,80.55
1.342,0.5654,93.66
1.283,0.5951,92.35
0.7049,0.6557,79.22
0.8755,0.619,84.48
1.683,0.5999,93
0.7402,0.6938,79.95
0.9887,0.5824,86.75
2.052,0.6182,86.84
0.4194,0.7737,81.34
1.125,0.6514,81.24
0.6988,0.6606,80.99
0.6077,0.7384,81.89
1.589,0.572,89.99
0.502,0.6563,81.1
0.5424,0.7366,79.5
0.4918,0.7115,78.65
1.022,0.7024,79.96
0.5587,0.7311,81.23
0.4621,0.7349,78
0.5393,0.7734,83.56
0.6501,0.6811,84.8
0.8498,0.6497,83.8
1.055,0.7242,78.25
0.8617,0.6587,83.38
1.235,0.6258,91.11
1.108,0.6423,82.63
0.5478,0.7631,79.02
2.913,0.5905,99
1.001,0.6159,87.35
1.588,0.7228,81.34
1.216,0.63,83.63
1.1,0.6178,88.53
0.5897,0.7212,76.66
1.38,0.6018,87.72
1.389,0.5594,88.03
0.7523,0.6559,82.67
0.959,0.7035,85.35
1.22,0.6679,85.34
1.926,0.7341,84.75
1.128,0.6014,89.67
1.102,0.6369,89.81
1.363,0.5627,93.54
1.024,0.7828,78.6
0.751,0.6516,82.75
0.855,0.6744,83.31
1.279,0.6485,84.14
1.395,0.772,77.84
1.929,0.5528,94.5
1.402,0.638,86.36
1.459,0.6021,90.04
1.449,0.8061,76.66
0.6036,0.6772,83.16
0.6305,0.7135,77.98
0.6088,0.6867,82.97
0.9075,0.6484,84.89
0.8858,0.6464,83.56
0.7703,0.6547,87.32
1.914,0.5564,96.36
1.502,0.6213,88.73
1.396,0.6036,87.73
0.5916,0.6661,76.83
1.999,0.6473,85.65
1.006,0.6555,85.98
0.9501,0.7144,78.58
1.421,0.6148,86.32
0.8369,0.6144,84.22
0.7251,0.7111,80.39
0.6366,0.6987,77.44
0.9122,0.6552,84.95
1.042,0.6062,87.67
1.021,0.6183,87.62
0.5368,0.6804,75.65
0.4495,0.7003,83.22
0.4391,0.7961,80.1
0.5472,0.7667,79.68
1.075,0.6893,81.87
0.8415,0.5845,85.25
1.45,0.716,78.46
0.274,0.8222,74.67
2.154,0.6359,89.61
0.5159,0.7253,73.74
0.8152,0.6222,84.26
1.777,0.6835,85.42
0.7783,0.6694,82.26
0.4531,0.7182,78.38
0.3896,0.7769,80.52
1.238,0.5811,84.45
0.4743,0.6726,79.44
0.8773,0.5898,91.02
1.285,0.712,76.51
1.22,0.6034,90.7
0.9524,0.6228,85.78
0.3357,0.7987,77.54
0.807,0.6556,83.68
1.221,0.6724,82.22
0.6205,0.6754,82.98
1.451,0.6372,88.12
0.776,0.6562,82.19
1.413,0.6262,87.06
0.7158,0.6269,86.48
0.6724,0.6504,84.66
0.7482,0.6207,81.44
0.8961,0.6187,84.18
0.7668,0.6656,82.37
0.715,0.644,81.06
0.7212,0.6762,80.43
2.022,0.5702,87.13
0.9996,0.6518,86.11
0.6534,0.6888,84.16
0.8519,0.6135,84.4
0.5263,0.8249,78.14
1.008,0.7218,76.91
1.469,0.8567,77.56
0.4555,0.715,78.22
0.7949,0.6536,82.14
0.6931,0.6488,80.01
0.4452,0.671,77.86
1.071,0.5654,90.5
0.5853,0.6896,82.91
0.8024,0.6403,82.54
0.763,0.6066,83.18
0.4686,0.7371,77.29
0.8997,0.6165,90.86
1.848,0.5874,93.91
1.633,0.6381,82.07
1.344,0.6071,88.45
1.147,0.6488,81.21
0.8018,0.5966,83.63
0.6021,0.6422,83.86
0.5728,0.7129,80.73
1.158,0.6325,89.65
0.3633,0.7827,79.19
1.702,0.6094,92.28
1.24,0.5864,91.38
2.851,0.5833,99
1.047,0.6291,87.27
0.8266,0.6725,83.34
1.083,0.5772,89.95
1.255,0.5921,92.65
0.5132,0.6637,81.2
0.7955,0.6822,81.89
0.4406,0.7562,76.05
0.9789,0.5945,88.15
1.177,0.6361,84.19
0.7681,0.6636,82.18
0.6718,0.6928,79.46
0.6209,0.6999,82.26
1.125,0.5892,89.46
1.587,0.556,91.39
0.2917,0.8166,75.89
0.8252,0.7109,82.48
0.5674,0.7652,75.1
1.499,0.6627,88.68
0.5163,0.6719,80.24
0.8181,0.5842,91.54
1.082,0.7029,81.08
0.5643,0.6947,81.72
0.7831,0.6899,81.73
1.036,0.6406,80.53
0.434,0.7372,83.19
1.416,0.6068,88.24
0.3073,0.7733,76.79
0.7323,0.7401,79.45
1.699,0.6118,91.85
0.681,0.6709,79.07
0.5674,0.7625,74.66
1.044,0.601,95.21
0.4281,0.8026,80.22
0.9604,0.6593,86.24
1.23,0.611,90.72
0.6703,0.7864,76.2
0.6655,0.707,83.43
0.9412,0.6058,86.43
0.6718,0.6899,79.09
0.8744,0.6576,78.75
1.514,0.5623,89.83
0.7819,0.6886,81.56
0.9975,0.5956,88.27
0.7162,0.6154,82.03
0.9665,0.6708,79.37
0.7936,0.6385,74.72
1.032,0.6355,80.91
0.6121,0.7114,82.59
0.555,0.6357,82.97
0.9332,0.6218,85.97
1.109,0.6752,81.7
1.569,0.6023,91.48
0.7377,0.6058,89.42
0.6878,0.6768,79.34
0.8344,0.5827,85.04
0.5346,0.6888,87.22
0.7031,0.6501,81.35
0.7879,0.6463,82.14
0.9798,0.6655,85.95
1.687,0.5685,92.56
0.4821,0.7047,79.32
1.637,0.6086,90.9
0.6927,0.745,78.04
1.091,0.6745,81.49
1.395,0.6208,86.82
0.5793,0.7476,80.55
0.7897,0.7163,81.2
0.7401,0.6109,81.95
1.055,0.5784,88.52
0.961,0.7052,85.37
1.061,0.6074,88.98
0.7817,0.6791,81.65
1.099,0.6033,89.34
0.8236,0.6515,83.71
0.7119,0.6597,80.6
1.082,0.5749,88.45
1.002,0.6069,87.55
1.191,0.607,85.01
2.293,0.6109,90.89
0.537,0.7466,79.64
0.997,0.6288,87.48
0.975,0.5986,87.89
0.8007,0.6456,82.49
1.841,0.5551,94.57
1.209,0.6274,84.22
0.7786,0.5765,90.05
1.093,0.596,88.44
0.4265,0.7288,76.63
0.4109,0.7798,75.01
1.252,0.6244,85.69
0.5184,0.7762,77.87
1.43,0.6131,86.96
0.6114,0.7416,82.28
0.7286,0.633,86.28
0.6483,0.7385,77.38
0.6592,0.6515,85.03
0.4979,0.7292,78.62
0.7258,0.6811,86.08
0.931,0.7075,76.15
0.4072,0.7675,74.76
0.9257,0.6002,86.33
1.402,0.6515,88.2
1.414,0.5657,95.13
0.7181,0.6441,81.15
0.4144,0.755,81.64
1.025,0.593,88.24
1.447,0.6923,79.1
1.153,0.6599,80.83
0.7092,0.6167,87.14
0.6957,0.7188,78.83
0.789,0.6796,81.64
1.02,0.633,78.31
0.5659,0.7044,81.62
0.7798,0.6838,81.56
0.6526,0.6247,85.77
0.3671,0.8061,72.57
0.5199,0.6808,80.45
1.786,0.5519,94.49
0.4885,0.7093,78.63
0.7336,0.702,80.21
1.618,0.6141,92.56
0.8935,0.6089,86.05
0.9649,0.6629,79.46
0.6546,0.6229,85.83
0.5014,0.7435,78.35
1.469,0.653,87.28
0.7245,0.715,79.92
0.8524,0.702,82.78
1.206,0.5813,91.3
1.29,0.5804,93.26
1.456,0.6811,79.82
0.8296,0.6934,83.47
1.598,0.5542,91.35
0.5874,0.6193,84.16
0.3714,0.8041,78.18
0.9777,0.5925,87.86
0.6182,0.6208,84.04
0.8544,0.6535,83.9
0.4543,0.7687,82.31
0.6057,0.682,83.22
1.129,0.6336,84.48
1.495,0.661,89.03
0.5736,0.6643,76.73
2.027,0.5525,95.97
0.5372,0.7714,80.07
1.852,0.6472,84.36
0.6248,0.7898,76.07
1.043,0.6651,87.57
0.7511,0.6341,88.21
0.663,0.6621,79.95
1.119,0.6473,82.26
0.7173,0.6083,87.74
0.6386,0.676,84.8
0.6052,0.6381,78.93
0.4662,0.678,84.61
1.047,0.6461,86.31
1.437,0.6197,89.46
0.4916,0.7058,78.72
0.684,0.6316,87.26
0.4803,0.8139,77.36
0.8505,0.6441,84
0.7938,0.6919,81.73
0.401,0.7039,76.68
0.3748,0.7864,73.83
0.7992,0.6152,82.98
0.7035,0.6217,87.1
1.808,0.5537,94.54
1.49,0.7752,78.8
0.879,0.6372,84.15
0.7855,0.7253,81.18
0.4542,0.6875,82.9
0.5674,0.6278,87.94
1.811,0.6778,85.82
1.146,0.6544,83.62
1.63,0.6093,92.98
0.387,0.7503,79.28
0.7293,0.6244,81.64
1.042,0.5642,88.84
2.024,0.6376,86
2.088,0.5762,96.14
0.596,0.6577,83.53
0.9172,0.7574,76.65
1.123,0.6171,83.16
0.8738,0.6029,84.86
0.9893,0.6601,78.66
0.6587,0.7668,76.97
1.832,0.5565,94.69
1.08,0.636,82.76
1.042,0.59,89.54
0.7909,0.6874,81.76
1.361,0.641,86.52
0.9208,0.6186,85.74
1.544,0.577,89.23
1.181,0.6669,82.51
0.5943,0.7121,76.18
1.253,0.6077,92.1
0.5791,0.7485,80.55
0.6809,0.641,80.1
0.8721,0.6609,83.54
0.4693,0.6659,79.58
1.618,0.6552,80.92
1.266,0.5824,91.49
1.545,0.5921,90.08
0.4423,0.6857,78.23
1.174,0.6419,83.95
0.9844,0.6191,87.56
1.233,0.6778,83.97
0.7739,0.5961,87.81
0.8944,0.617,86.02
1.039,0.5652,89.01
0.4906,0.7259,78.99
0.7592,0.6242,81.53
0.4504,0.6572,78.2
0.4086,0.7404,81.61
0.7741,0.6203,83.46
0.7482,0.6365,81.58
1.047,0.6624,79.99
0.6034,0.6879,76.68
0.7737,0.6556,82
1.637,0.5814,90.93
0.7864,0.6621,82.24
0.4613,0.8211,76.05
1.312,0.662,86.27
0.4848,0.696,79.39
0.6358,0.6504,85.11
0.4891,0.7319,78.92
1.297,0.599,92.35
1.054,0.6269,80.96
1.397,0.5911,85.42
1.365,0.5552,87.95
0.9316,0.5821,85.29
1.097,0.731,80.5
1.598,0.5668,98.31
1.032,0.6224,88.21
0.7917,0.6654,81.62
1.306,0.615,86.2
0.7946,0.6138,88.29
0.571,0.7548,75.09
1.021,0.5952,89.49
1.579,0.5551,91.19
0.4056,0.8553,73.11
0.959,0.6394,80.01
0.6963,0.6478,86.09
1.156,0.5645,90.51
1.873,0.5651,94.61
0.658,0.6636,79.5
0.8687,0.6318,84.13
0.5589,0.6861,82.19
0.5596,0.6647,81.86
0.4938,0.7611,78.39
1.157,0.7063,82.37
0.8522,0.5889,91.49
1.143,0.5638,92.15
0.3782,0.7871,73.58
2.975,0.5817,97.72
2.42,0.5861,92
0.4476,0.7229,77.8
1.252,0.646,82.47
0.6958,0.6858,85.6
0.4528,0.8,82.52
0.5289,0.72,79.9
1.264,0.6185,83.06
1.39,0.7804,77.74
0.9832,0.6968,77.89
1.103,0.678,82
1.154,0.6211,82.82
1.875,0.5516,94.3
1.541,0.5745,90.79
1.935,0.5554,94.75
0.7976,0.6855,81.58
1.266,0.6254,86.02
0.5129,0.7736,78.09
0.693,0.7145,78.64
1.861,0.5739,94.36
0.756,0.6709,82.27
0.7678,0.6155,89.25
0.555,0.6807,81.88
1.014,0.6125,87.72
0.3138,0.7987,77.38
1.07,0.6991,78.68
0.7283,0.6729,80.89
1.979,0.7021,85.63
1.171,0.6,90.9
1.188,0.6418,83.53
1.631,0.6446,89.41
0.4993,0.7434,78.79
0.8448,0.6146,84.46
0.7717,0.6247,82.76
0.6135,0.6657,78.3
0.6566,0.7937,77.36
1.304,0.6649,86.6
0.5111,0.6586,81.5
0.6007,0.6664,82.87
1.266,0.5884,85.18
0.7649,0.6565,82.13
0.8261,0.6996,73.62
2.089,0.5563,97.97
0.4689,0.7815,77.27
1.482,0.6078,89.36
1.008,0.6253,86.84
0.651,0.6709,84.98
1.06,0.5665,89.04
0.9515,0.5837,86.62
0.9245,0.6193,86.53
1.106,0.6748,81.63
0.6424,0.6727,77.56
0.7018,0.6509,86.21
0.6909,0.6311,86.73
0.8232,0.631,84.09
0.8332,0.7118,82.66
0.8445,0.6285,82.63
1.467,0.596,93.96
0.4822,0.7122,84.13
1.251,0.6443,85.16
0.6419,0.6426,85.16
0.3645,0.7815,78.88
1.215,0.6467,83.97
0.9008,0.673,84.81
1.873,0.5866,93
0.8478,0.6032,84.4
0.5615,0.6935,75.16
0.3495,0.7581,79.28
0.5302,0.7264,80.57
0.5598,0.659,82.27
2.331,0.6211,90.19
0.349,0.7406,79.5
0.6152,0.7719,75.72
0.8572,0.6363,83.76
0.7214,0.6086,87.16
0.7773,0.6964,87.06
0.6788,0.681,79.13
1.488,0.5893,88.88
1.116,0.6036,90.63
0.532,0.7221,80.44
1.174,0.6578,80.73
1.276,0.6217,85.7
0.8841,0.6188,84.12
1.441,0.6515,87.25
1.063,0.6338,80.04
1.265,0.602,84.12
0.5841,0.7973,74.83
0.9523,0.7264,75.71
0.3325,0.7448,72.99
1.206,0.6189,90.11
1.44,0.6318,88.46
0.8651,0.6135,84.85
0.3605,0.8383,77.48
0.7033,0.6414,86.4
1.373,0.5634,93.61
0.6385,0.7327,77.34
0.7713,0.6317,88.04
0.9388,0.6062,86.37
0.4646,0.7046,79.01
1.25,0.5692,86.09
0.891,0.6122,85.95
0.3293,0.7702,78.29
0.2707,0.8656,73.52
0.4555,0.706,77.65
0.3731,0.7696,74.54
1.226,0.5776,85.68
1.851,0.5657,98.41
0.648,0.663,84.86
0.773,0.6192,88.53
0.9102,0.6027,86.25
0.9392,0.684,76.27
1.453,0.5907,96.02
0.6689,0.6542,79.26
0.5671,0.6517,82.14
1.391,0.6174,86.94
1.006,0.6391,78.65
1.123,0.6241,89.76
0.6219,0.7031,82.77
0.4235,0.73,76.95
0.8695,0.6163,84.5
0.6056,0.6756,83.23
0.7081,0.6216,87.02
1.503,0.785,78.43
0.5847,0.7439,80.54
0.8743,0.5863,85.25
0.3496,0.8404,77.58
1.629,0.5624,91.29
0.7162,0.6815,80.85
0.5496,0.7106,74.95
0.7848,0.7058,81.62
0.7845,0.6459,82.08
0.7044,0.6238,86.69
0.8545,0.5911,85.33
0.6532,0.7089,77.65
1.146,0.5837,83.88
1.19,0.6473,83.34
0.7212,0.6646,80.71
0.9018,0.6023,84.85
0.7887,0.751,80.37
0.9772,0.6173,87.13
1.091,0.6913,80.79
2.08,0.5568,97.88
1.308,0.6398,84.58
0.5456,0.677,82.18
0.7811,0.7553,80.45
0.6716,0.6928,79.5
1.382,0.6044,92.21
1.955,0.6308,86.76
0.9489,0.6334,87.08
1.439,0.58,88.72
0.5105,0.7693,84.71
0.5251,0.7092,80.29
0.6323,0.6347,85.84
0.5016,0.8545,76.77
1.234,0.6374,85.76
1.022,0.6403,81.26
1.162,0.6323,81.44
1.057,0.6368,80.51
0.9763,0.6224,79.69
0.5885,0.7046,76.28
1.205,0.6177,91.86
0.3896,0.7769,80.52
0.9751,0.5994,87.97
0.3197,0.8102,76.69
1.187,0.5655,90.4
0.828,0.6533,84
1.026,0.6119,88.69
0.4857,0.7085,79.72
0.9246,0.6131,85.71
1.389,0.6061,88.07
1.839,0.6192,85.49
0.5176,0.7004,80.42
1.325,0.6123,93.15
0.6154,0.6203,85.51
1.27,0.6559,84.28
1.228,0.5895,84.52
0.8187,0.6541,83.26
0.705,0.6707,85.76
1.558,0.5553,91.61
1.012,0.6515,86.3
1.12,0.5853,90.04
0.8654,0.6282,83.91
0.4457,0.7442,82.28
0.3784,0.8486,78.19
1.08,0.5989,89.13
1.123,0.6227,82.51
0.7224,0.6689,80.59
0.6806,0.6737,79.36
0.8331,0.7159,82.55
1.715,0.5727,92.37
0.6495,0.7308,76.85
1.413,0.6065,87.63
0.9359,0.6726,84.37
1.335,0.5662,93.11
0.5267,0.7504,73.88
1.556,0.5554,91.35
1.836,0.556,96.5
0.7906,0.6493,82.05
1.135,0.7185,82.43
1.336,0.6879,84.71
1.335,0.5703,93.47
0.4804,0.6675,84.59
1.027,0.5931,89.45
0.7205,0.6493,81.14
1.179,0.6097,90.35
2.35,0.6765,91.24
0.8995,0.689,77.87
0.8169,0.6373,89.73
0.7046,0.655,80.87
0.6933,0.625,86.93
1.357,0.6549,86.07
0.9593,0.6062,85.78
0.5515,0.719,75.12
1.208,0.6265,84.3
0.6538,0.717,77.52
1.089,0.5764,88.62
1.634,0.5734,92.5
0.8961,0.667,84.71
0.876,0.6625,75.22
1.537,0.588,89.53
2.47,0.6341,93.02
0.8185,0.6138,90.61
0.446,0.735,78
0.8542,0.6208,84.31
1.181,0.5732,91.86
2.241,0.5555,99
1.398,0.5686,93.88
0.5688,0.7024,81.17
1.287,0.575,93.38
0.6025,0.6833,83.36
0.4039,0.7468,81.27
0.9074,0.6853,84.19
0.6014,0.6206,83.98
0.3487,0.8027,77.72
0.8235,0.6307,90.08
0.2518,0.8732,72.18
0.8476,0.7164,82.83
0.599,0.631,84.25
1.509,0.5644,95.03
0.7768,0.6501,82.5
0.9708,0.6033,87.87
0.875,0.6045,84.87
0.7897,0.6421,82.13
0.8237,0.6489,83.52
1.527,0.5866,89.88
0.978,0.567,87.45
0.5244,0.6682,80.88
1.201,0.5829,91.42
1.03,0.7335,79.18
0.8139,0.6225,84.34
0.9858,0.6807,85.8
0.7112,0.6139,85.64
1.51,0.5983,96.65
0.4267,0.7493,76.75
1.122,0.6835,80.54
0.6892,0.6434,86.75
0.9306,0.7935,76.03
0.7726,0.6303,88.28
0.9431,0.614,85.9
0.9127,0.6196,86.27
0.9139,0.6396,85.77
1.148,0.6029,82.75
0.8613,0.5858,90.83
1.749,0.6512,82.56
2.099,0.5686,99
0.4177,0.7854,81.35
0.3964,0.7856,79.76
0.8299,0.5886,85.02
1.529,0.5602,96.83
0.5402,0.7374,79.51
0.6987,0.7187,79.07
1.239,0.6896,83.99
0.7925,0.6712,81.7
1.131,0.5752,90.39
1.503,0.8193,77.91
0.9213,0.6266,90.99
0.4749,0.6751,79.89
0.4811,0.8218,77.26
0.8026,0.6155,83.06
0.5027,0.7261,78.16
0.5096,0.7187,80.25
0.5637,0.7199,81.12
1.336,0.6738,85.87
0.6353,0.6511,78.14
0.3843,0.7951,74.13
0.5396,0.6894,80.01
1.481,0.5572,90.12
0.6638,0.6246,85.48
1.722,0.5625,92.54
0.8418,0.6142,84.58
1.516,0.7583,78.76
0.4651,0.7221,84.51
1.871,0.5608,93.09
0.9969,0.6061,87.38
0.6676,0.6295,85.31
0.6658,0.6809,79.3
2.204,0.6608,88.43
1.996,0.5568,98
0.8774,0.5887,92.58
1.27,0.8733,73.94
1.434,0.6182,86.78
0.4028,0.7763,75.67
0.8298,0.6352,84.36
0.2778,0.8772,73.04
0.3805,0.8368,72.51
0.7162,0.6815,80.85
0.7651,0.7108,81.76
0.5689,0.6679,81.68
0.8723,0.6248,84.35
0.6754,0.6672,79.32
0.6129,0.6857,78.93
0.6667,0.6219,85.57
1.217,0.65,84.03
0.5703,0.7156,81.37
2.281,0.6341,89.44
1.104,0.6186,83.03
0.5528,0.6498,82.13
0.4842,0.7829,76.48
1.106,0.701,80.98
0.6951,0.6104,80.61
0.8545,0.5911,85.33
0.9412,0.6119,91.76
1.763,0.6301,93.32
0.6605,0.6229,85.39
0.8253,0.6057,83.29
0.9363,0.5936,86.7
1.032,0.842,77.5
2.122,0.565,99
0.6497,0.666,84.55
1.174,0.6386,84.44
0.7681,0.6636,82.18
0.9044,0.6746,84.83
0.6368,0.6867,78.5
0.5427,0.7638,79.23
1.221,0.6322,91.03
0.9612,0.71,78.71
1.403,0.6035,89.93
0.5673,0.7226,81.19
0.4703,0.7535,77.02
1.254,0.6022,92.2
0.6447,0.6498,85.19
1.858,0.6284,84.89
0.3162,0.738,78.14
0.6104,0.6744,82.85
0.6039,0.6493,83.68
0.4552,0.7239,76.99
0.518,0.6883,80.33
1.332,0.5899,87.5
0.9985,0.6145,87.41
0.5297,0.8121,77.93
1.165,0.574,91.35
0.4913,0.73,78.51
0.6608,0.6455,79.72
0.5689,0.6967,75.14
0.8834,0.6327,85.42
1.163,0.6434,84.13
0.7844,0.6256,88.56
0.5769,0.7424,80.67
0.5032,0.7572,78.01
1.491,0.6036,89.95
1.135,0.5901,89.54
0.8752,0.6119,84.66
0.9797,0.6026,79.76
0.8914,0.6898,84.2
1.84,0.6398,84.63
1.088,0.6186,83.59
0.8864,0.6963,77.25
2.494,0.6004,92.66
0.9694,0.6105,92.99
0.8559,0.6194,84.65
0.9124,0.6811,84.38
0.8706,0.6095,84.58
0.7515,0.6861,80.43
0.5643,0.7022,82.04
0.4263,0.7611,76.43
0.6123,0.6963,82.42
0.9123,0.5741,93.12
0.7411,0.6714,80.97
0.5335,0.7351,79.76
2.251,0.6181,90.18
1.504,0.5992,89.85
0.7931,0.6699,81.55
1.381,0.593,88.1
0.6534,0.6205,85.81
1.41,0.5725,95.08
0.6991,0.6603,81
1.08,0.6586,87.85
0.7468,0.6376,82.49
0.806,0.638,82.67
0.7115,0.654,86.54
1.731,0.5672,98.28
0.9205,0.684,84.51
1.612,0.6885,81.94
0.8271,0.6933,81.37
0.3849,0.7539,80.09
0.8237,0.6489,83.52
1.091,0.6886,78.45
0.7392,0.677,80.75
0.5051,0.7096,74.43
0.7941,0.6635,74.63
0.853,0.5707,91.5
0.965,0.6501,86.54
3.038,0.5929,96.74
0.5031,0.7596,78.66
0.7579,0.635,82.73
1.575,0.7796,79.97
0.7322,0.6305,86.72
0.8862,0.6664,84.6
0.6096,0.6786,83.32
1.387,0.5657,95.01
0.7745,0.6255,88.36
0.9739,0.5968,87.7
1.985,0.6271,88.99
0.9894,0.5722,88.86
1.278,0.6465,85.37
1.229,0.6467,82.58
0.9301,0.5703,87.25
0.9941,0.6982,77.63
0.4536,0.7193,77.78
1.118,0.6362,82.79
1.158,0.6193,90.03
1.466,0.5662,94.87
0.6226,0.6741,83.21
0.7307,0.6457,88.05
0.3823,0.7623,80.96
0.783,0.7511,80.15
0.6016,0.6989,82.57
0.9611,0.6925,83.85
1.694,0.5553,91.76
0.4851,0.6916,79.63
0.4509,0.7823,75.85
0.8402,0.6157,89.96
0.7594,0.7043,81.23
1.012,0.6827,77.98
0.562,0.6849,82.09
0.4594,0.7205,78.21
1.128,0.6155,88.88
1.761,0.6034,92.76
1.216,0.6537,83.63
0.568,0.6843,81.81
0.4033,0.8396,74.1
1.33,0.5867,86.87
0.3736,0.7094,75.59
0.6975,0.5918,86.39
0.6362,0.6969,77.29
0.935,0.6551,79.72
0.8329,0.7153,82.32
0.7216,0.6112,87.05
1.118,0.6718,80.82
1.218,0.6399,75.88
0.8257,0.6728,82.85
1.05,0.5647,88.92
0.7832,0.6816,81.74
0.5702,0.6769,81.91
0.6088,0.6867,82.97
1.092,0.6873,81.45
0.5338,0.7115,80.04
0.6623,0.6192,86
2.796,0.5678,95.1
1.028,0.6192,88.97
0.7931,0.6522,82.16
1.77,0.5558,93.14
0.8766,0.5919,90.56
0.5762,0.6879,77.19
1.558,0.5997,88.73
1.442,0.5884,88.91
0.5455,0.6967,75.64
1.146,0.5903,89.67
0.7631,0.6667,82.01
1.62,0.5708,89.66
0.5944,0.6946,82.93
0.4989,0.6761,83.95
0.5305,0.729,79.6
0.4576,0.6538,85.08
1.709,0.5795,92.02
0.8723,0.6248,84.35
1.078,0.6285,88.35
0.731,0.6952,80.25
0.6517,0.7341,77.37
0.7363,0.731,79.52
0.983,0.6264,78.91
1.201,0.7134,74.63
0.4068,0.7202,82.15
1.541,0.7041,79.92
0.7639,0.6831,86.8
0.9182,0.6559,77.88
0.7304,0.7201,80.27
1.212,0.7122,83.39
1.12,0.5661,90.32
0.81,0.6664,83.39
1.91,0.5577,95.32
0.7014,0.7887,77.75
0.8995,0.7372,76.87
1.84,0.6028,94.07
1.246,0.6682,84.91
2.068,0.6448,87.8
0.4711,0.6872,79.17
0.4359,0.6736,78.43
1.053,0.5729,95.5
0.9765,0.6275,87.18
1.1,0.5934,89.42
0.3283,0.8454,76.74
0.4993,0.7559,78.28
0.4587,0.7327,78.3
1.457,0.5807,88.66
0.4384,0.7474,75.86
0.9575,0.6087,87.94
0.6455,0.6396,85.03
0.6282,0.6177,86.59
0.7307,0.6709,80.74
1.291,0.5664,92.45
1.662,0.5833,91.81
0.6521,0.6613,84.91
0.3228,0.881,74.87
0.7729,0.5987,83.54
0.4676,0.7642,77.09
1.132,0.5925,89.43
1.193,0.677,82.05
0.8174,0.6273,84.23
1.626,0.5946,91.3
0.5513,0.6687,81.99
0.5022,0.7797,78.67
0.4229,0.8113,74.84
0.8853,0.5777,85.58
0.8892,0.6026,91.78
0.8578,0.6277,84.01
0.6554,0.6413,85.29
0.9186,0.5907,86.19
0.3792,0.7353,80.28
1.016,0.7088,79.49
0.6357,0.6524,85.05
0.7857,0.6482,82.46
0.8959,0.6133,85.63
0.7744,0.6445,82.3
0.5579,0.6907,81.7
0.3888,0.7404,75.37
0.6142,0.6581,83.58
1.224,0.5884,91.49
0.8374,0.6069,90.35
0.707,0.6484,81.3
0.7595,0.6356,82.88
0.9056,0.5907,92.54
0.7159,0.6482,81.73
2.07,0.551,96.31
0.7966,0.6093,92.2
0.8565,0.6416,84.03
1.361,0.5662,87.81
1.013,0.6276,81.47
0.7757,0.6216,83.08
0.8849,0.6039,91.79
0.8909,0.699,84.18
0.3397,0.7671,72.43
0.7896,0.6467,82
0.5129,0.635,81.12
0.9195,0.6116,86.64
0.8414,0.6764,82.91
0.8993,0.6575,84.61
1.016,0.6319,86.9
1.135,0.686,80.3
0.7497,0.6563,87.9
0.4954,0.725,78.72
0.6573,0.7306,77.42
0.5245,0.6886,80.5
1.269,0.6309,86.14
0.768,0.6145,83.39
0.8319,0.6533,83.86
1.135,0.6687,81.08
1.016,0.7448,79.57
1.037,0.7202,79.32
0.5407,0.706,79.87
0.9938,0.6177,87.27
0.613,0.6779,83.33
1.203,0.589,91.27
0.48,0.7192,84.25
1.42,0.6028,87.86
2.614,0.5911,93.21
1.824,0.6088,93.64
0.2485,0.8854,71.47
0.7157,0.6773,80.46
1.084,0.5645,90.7
1.539,0.6531,82.16
1.259,0.662,81.63
1.413,0.6313,87.16
1.097,0.5977,89.45
2.292,0.579,90.08
0.5266,0.7335,80.62
0.9598,0.6699,85.83
0.5329,0.6757,81.98
1.804,0.5571,93.41
0.6527,0.6335,80.32
2.405,0.5831,94.24
0.7089,0.5914,88.09
0.8314,0.5699,91.33
0.609,0.6948,83.17
1.152,0.6031,83.37
1.591,0.5807,89.62
0.9447,0.5965,86.23
0.658,0.6296,85.05
0.66,0.6843,84.29
1.161,0.6413,83.59
1.641,0.6417,81.39
1.039,0.6058,87.62
0.7361,0.6912,80.44
1.304,0.6649,86.6
1.35,0.625,86.84
1.096,0.5976,89.31
0.377,0.7211,75.6
1.077,0.626,88.36
0.9592,0.6218,80.18
1.444,0.5828,89.14
0.5197,0.6726,80.29
0.6865,0.6882,79.26
0.9327,0.6293,85.88
0.5525,0.7631,79.36
0.8149,0.6187,82.86
1.292,0.5637,93.76
0.9751,0.6631,86.43
0.7375,0.6533,80.83
2.182,0.5577,96.29
0.6816,0.7291,79.04
2.194,0.5604,97.51
0.9435,0.6295,87.05
0.4281,0.8201,81.07
0.4949,0.7313,78.97
1.543,0.5634,97.14
0.5252,0.7132,80.21
0.4674,0.7527,77.22
1.128,0.667,83.62
0.7918,0.6523,82.13
1.071,0.6052,81.11
0.4304,0.7074,82.93
0.3856,0.797,73.59
0.5495,0.65,83.01
0.9217,0.6293,85.63
0.8775,0.6016,84.75
0.7324,0.6959,80.2
1.57,0.5554,91.57
1.33,0.7925,76.12
1.021,0.6914,80.09
0.8023,0.6542,82.23
1.186,0.6374,84.26
0.4988,0.763,78.18
0.5378,0.7407,80.09
0.9159,0.6422,78.16
1.109,0.5923,89.66
1.281,0.6281,85.73
0.9267,0.7512,76.14
1.291,0.628,85.12
1.643,0.6286,91.18
0.6695,0.6698,84.23
1.097,0.5977,89.45
0.6927,0.745,78.04
0.6109,0.6773,82.86
1.052,0.6889,79.39
0.548,0.6432,83.07
0.5155,0.662,80.39
1.315,0.572,87.72
1.28,0.6305,85.6
0.7254,0.6713,80.92
1.356,0.658,85.5
0.9529,0.6398,87.16
1.168,0.7147,81.67
1.503,0.5675,95.15
0.7162,0.6154,82.03
1.345,0.6506,86.96
0.993,0.5881,93.83
0.3304,0.7704,77.84
0.471,0.732,77.46
1.509,0.5532,89.4
0.9846,0.6371,86.38
0.4691,0.7398,77.64
1.308,0.638,85.65
1.495,0.6419,86.89
1.052,0.6816,79.45
0.7107,0.6394,81.18
1.796,0.5531,94.55
1.285,0.6108,86.01
0.8549,0.5971,85.15
1.614,0.5751,92.21
0.5433,0.743,79.67
0.5698,0.7673,74.64
0.9601,0.6481,86.45
1.142,0.7016,82.48
0.4984,0.7193,78.87
0.7829,0.6614,82.24
1.565,0.5991,91.18
1.864,0.555,94.98
0.4151,0.7444,81.64
0.7784,0.6518,82.32
1.44,0.6019,87.54
1.169,0.6162,90.18
1.855,0.5577,95.27
1.011,0.5747,86.93
1.556,0.5747,90.67
1.298,0.6249,85.66
1.519,0.5781,90.16
0.4094,0.8215,78.82
0.5705,0.6883,81.3
