Kmax,Ku,n,halfmax,Vhalf,slope
9.94,0.000375,1.123,59.05,-159.9,0.1683
15.64,0.000385,1.02,83.21,-170,0.188
11.95,0.0004337,0.9204,59.05,-169,0.2024
12.48,0.0003677,1.106,61.18,-174.6,0.204
12.43,0.000448,1.013,60,-175.9,0.2072
13.24,0.0003616,1.009,49.99,-174.2,0.2649
8.566,0.0004739,1.046,34.87,-170.8,0.2457
11.24,0.0004411,0.9059,39.89,-170.8,0.2818
11.92,0.0004296,0.8637,42.73,-182.7,0.279
13.48,0.0003545,0.7813,48.03,-160.9,0.2807
13.02,0.0003797,1.011,58.03,-175.7,0.2244
30.43,0.0004855,0.5749,82.12,-173.5,0.3706
9.774,0.0004418,0.9861,44.9,-169.1,0.2177
12.36,0.0004051,1.111,70.25,-187.5,0.1759
35.06,0.0004891,0.5778,99.02,-181.1,0.3541
18.5,0.0004567,0.7578,63.69,-176.7,0.2905
6.855,0.000427,1.256,38.4,-167.5,0.1785
9.065,0.0003928,1.056,36.31,-174.4,0.2497
7.51,0.0004171,0.9812,32.2,-180.2,0.2332
11.27,0.0004101,0.7671,36.64,-174.6,0.3076
12.49,0.0003887,0.969,50.29,-183.1,0.2484
22.1,0.0006233,0.7168,79.47,-188.8,0.2781
14.46,0.000383,0.9157,51.71,-164.2,0.2796
9.595,0.0004229,1.348,65.22,-188.7,0.1471
8.611,0.0004502,1.156,45.9,-174.9,0.1876
10.7,0.0003943,1.24,62.4,-174.7,0.1715
9.742,0.0003816,1.028,42.97,-173.4,0.2267
12.83,0.0004978,0.7486,39.17,-185.7,0.3275
11.4,0.0004262,0.8332,37.29,-178.7,0.3057
16.07,0.0004668,0.7127,49.1,-185.3,0.3273
7.925,0.000438,0.9847,33.69,-183.2,0.2352
9.689,0.0004887,1.007,37.87,-166.6,0.2558
11.57,0.0003347,1.095,71.58,-162.4,0.1616
8.817,0.000418,1.211,60.96,-177.6,0.1446
88.12,5e-04,0.5701,259.8,-174.8,0.3392
10.05,0.0003516,0.8102,26.24,-165.2,0.383
20.12,0.0004818,0.715,73.28,-176.3,0.2746
11.05,0.0004245,0.8687,36.05,-169.5,0.3065
11.2,0.0004032,1.161,66.44,-157.7,0.1686
12.24,0.0003904,0.9967,47.86,-160.6,0.2557
19.02,0.0004777,0.8701,80.99,-159.6,0.2348
18.44,0.000347,0.7368,63.87,-168.1,0.2887
12.03,0.0005017,0.6826,34.7,-175.3,0.3467
12.55,0.000376,1.015,63.64,-169.4,0.1972
8.573,0.0004258,1.039,31.97,-182.8,0.2682
17.04,0.0003661,0.7367,52.64,-167.8,0.3237
11.09,0.0004329,0.9415,42.81,-177.5,0.2591
9.898,0.0003946,0.8498,35.16,-179.8,0.2815
13.46,0.0003497,0.9998,50.42,-177.3,0.267
10.75,0.0003777,1.295,81.89,-166.7,0.1313
6.587,0.0004081,1.078,32.72,-168.7,0.2013
21.5,0.0003558,0.7547,66.58,-149.7,0.3229
12.82,0.0003497,0.957,47.5,-165.7,0.2699
9.542,0.0003251,1.125,59.38,-177.4,0.1607
14.92,0.0003235,0.8034,45.3,-153.9,0.3294
11,0.0004172,1.307,76.53,-175.3,0.1437
8.2,0.0004375,1.225,43.51,-195.4,0.1885
12.01,0.000434,0.7377,32.46,-177,0.37
10.42,0.0004228,1.107,50.25,-186.9,0.2074
10.19,0.0003789,0.8922,41.52,-177.6,0.2454
9.825,0.000422,1.009,45.32,-170.2,0.2168
9.416,0.0004543,1.134,53.35,-195.8,0.1765
12.14,0.0004603,1.405,138.9,-177.6,0.0874
10.1,0.0004184,0.9859,36.98,-170.1,0.2731
16.43,0.0003766,0.8338,59.33,-159.1,0.2769
8.772,0.0004754,1.011,38.81,-171.5,0.226
10.22,0.0005331,0.8627,42.55,-176,0.2402
13,0.0004588,0.7978,45.48,-169.8,0.2858
12.98,0.0003683,0.7944,37.58,-167.5,0.3454
78.52,0.0004789,0.5833,216.8,-188.7,0.3622
12.48,0.0003742,0.9613,46.59,-177.8,0.2679
9.238,0.0004206,1.213,55.26,-163.4,0.1672
11.75,0.0003116,1.121,69.63,-175.8,0.1687
11.49,0.0003189,0.8824,38.62,-155.1,0.2975
11.99,0.000424,1.09,62.69,-186.5,0.1913
8.974,0.0004886,0.8423,26.79,-170.5,0.335
8.375,0.0005809,0.8715,31.09,-170.5,0.2694
9.064,0.0004395,1.14,46.14,-166.1,0.1964
9.02,0.0004159,1.031,37.17,-181.3,0.2427
6.892,0.0004431,0.7664,20.53,-163.1,0.3357
13.02,0.0004155,0.8666,56.49,-169.4,0.2305
9.47,0.0003618,1.162,47.86,-171.9,0.1979
10.93,0.0003011,1.02,46.96,-185.1,0.2328
11.83,0.0004303,0.7644,38.17,-166.9,0.3099
65630,0.0004249,0.5717,193300,-169.2,0.3395
8.277,0.0003496,1.029,35.24,-169.2,0.2349
12.25,0.0004405,0.8053,33.11,-175.3,0.37
9.728,0.000355,1.042,42.78,-159.9,0.2274
10.67,0.0004753,0.9196,36.18,-182.4,0.2949
9.811,0.0003639,0.9317,38.44,-163.3,0.2552
7.52,0.0004954,1.019,33.55,-181.4,0.2241
10.08,0.0004515,0.9638,39.4,-167.9,0.2558
9.83,4e-04,0.934,38.59,-166.2,0.2547
12.43,0.000514,0.8253,48.25,-173,0.2576
13.26,0.0004314,1.011,64.61,-177.5,0.2052
11.98,0.0004133,0.888,50.02,-168.8,0.2395
13.32,0.0004504,1.018,59.44,-169.6,0.2241
15.54,0.0004208,0.9422,70.41,-170.4,0.2207
12.43,0.0003817,0.8698,51.84,-170.9,0.2398
10.12,0.0003709,0.8756,30.36,-173.8,0.3333
13.88,0.0004109,1.148,85.38,-163.2,0.1626
11,0.0003349,0.9834,47.84,-154.1,0.2299
10.02,0.0004741,0.9568,31.15,-174.1,0.3217
13.66,0.0003679,0.9958,59.04,-180.5,0.2314
10.48,0.0003882,0.9692,48.4,-164.8,0.2165
37720000,0.0004542,0.5743,111200000,-158.6,0.3392
8.126,0.0004191,1.183,45.34,-186.7,0.1792
10.43,0.00043,0.9568,41.9,-144.6,0.2489
12.86,0.0004322,1.075,78.53,-169.6,0.1638
7.269,0.0004572,1.02,28.62,-167.5,0.254
13.02,0.0004012,0.6065,26.83,-169.7,0.4853
11.85,0.000458,0.7646,39,-185,0.3038
7.667,0.0004036,1.209,43.39,-172.3,0.1767
8.995,0.0003462,1.027,38.96,-164.5,0.2309
13.85,0.0004211,1.003,59.22,-166.9,0.2339
10.11,0.0003867,0.9207,38.96,-168.6,0.2595
11.9,0.0003656,0.7964,45.36,-170.6,0.2623
10.91,0.0003707,0.9411,45.7,-183.1,0.2387
10.08,0.0004399,1.209,61.68,-172.9,0.1634
11.25,0.0005064,1.297,79.51,-178.6,0.1415
8.879,0.0004914,0.8848,29.29,-184.1,0.3031
12.15,0.0003973,1.056,63.22,-182.4,0.1922
9.699,0.0003898,1.16,58.46,-169.6,0.1659
10.39,0.000375,0.881,34.36,-191.2,0.3024
9.788,0.0004543,1.062,51.43,-162.6,0.1903
8.171,0.0003859,1.025,38.96,-171.7,0.2097
11.18,0.0004944,0.9775,47.15,-167.3,0.2371
13.65,0.0004066,0.9139,51.03,-163.7,0.2675
7.726,0.0003916,1.048,34.17,-161.2,0.2261
8.923,0.0004009,0.7586,25.53,-165.3,0.3495
12.13,0.000435,1.105,73.13,-171.5,0.1659
7.34,0.0004246,0.9391,29.19,-165.7,0.2515
8.736,0.0004471,1.238,68.35,-166.5,0.1278
18.99,0.0003867,0.7324,73.04,-172,0.26
8.968,0.0003772,0.8703,30.74,-168.6,0.2917
10.2,0.000389,0.8963,34.99,-190.2,0.2915
11.21,0.0004068,1.009,55.1,-162.3,0.2034
14.52,0.0003265,0.7885,50.62,-156.3,0.2868
13.56,0.0004161,0.8758,51.87,-176.9,0.2614
8.566,0.0003379,1.221,55.05,-180.5,0.1556
9.834,0.0004075,1.062,48.36,-174.9,0.2033
8.627,0.0004595,0.9108,26.81,-162,0.3218
9.211,0.0004591,0.8441,30.42,-187.1,0.3028
9.233,0.0004032,1.021,49.49,-168.8,0.1866
15540,0.000407,0.5386,36990,-180.5,0.4201
21.62,0.000484,0.6311,59.72,-181.9,0.362
7.908,0.0004244,1.105,40.3,-176.7,0.1962
11.28,0.000379,1.226,60.77,-174.9,0.1856
14.44,0.0003941,0.685,37.06,-172.3,0.3896
14.73,0.0003742,0.8413,49.6,-170.9,0.297
9.327,0.0004212,1.045,47.83,-165.8,0.195
11.04,0.0003466,1.028,51.72,-165.2,0.2135
8.495,0.0004183,1.213,48.01,-172.4,0.1769
17.31,0.0004329,0.7294,53.08,-166.6,0.3261
8.652,0.0005212,0.936,44.82,-179.9,0.193
15.48,0.0003506,0.7872,54.15,-185.7,0.2859
8.159,0.0005128,1.052,36.26,-170.3,0.225
9.724,0.0004064,0.9265,35.01,-172.3,0.2777
10.26,0.0004422,1.032,51.68,-182.7,0.1985
9.599,0.0004251,1.018,38.01,-175.7,0.2525
10.65,0.0004027,1.275,75.4,-173.2,0.1412
13.97,0.0004026,0.9176,51.2,-172.7,0.2729
9.361,0.0003577,1.015,47.99,-173.9,0.1951
7.506,0.0004562,1.192,46.33,-180.4,0.162
22.37,0.000559,0.7109,81.92,-182.1,0.2731
9.172,0.0004167,1.172,53.45,-186.6,0.1716
11.4,0.0003442,1.144,73.63,-169.1,0.1548
10.13,0.0005547,1.001,38.64,-173.2,0.2622
8.332,0.0004222,1.213,54.1,-175.1,0.154
8.736,0.0003516,0.9287,29.32,-165.6,0.298
11.87,0.0004648,1.025,50.5,-162.7,0.235
11.41,0.0005013,0.8389,42.72,-184,0.2671
11.61,0.0004838,1.267,79.15,-184.4,0.1467
11.97,0.0003971,0.7374,39.41,-171.4,0.3037
14.13,0.0004539,0.7895,49.32,-179.7,0.2865
10.54,0.000466,0.88,32.53,-193.3,0.324
7.809,0.0003652,0.9661,28.37,-152.9,0.2753
9.148,0.0003435,1.252,50.75,-158.4,0.1803
12.74,0.000416,0.9416,51.43,-180.5,0.2477
22.14,0.0004103,0.7943,91.61,-176.1,0.2417
6.829,0.0003849,1.197,38.17,-164.6,0.1789
10.07,0.0004243,1.249,59.91,-165.3,0.1681
6.447,0.0005184,0.9723,20.15,-183,0.32
9.685,0.0004749,0.9977,44.58,-177.2,0.2172
16.84,0.0004238,0.6233,43.09,-179.2,0.3908
12.53,0.0003915,1,55.16,-169.9,0.2272
11.7,0.0003744,0.8587,38.17,-172.8,0.3065
7.487,0.0003946,1.358,50.05,-167.7,0.1496
7.11,0.0005406,1.161,38.67,-178.8,0.1839
9.297,0.0003528,1.293,64.8,-169.1,0.1435
10.06,0.0004149,0.9898,45.66,-165.1,0.2203
7.505,0.000492,0.9922,32.56,-183.1,0.2305
13710000,0.0004183,0.5411,37710000,-174.4,0.3636
11.57,0.0003594,0.9126,42.91,-163.1,0.2696
7.683,0.0004021,1.458,66,-181.6,0.1164
11.7,0.0003502,1.32,118.5,-176.7,0.09873
10.86,0.0003675,0.8833,31.44,-175.9,0.3454
10.82,0.000564,0.8878,38.25,-190.9,0.2829
9.894,0.0003509,1.062,51.08,-165.4,0.1937
10.62,0.0004035,0.9339,39.33,-176,0.27
16.95,0.0004712,0.778,54.57,-186,0.3106
12.09,0.000436,0.8008,36.15,-185.8,0.3344
18.35,0.0004768,0.7754,65.41,-180,0.2805
9.704,0.0004173,0.9645,34.23,-183.7,0.2835
12.88,0.0004043,0.823,42.52,-180.5,0.3029
10.39,0.0003339,1.166,66.41,-157.3,0.1565
10.22,0.0004134,0.972,44.94,-176.3,0.2274
9.449,0.0003849,0.9498,42.83,-183.8,0.2206
8.853,0.0004538,1.168,40.62,-178.5,0.2179
11.05,0.0003716,1.07,53.11,-160.5,0.2081
6.916,0.0004853,1.082,29.02,-179.2,0.2383
11.89,0.0004064,1.132,83.84,-168.1,0.1418
18.26,0.000371,0.7496,49.85,-165.6,0.3663
10.9,0.0003965,0.9221,45.38,-175.4,0.2402
14.9,0.0004807,0.7745,44.55,-167.1,0.3345
7.741,0.0003885,1.246,58.52,-164.7,0.1323
12.15,0.0005306,0.9438,52.94,-175.6,0.2295
11.07,0.0003561,1.03,46.15,-168.6,0.2399
13.01,0.0003405,1.01,60.15,-168,0.2163
8.062,0.0004117,1.397,76.44,-178.5,0.1055
9.992,0.0004454,1.156,50.7,-181.9,0.1971
12.9,0.0003921,1.033,78.74,-168.5,0.1638
15.15,0.0004664,0.7682,56.25,-181.4,0.2693
8.5,0.0003559,1.022,39.43,-163,0.2156
11.14,0.0004552,1.219,63.08,-173.6,0.1766
13.89,0.0003819,0.8261,45.68,-147.4,0.3041
45.21,0.0004002,0.6411,160,-174.3,0.2826
14.47,0.0004137,0.7087,49.81,-171.4,0.2905
13.18,0.0003452,0.9169,58.87,-184.4,0.2239
6.576,0.0003779,1.203,33.13,-171.4,0.1985
16.24,0.0005324,0.7732,63.68,-184.2,0.255
9.775,0.0004324,1.009,44.58,-168.6,0.2193
10.7,0.000485,0.9916,46.88,-175.9,0.2282
10.16,0.0003887,0.8566,33.37,-174.6,0.3045
8.189,0.0003678,0.8905,28.13,-182.6,0.2911
8.636,0.0003903,0.9956,35.18,-174.2,0.2455
6.609,0.000388,1.302,43.64,-173,0.1514
13.84,0.0003379,0.9803,59.66,-157.5,0.232
12.01,0.0005074,0.8398,37.66,-187.3,0.3189
14.45,0.0003455,0.8075,45,-161.7,0.3211
13.2,0.0003298,0.9952,65.52,-188.7,0.2015
7.823,0.0004924,1.104,44.53,-176.3,0.1757
11.01,0.0003431,1.115,59.08,-166.9,0.1864
12.46,0.0003628,1.017,55.77,-171.3,0.2234
9.614,0.0003809,0.9707,47.83,-152.7,0.201
10.18,0.0003954,1.185,58.46,-164,0.1741
9.776,0.0003726,1.339,94.74,-171.8,0.1032
7.331,0.0004136,1.261,45.33,-167.6,0.1617
12.78,0.0004207,0.8331,51.91,-187,0.2462
12.88,0.0004854,0.7608,40.32,-171.4,0.3194
23.19,0.0004217,0.6721,72.41,-181.3,0.3203
13.61,0.000353,0.9953,65.8,-159.5,0.2068
10.14,0.0003751,0.8272,32.9,-174,0.3082
11.19,0.0004943,0.7968,35.4,-180,0.3161
9.802,0.0005035,0.8511,35.07,-171.7,0.2795
12.59,0.0004322,1.073,61.01,-175.1,0.2064
9.71,0.0004539,1.076,53.5,-160.7,0.1815
55.45,0.000512,0.5567,141.6,-180.3,0.3916
42.44,0.000345,0.6578,120.5,-165.4,0.3522
9.578,0.0003713,1.2,52.69,-167.1,0.1818
15.77,0.0004428,0.6193,35.21,-179,0.4479
15.84,0.0004861,0.8354,71.14,-181.1,0.2227
8.306,0.0004088,0.8135,25.19,-179.4,0.3297
6.765,0.0004484,1.154,34.17,-182.2,0.198
8.062,0.0004894,0.8223,25.75,-165.5,0.3131
8.953,0.0004305,1.269,54.95,-161.4,0.1629
16.65,0.0005549,0.7365,55.68,-179.6,0.299
6.474,0.0005841,1.055,26.51,-173.2,0.2442
12.1,0.0004476,0.7515,42.17,-174.8,0.2869
10.17,0.000543,1.104,56.76,-170.2,0.1792
11.43,0.0004646,1.128,57.77,-167.7,0.1979
11.69,0.000356,0.8347,36.77,-189.5,0.3179
15.78,0.0004276,0.7331,50.49,-172.7,0.3125
9.07,0.0003295,1.436,91.05,-157.5,0.09962
8.51,0.0004244,1.175,46.93,-179.8,0.1813
9.251,0.0004485,1.105,45.98,-183.2,0.2012
9.985,0.0004578,0.9173,39.07,-188.8,0.2556
13.71,0.0003517,1.103,76.66,-163,0.1788
8.011,0.0004403,0.9336,28.71,-168.6,0.279
6.484,0.0004227,1.703,102.8,-176.6,0.06307
32.54,0.00049,0.589,87.55,-177,0.3717
13.18,0.0004876,1.055,56.63,-171.6,0.2327
9.519,0.0004774,0.7545,27.19,-164.3,0.3501
52950000,0.0005108,0.5714,181900000,-184.1,0.2911
36.31,0.0005657,0.6015,102.1,-174.9,0.3556
9.704,0.0004095,0.9226,39.46,-186.1,0.2459
9.528,0.0003956,0.9595,39.33,-189.8,0.2423
10.44,0.0004362,1.279,81.88,-175,0.1275
23.8,0.0004917,0.617,69.83,-179.7,0.3408
6.786,0.0005169,0.9753,23.7,-173.9,0.2863
8.066,0.0004747,1.299,58.64,-181.8,0.1376
11.9,0.000405,1.169,67.23,-168.5,0.177
13.01,0.0003262,0.85,54.39,-139.5,0.2392
12.19,0.0004267,1.247,104.2,-184.8,0.117
10.83,0.000383,0.9337,43.05,-178.7,0.2516
9.998,0.00042,1.319,74.32,-185.3,0.1345
13.25,0.0003869,1.059,67.49,-177.2,0.1963
18.03,0.0003399,0.7631,75.75,-164.1,0.238
10.38,0.0004538,1,40.92,-177.5,0.2537
9.445,0.0003649,1.149,48.82,-156.9,0.1935
13.07,0.0004941,0.8686,44.21,-179.2,0.2956
9.591,0.0004747,1.028,43.64,-174.8,0.2198
20.55,0.0005306,0.6361,54.98,-174.2,0.3738
10.29,0.0003953,1.464,146.1,-181.9,0.07043
7.852,0.0003737,1.335,52.93,-179.6,0.1483
14.08,0.0003905,0.7329,47.91,-161.1,0.2939
8.609,0.000446,1.2,50.2,-165.2,0.1715
7.002,0.000453,1.515,70.03,-171.5,0.09999
6.54,0.0004019,1.176,33.73,-171.8,0.1939
6.831,0.0003826,1.121,31,-170.2,0.2204
9.598,0.0003469,1.081,42.76,-156.1,0.2245
8.606,0.0004352,0.7796,29.93,-167.3,0.2875
8.426,0.0003805,1.09,41.47,-166.6,0.2032
10.3,0.0003572,1.173,69.63,-168.8,0.1479
12.4,0.0003613,0.9612,52.5,-166.3,0.2362
10.91,0.0004691,0.855,32.47,-168.5,0.336
8.413,0.0004818,0.9009,31.85,-174.2,0.2641
9.164,0.0003479,1.157,52.17,-170.8,0.1757
8.154,0.0004324,0.8345,29.72,-172.2,0.2744
9.515,0.0003912,1.395,73.56,-185.4,0.1294
8.942,0.0004515,1.021,45.24,-190.5,0.1977
12.19,0.0004715,0.6509,37.17,-182.6,0.328
8.421,0.000442,1.18,46.87,-169.9,0.1797
9.482,0.0003739,0.8326,32.93,-168.5,0.2879
17.17,0.0005531,0.7172,58.07,-198.3,0.2957
12.77,0.0005901,1.125,66.09,-181.6,0.1932
10.35,0.0003915,1.061,47.16,-181.5,0.2195
14.79,0.0005598,1.14,99.04,-178.8,0.1493
13.39,0.0004385,0.8735,48.39,-185.4,0.2767
10.87,0.0003394,1.186,69.71,-175.5,0.1559
10.53,0.000385,1.209,65.49,-187.4,0.1608
198600,0.0006235,0.5455,552800,-181.6,0.3593
9.777,0.000396,0.9995,42.68,-173.7,0.2291
13.38,0.0003473,0.9351,63.66,-166.7,0.2102
10.89,0.0004872,1.023,49.03,-182.5,0.2221
11.48,0.0003448,1.021,46.65,-168.2,0.2461
8.727,0.0003888,1.073,40.76,-172.5,0.2141
7.64,0.0004864,0.8993,26.84,-169.5,0.2846
8.186,0.0004441,1.206,46.42,-176.9,0.1763
9.151,0.000465,0.9917,32.02,-178.8,0.2858
12.08,0.000353,1.007,49.36,-155,0.2447
14.33,0.0005165,0.7702,52.44,-166.8,0.2733
10.48,0.000375,0.8897,43.23,-189.1,0.2424
6.48,0.0005501,1.044,25.53,-176.5,0.2538
14.77,0.0003438,0.8069,57.03,-167.9,0.259
14.89,0.0003525,0.903,62.22,-164.8,0.2393
9.192,0.0004864,1.094,43.85,-187.6,0.2096
11,0.0004312,1.179,59.38,-182.5,0.1852
11.06,0.0003857,0.815,34.76,-177.7,0.3182
8.829,0.0004994,1.166,50.93,-168.4,0.1734
7.713,0.0004412,0.9593,25.76,-173.4,0.2994
12.19,0.0003634,1.007,47.74,-169.3,0.2553
9.129,0.0004069,1.242,64.52,-183.9,0.1415
9.238,0.0003808,0.9954,37.19,-182.8,0.2484
10.54,0.0004032,1.33,105.2,-165.3,0.1002
12.08,0.0004067,0.8387,37.74,-170.7,0.3201
11.25,0.0004248,0.8924,45.96,-176.9,0.2448
13.22,0.0004527,0.9412,72.59,-172.3,0.1821
11.23,0.0004823,0.7566,32.47,-176.6,0.3459
8.098,0.0003663,1.334,64.37,-179.1,0.1258
9.751,0.0003413,0.9583,37.13,-160.2,0.2626
9.28,0.000505,0.7465,23.69,-171,0.3917
13.07,0.0004148,1.105,79.38,-164.4,0.1647
16.17,0.0004963,0.7537,45.71,-176.1,0.3538
7.305,0.0003765,1.064,31.69,-176.3,0.2305
12.38,0.0005203,0.8716,47.23,-175.1,0.2621
6.613,0.000446,1.109,33.04,-178.2,0.2002
7.098,0.0004674,1.076,34.32,-174.1,0.2068
8.442,0.0004259,1.13,48.67,-183.1,0.1735
10.69,0.0004386,0.9605,38.53,-177.7,0.2774
11.61,0.0003987,1.35,108,-185.4,0.1075
8.692,0.0003897,1.031,42.34,-170.6,0.2053
7.171,0.0004888,1.044,26.37,-176.3,0.2719
16.94,0.0004382,0.8416,81.56,-167.8,0.2077
14.47,0.0003876,0.8401,57.66,-187.9,0.251
39.85,0.0004126,0.7407,170.8,-161.2,0.2333
11.1,0.0005072,0.9697,42.7,-180.3,0.26
8.509,0.0003786,1.002,41.66,-170.7,0.2042
11.75,0.0004617,0.7955,36.98,-180,0.3177
12.62,0.0003955,1.149,79.66,-169.8,0.1584
7.844,0.0005269,0.9358,29.47,-171.2,0.2662
11.7,0.0003644,0.9957,52.62,-181.7,0.2223
12.72,0.0004416,0.9793,55.51,-177.1,0.2291
12.11,0.0004149,0.9152,49.49,-184.1,0.2447
7.168,0.0004455,1.052,27.1,-178.7,0.2645
12.68,0.0004445,1.064,62.91,-169.7,0.2016
24.92,0.0004283,0.641,86.11,-161.6,0.2894
11.74,0.0003795,1.135,85.9,-190.6,0.1367
10.14,0.000434,1.154,54.51,-163.1,0.186
10.77,0.000454,1.415,100.5,-169.1,0.1072
8.679,0.0004211,0.801,25.88,-173.1,0.3354
11.44,0.0003575,1.346,101.5,-173.4,0.1127
20.24,0.0003854,0.7007,69.48,-178.8,0.2913
12.46,0.0004296,0.9917,52.89,-176.8,0.2356
10.73,0.0004407,1.277,71.73,-167,0.1496
6.627,0.000512,1.449,63.24,-176.9,0.1048
11.88,0.0003713,0.8559,39.21,-168.7,0.303
10.63,0.0003981,0.9567,40.58,-165.8,0.262
9.063,0.000396,0.9226,35.78,-175,0.2533
8.18,0.0003623,0.9172,28.67,-168.2,0.2853
11.33,0.0003997,1.517,147.5,-169.1,0.07681
11.39,0.0004524,0.9017,42.97,-177.5,0.2651
10.63,0.0003802,1.227,76.49,-193.5,0.139
11.16,0.0004963,0.9902,50.05,-173.4,0.223
20.38,0.0004637,0.7152,67.46,-183.3,0.3021
9.652,0.0004652,1.038,42.56,-167.1,0.2268
6.64,0.000394,1.244,37.9,-173.9,0.1752
12.63,0.000396,1.2,87.94,-184.8,0.1436
13.05,0.0004983,0.7779,44.98,-193.3,0.2901
8.974,0.0003986,1.118,45.71,-175.7,0.1963
8.032,0.0003729,1.175,38.63,-170.5,0.2079
10.11,0.0003989,1.205,53.06,-169.9,0.1905
10.24,0.0004375,0.9977,43.17,-179.8,0.2372
11.94,0.0003651,1.14,60.57,-163.3,0.1971
12.31,0.0003244,0.9562,51.69,-160.4,0.2382
12.9,0.0003638,0.7292,39.34,-172,0.3279
9.746,0.0003394,0.9279,46.71,-162.6,0.2086
11.79,0.0004123,1.006,46.42,-176.3,0.254
14.08,0.0003962,0.9905,74.35,-174.5,0.1894
9.335,0.0003861,0.8098,30.61,-164.1,0.305
16.4,0.0004702,0.8107,65.39,-168.9,0.2508
11.12,0.0004473,0.8432,43.76,-180.4,0.2541
26.79,0.0003676,0.7218,84.79,-160.2,0.316
10.51,0.0004071,0.8907,37.8,-164,0.278
11.71,0.0003301,1.059,48.79,-169.4,0.24
10.45,0.0003739,1.133,58.83,-165.6,0.1776
11.17,0.0003514,0.9388,38.01,-176.3,0.2939
10.01,0.000352,1.088,54,-165.6,0.1854
9.953,0.0004764,0.7748,23.49,-176.9,0.4237
13.15,0.0003352,0.8883,55.48,-160.6,0.237
13.53,0.0004772,1.178,95.88,-179,0.1411
15.6,0.0003946,1.006,91.39,-166.2,0.1707
10.51,0.0004038,0.948,37.46,-173.1,0.2806
11.05,0.0004963,0.8225,45.26,-175.6,0.2441
14.94,0.0003826,0.7912,44.68,-160.9,0.3344
11.65,0.0004176,0.8952,47.52,-173.9,0.2452
11.24,0.0004922,0.8301,37.31,-192.9,0.3013
13.88,0.0005433,0.9271,64.5,-177.7,0.2152
9.517,0.0004219,0.9981,37.61,-194.8,0.253
13.68,0.0003756,0.7686,46.46,-174.3,0.2944
3389000,0.0005646,0.5279,8303000,-175.9,0.4082
15.96,0.0003959,0.874,56.22,-173.4,0.2839
18.69,0.0004346,0.7308,49.51,-173.8,0.3775
10.85,0.0004782,1.056,57.2,-180.3,0.1897
15.68,0.0003819,0.8031,61.68,-153.1,0.2542
8.797,0.0003478,1.329,62.41,-174.4,0.141
20.85,0.0005117,0.662,60.32,-169.5,0.3457
10.32,0.0003944,0.9686,34.77,-167.2,0.2968
10.61,0.0003882,1.013,47.47,-174.9,0.2235
10.34,0.0004798,0.9794,47.85,-173.9,0.2161
9.696,0.0003703,1.224,70.05,-161.7,0.1384
8.433,0.0003753,1.19,51.8,-165.1,0.1628
12.2,0.0003886,0.8604,41.74,-172.1,0.2923
10.28,0.0004649,1.079,57.85,-180.4,0.1777
8.474,0.0004802,1.489,100.8,-178.8,0.08407
8.997,0.0004657,0.9936,33.62,-172,0.2676
16.35,0.0004253,0.7332,42.16,-169.3,0.3878
10.65,0.0004711,0.9663,39.98,-182.4,0.2664
16.55,0.0005022,0.7982,57.65,-181,0.2871
6.587,0.0004705,1.125,29.1,-171.5,0.2264
7.475,0.0003883,1.046,31.88,-174.7,0.2345
12.73,0.0004386,0.6344,34.87,-176.3,0.3651
11.18,0.0003962,1.047,48.88,-175.5,0.2287
8.227,0.0006116,0.9756,37.81,-174,0.2176
8.791,0.000436,0.9909,35.44,-185.1,0.2481
8.794,0.0004306,0.8527,24.61,-180,0.3573
8.621,0.0003513,1.018,40.91,-176.8,0.2107
9.934,0.0003266,1.144,71.91,-161,0.1381
11.97,0.0005748,0.9485,47.42,-175,0.2524
9.059,0.0003397,1.272,58.78,-184.4,0.1541
9.342,0.0003551,1.244,69.76,-172.6,0.1339
14.59,0.0003717,0.9953,74.07,-173.4,0.197
8.905,0.000436,1.104,39.28,-164.3,0.2267
8.411,0.0004153,1.166,50.9,-179.6,0.1652
8.37,0.0004193,0.9887,34.65,-183.9,0.2416
12.6,0.0003765,0.9708,60.51,-161.3,0.2082
12.34,0.0003515,0.9456,49.14,-161,0.2511
15.14,0.0004443,0.7351,47.54,-178.1,0.3185
16.26,0.0005364,0.636,38.02,-166.1,0.4277
13.66,0.0004381,0.7654,57.8,-176.9,0.2363
11.26,0.0004378,0.9176,45.39,-170.4,0.2481
9.823,0.0004477,0.8081,25.49,-166.4,0.3854
8.292,0.0004519,1.225,60.53,-170.4,0.137
13.06,0.0004058,0.9694,51.74,-167.4,0.2524
8.254,0.0003894,1.176,51.44,-165.9,0.1605
7.521,0.0004441,1.204,42.31,-172.8,0.1778
9.013,0.0003776,1.2,50.92,-153.3,0.177
10.05,0.0004974,0.8473,31.48,-196.3,0.3193
9.656,0.0004297,0.9962,39.81,-177.6,0.2426
10.69,0.0003788,1.023,41.15,-167.6,0.2598
13.21,0.000429,1.027,64.54,-171.1,0.2047
15.83,0.0003808,0.7353,41.9,-174.5,0.3778
14.1,0.0003437,0.8984,61.54,-183.4,0.2291
11.62,0.0003165,0.9531,50.91,-162.6,0.2282
11.06,0.0005101,0.957,40.01,-179.4,0.2764
12.35,0.0004106,1.268,94.5,-169.7,0.1307
6.563,0.0004552,1.352,40.39,-170.3,0.1625
13.54,0.0004316,0.9976,60.29,-159,0.2246
9.017,0.0004522,1.142,47.59,-174.4,0.1895
17.04,0.0004273,0.8945,60.43,-175.9,0.282
16.56,0.0004571,0.7579,54.14,-188.5,0.3059
10.8,0.0004193,0.9511,44.21,-185.7,0.2443
8.722,0.0003794,1.052,33.79,-173.1,0.2581
11.06,0.0003655,1.13,64.64,-184,0.1711
12.49,0.0004486,1.363,119.9,-176.4,0.1042
12.43,0.0005302,0.9619,55.35,-173,0.2246
10.27,0.0003794,0.8419,32.96,-174.4,0.3116
11.13,0.0004042,1.151,60.72,-171.9,0.1833
7.616,0.0004383,1.157,42.66,-164.2,0.1785
7.27,0.0003824,1.197,39.69,-182,0.1832
8.587,0.0005721,0.9635,31.29,-183.9,0.2744
8.197,0.0005367,1.058,34.62,-187.2,0.2368
10.53,0.0005275,0.9731,39.8,-175.5,0.2646
10.07,0.0003762,1.267,73.03,-175.6,0.1379
10.21,0.0003834,1.085,54.36,-172.9,0.1878
14.47,0.0004321,0.7203,34.26,-175,0.4224
12.36,0.0004124,0.798,37.62,-171.4,0.3285
9.689,0.0004187,1.083,54.81,-182.9,0.1768
11.55,0.0004895,0.8669,34.32,-173,0.3365
11.82,0.0003178,0.9247,45.45,-167.6,0.2601
77010,0.0005598,0.5023,165400,-177.9,0.4656
8.978,0.0004753,0.9919,42.3,-175.5,0.2122
11.8,0.000393,0.875,51,-168.9,0.2314
11.6,0.0003933,1.003,52.51,-157.9,0.2209
8.149,0.0004081,1.072,30.83,-173.6,0.2643
7.821,0.000411,0.9613,27.08,-160.5,0.2888
8.14,0.0004065,0.9349,31.15,-173.5,0.2613
7.328,0.0003882,1.2,37.88,-167.3,0.1935
12.95,0.0003827,1.131,65.82,-189.5,0.1967
9.474,0.0003774,0.967,43.87,-165.6,0.216
8.797,0.0003998,1.215,47.24,-181.9,0.1862
14.57,0.0004194,0.9681,55.79,-156.5,0.2612
10.13,0.0004525,0.972,43.07,-174.1,0.2352
12.62,0.0004197,1.084,73.93,-180.5,0.1707
10.71,0.0003644,1.123,58.97,-177.4,0.1816
11.74,0.0004807,0.7857,38.66,-178.7,0.3037
9.726,0.0004635,0.7987,27.2,-168,0.3576
11.92,0.0003845,0.8155,40.12,-167.5,0.2971
11.53,0.0003712,0.8755,39.58,-165.4,0.2913
10.29,0.0004401,0.9666,34.34,-175.3,0.2997
13.39,0.0004307,1.074,73.04,-190.3,0.1833
7.621,0.0004269,1.056,27.43,-162.8,0.2778
16.12,0.0003912,0.9349,75.28,-171.7,0.2141
8.715,0.0003649,1.026,41.01,-170.6,0.2125
9.25,0.0004158,1.03,39.23,-174.9,0.2358
14.44,0.0004209,0.8338,57.28,-181.9,0.2521
6.575,0.000477,0.9767,24.7,-167.5,0.2662
14.38,0.0004686,0.785,48.38,-192.1,0.2972
12.72,0.0003339,1.032,60.89,-173.7,0.2089
10.66,0.0004616,0.7665,26.27,-179.6,0.4058
9.39,0.0003957,1.382,79.69,-156.1,0.1178
10.12,0.0003821,0.8188,37.09,-166.6,0.2728
12.3,0.0003736,1.168,83.75,-173.5,0.1469
7.813,0.0004397,0.83,25.2,-162.5,0.31
9.034,0.0004365,1.146,49.8,-166.3,0.1814
13.06,0.0003349,0.9957,51.49,-166.5,0.2536
11.86,0.0004442,1.18,98.35,-174.4,0.1206
13.01,0.0004312,0.8552,39.91,-161.1,0.326
14.8,0.0004123,0.9258,63.68,-177.3,0.2324
8.01,0.0005555,1.029,39.03,-174.8,0.2052
11.5,0.0003813,0.8431,43.02,-182.9,0.2673
167100,0.0004482,0.5217,383300,-179.7,0.436
20.94,0.0004952,0.6256,53.67,-175.4,0.3902
10.41,0.0003971,0.8657,31.24,-165,0.3332
34.99,0.0005658,0.6574,115,-182.4,0.3043
8.998,0.0003913,1.113,40.35,-180.3,0.223
9.095,0.0004072,0.9729,40.72,-186.6,0.2234
10.87,0.0004058,1.149,68.72,-180.6,0.1582
8.528,0.0003675,1.185,49.01,-171.9,0.174
8.453,0.0004722,1.282,63.44,-168.8,0.1332
11.01,0.0003629,1.144,54.68,-167.3,0.2014
10.44,0.000327,1.11,58.04,-172.6,0.1799
11.09,0.0003575,1.117,61.72,-173.4,0.1797
9.709,0.000381,0.9983,43.01,-172.8,0.2257
12.69,0.0004291,0.7167,40.59,-161.1,0.3126
11.62,0.000408,1.054,55.62,-169.9,0.2089
8.875,0.0004659,1.114,39.68,-178.9,0.2237
8.714,0.0004057,0.9182,34.79,-167,0.2505
10.55,0.0003355,0.9579,38.12,-156.3,0.2768
1395000,0.0005055,0.5157,3778000,-178.5,0.3692
14.12,0.0004279,1.039,69.73,-177.5,0.2025
13.12,0.0004023,1.013,59.43,-169,0.2208
11.56,0.0003915,0.8681,45.7,-173,0.253
12.14,0.0004119,1.005,54.2,-171.8,0.224
12.2,0.000338,1.141,78.43,-164.4,0.1556
10.41,0.0003558,1.335,87.72,-169.4,0.1187
7.822,0.0003841,0.9075,25.81,-169.1,0.3031
9.028,0.0003644,0.8608,31.82,-175.8,0.2837
9.749,0.0003793,0.9991,42.22,-166.5,0.2309
17.9,0.0004479,0.7716,60.99,-164.8,0.2935
16.22,0.0003894,0.8425,57.58,-182.9,0.2817
12.51,0.0003882,1.303,123.6,-169.8,0.1012
13.45,0.0003857,0.9429,46.16,-153.9,0.2914
9.804,0.000425,0.9146,31.59,-174.3,0.3104
12.48,0.0004139,1.071,70.1,-177.7,0.178
11.49,0.0003889,1.615,140.5,-170.6,0.08178
8.559,0.0003435,1.302,70.56,-157.8,0.1213
10.45,0.0003457,1.015,36.74,-174.9,0.2844
10.12,0.0003727,1.372,101,-180.5,0.1002
9.116,0.0004442,1.185,49.25,-174.1,0.1851
10.22,0.0003566,1.375,104,-179.5,0.09827
10.09,0.0004341,1.024,51.63,-170.5,0.1954
15,0.0003857,0.8634,52.43,-162.6,0.2861
12.37,0.0003797,0.8157,40.88,-170.7,0.3026
10.69,0.0003987,0.887,39.03,-155.6,0.2739
14.29,0.0004911,0.8581,51.86,-174,0.2755
30.18,0.0003904,0.7001,112.9,-184.2,0.2673
10.09,0.0003927,0.9873,47.05,-180,0.2145
16.96,0.000518,0.6491,44.62,-181.1,0.3801
11.97,0.0004023,1.067,67.17,-166.4,0.1782
8.275,0.0004094,0.9468,28.59,-163.5,0.2894
7.902,0.0003819,1.079,34.88,-172.1,0.2265
8.837,0.0004191,1.103,41.07,-181.5,0.2152
6.903,0.0004071,1.056,27.53,-182.3,0.2507
19.88,0.0004116,0.7589,67.65,-182.4,0.2939
9.888,0.0004249,1.318,91.97,-160.2,0.1075
9.962,0.0003658,1.088,37.95,-176.1,0.2625
12.08,0.0003346,1.068,74.13,-178.3,0.163
15.78,0.0005295,0.7392,51.5,-168.5,0.3064
12.92,0.0003547,0.9673,50.87,-163.6,0.254
12.12,0.0004263,1.153,80.1,-169.9,0.1513
7.825,0.0004214,1.079,33.6,-179.1,0.2329
11.52,0.0005423,0.7121,33.02,-169.5,0.3489
10.09,0.0003766,1.186,77.09,-178.4,0.1309
9.003,0.000416,1.073,42.38,-185,0.2124
9.973,0.0004801,0.8871,42.7,-172.4,0.2336
10.6,0.000386,1.141,66.36,-164.8,0.1597
10.11,0.0003684,1.297,67.61,-171.5,0.1495
8.117,0.0004262,1.106,48.35,-174.1,0.1679
11.28,0.0003931,1.129,59.67,-175.3,0.189
12.07,0.0005601,0.8105,41.69,-177.2,0.2895
11.98,0.0003755,1.188,84.36,-181,0.142
7.431,0.0004382,1.072,33.24,-170.5,0.2236
11.03,0.0003391,1.094,53.46,-173.2,0.2063
11.41,0.000449,0.9568,53.46,-168.9,0.2134
9.112,0.0004528,1.121,60.72,-180,0.1501
14.51,0.0004539,0.6834,38.51,-169.1,0.3768
7.805,0.0004523,0.968,32.52,-185.6,0.24
10.52,0.0004533,0.7684,31.29,-175,0.3362
11.68,0.000368,0.8705,40.73,-159.6,0.2868
8.808,0.0003664,1.104,40.9,-181.3,0.2154
15.49,0.0004266,1.067,92.91,-173.9,0.1667
13.49,0.0003186,0.9029,51.13,-163.3,0.2638
7.474,0.0003908,1.012,31.02,-179,0.2409
9.222,0.0004102,1.298,69.32,-188.7,0.133
8.99,0.000349,1.048,39.29,-170.5,0.2288
9.611,0.0003746,0.9368,37.14,-162.6,0.2588
8.697,0.0006034,0.9791,36.75,-186.7,0.2367
8.716,0.0004626,0.8687,29.83,-173.7,0.2922
10.67,0.0005279,0.7971,33.85,-175.3,0.3152
71.29,0.0005481,0.6285,251.2,-171.4,0.2838
10.74,0.0003502,1.112,65.77,-158,0.1633
12.25,0.0004355,0.88,50.01,-171.4,0.245
9.851,0.0003515,1.172,54.73,-180.9,0.18
11.91,0.0003709,1.37,126.7,-171.6,0.094
11.44,0.0003709,1.124,82.05,-184.6,0.1394
7.637,0.0004951,1.022,24.55,-164,0.3111
9.394,0.0003936,0.8153,31.36,-163.8,0.2996
7.868,0.0004104,1.066,38.98,-172.4,0.2018
14.81,0.0004867,0.7243,42.32,-175.6,0.35
11.12,0.0004968,0.8892,42.69,-182.1,0.2605
11.86,0.0005018,0.6994,42.26,-184.5,0.2806
16090000,0.0004576,0.5279,37590000,-182.2,0.428
9.215,0.0003674,0.9824,40.35,-188,0.2284
7.817,0.000528,1.043,40.03,-179.3,0.1953
30.74,0.0005957,0.5811,80.51,-193.7,0.3818
9.057,0.000439,1.132,47.29,-166.4,0.1915
10.85,0.0003817,1.252,83.47,-186.8,0.13
10.65,0.0004023,1.273,61.01,-182.8,0.1746
13.22,0.0004107,0.8218,49.59,-174.9,0.2666
10.12,0.0004633,1.007,50.06,-176.9,0.2022
10.02,0.000424,0.9309,39.94,-178.8,0.2509
7.776,0.0004652,0.9973,32.23,-173.5,0.2413
17.53,0.0003946,0.7533,62.32,-170.9,0.2813
9.341,0.0003548,1.23,75.78,-173.5,0.1233
9.599,0.0005649,0.7444,24.4,-168.6,0.3934
9.139,0.0004673,1.065,44.68,-185.3,0.2045
168.7,0.0004256,0.5704,463.3,-168.8,0.3641
11.37,0.0003881,1.383,99.41,-175.2,0.1144
9.687,0.0003824,1.181,50.79,-170.3,0.1907
7.345,0.0003757,1.286,46.63,-170.7,0.1575
11.64,0.0003318,0.9724,46.66,-171.9,0.2495
13.33,0.0004918,0.7067,41.98,-170.5,0.3175
9.241,0.0004735,1.093,36.51,-183.3,0.2531
9.494,0.0003728,1.053,36.59,-157.8,0.2595
8.598,0.0004678,1.192,52.35,-165.8,0.1642
11.59,0.0004325,1.171,68.78,-186,0.1685
10.83,0.0004411,0.9493,44.79,-163.7,0.2418
13.99,0.0003826,1.123,91.84,-167,0.1523
12.66,0.0004835,1.234,83.69,-172.9,0.1513
10.87,0.000413,0.8563,44.09,-180.8,0.2465
10.43,0.000372,1.41,119.8,-180.1,0.08706
15.15,0.0003511,0.8736,48.76,-183.2,0.3107
8.598,0.0003331,1.065,40.37,-164.5,0.213
12.37,0.0004823,0.7943,39.83,-178.8,0.3106
9.515,0.000391,0.9048,29.47,-178.8,0.3229
17.18,0.0004914,0.6459,45.85,-172.8,0.3747
11.16,0.000438,0.9696,57.01,-170.4,0.1958
6.554,0.0005083,1.374,48.63,-178.4,0.1348
7.439,0.0004238,1.05,32.03,-164.5,0.2323
20.5,0.0004435,0.7029,69.12,-171.9,0.2966
14.75,0.0005187,0.693,46.09,-187.9,0.32
9.684,0.0003879,1.286,67.78,-189.9,0.1429
14.31,0.0003731,0.9365,60.6,-166.9,0.2361
10.16,0.0003831,1.125,62.89,-167.4,0.1616
7.603,0.0005298,0.976,31.33,-176.2,0.2427
12.39,0.0004504,0.8445,48.02,-183.9,0.258
17.9,0.0003237,0.7788,59.67,-176.2,0.3
46.59,0.000385,0.6331,135,-176.1,0.3451
11.03,0.0004397,0.8731,40.88,-182,0.2698
8.976,0.0004038,1.091,44.26,-169.5,0.2028
12.79,0.0004357,0.8309,41.35,-174.6,0.3093
16.94,0.0004413,0.7043,47.9,-169.2,0.3537
16.39,0.0005545,0.651,44.49,-171.4,0.3684
6.603,0.0004435,1.151,32.88,-182.3,0.2008
14.07,0.0004379,0.9249,47.75,-180.4,0.2947
10.27,0.0003543,1.26,72.25,-177.7,0.1421
10.15,0.0004021,1.812,225.7,-181.9,0.04497
9.534,0.0003897,1.107,52.97,-165.2,0.18
8.783,0.0003795,1.084,45.42,-166.6,0.1934
14.74,0.0003888,0.9588,66.92,-173.5,0.2203
8.784,0.0003279,0.9738,36.35,-150.9,0.2417
15.68,0.0003765,0.9819,91.38,-172.5,0.1716
11.59,0.0004433,0.8868,42.71,-164.7,0.2714
10.82,0.0003839,1.308,83.1,-176.1,0.1302
9.336,0.0003872,1.059,51.59,-156.3,0.181
7.885,0.000367,1.105,37.43,-170.3,0.2107
9.225,0.0004903,0.9672,34.01,-171.8,0.2712
19.53,0.000531,0.7461,80.66,-162.5,0.2421
11.38,0.0003752,1.192,70.64,-182,0.1611
10.83,0.0003926,1.06,38.95,-188.3,0.278
11.53,0.0003238,1.024,45.48,-171.1,0.2535
10.34,0.0003564,0.9204,41.3,-172.8,0.2504
9.838,0.0003607,1.127,44.98,-156.6,0.2187
9.328,0.0003428,1.135,45.36,-163,0.2056
10.21,0.0005005,0.9912,46.18,-182.5,0.2211
12.9,0.0003407,0.9622,54.81,-161.1,0.2354
8.623,0.0004533,1.189,47.85,-178.8,0.1802
11.86,0.0003591,1.183,89.17,-166.1,0.133
8.283,0.0004474,1.098,33.92,-180.2,0.2442
9.869,0.0003671,1.282,64.95,-180.1,0.1519
11.29,0.0004187,0.8034,42.33,-175.6,0.2667
10.15,0.0005227,0.8722,41.14,-172.1,0.2467
9.956,0.0003411,1.157,62.73,-166.4,0.1587
7.996,0.0004086,1.05,29.39,-169.5,0.2721
10.76,0.0004402,0.9725,49.63,-166.1,0.2168
14.37,0.0004933,0.6399,29.21,-191.1,0.492
11.59,0.0004291,0.9214,52.36,-190.4,0.2214
24.29,0.0003492,0.6684,69.57,-167.7,0.3491
10.48,0.0004009,1.091,42.87,-172.1,0.2445
14.21,0.0005078,1.045,89.77,-177,0.1583
8.99,0.0006044,0.871,30.61,-178.7,0.2937
7.275,0.0004571,1.012,25.05,-176.7,0.2904
10.33,0.0004207,0.8991,37.3,-184.1,0.2769
11.66,0.0005678,0.9575,56.98,-174,0.2046
9.075,0.0004228,1.147,51.24,-183.8,0.1771
8.209,0.000395,0.9861,39.41,-173.7,0.2083
16.68,0.000433,0.9673,75.56,-173,0.2208
12.14,0.0004126,1.016,55.36,-172.3,0.2193
14.57,0.0004025,0.6629,33.74,-170,0.4318
11.42,0.000395,1.137,68.04,-190.3,0.1678
12.5,0.0004475,0.9167,54.77,-179.8,0.2282
3715000,0.0004895,0.5104,9405000,-172.7,0.395
12.65,0.0004057,0.7784,38.8,-183.5,0.326
13.88,0.0003764,0.9431,72.99,-186.9,0.1902
7.995,0.0004295,0.9173,29.52,-172.9,0.2708
11.65,0.0004673,0.7425,36.8,-166.9,0.3166
9.652,0.0004417,0.8901,36.4,-176,0.2652
12.41,0.0004447,0.8592,49.56,-180,0.2504
8.353,0.0004517,0.9721,34.6,-186.4,0.2414
13.73,0.0003508,0.9859,62.21,-175.3,0.2207
25.99,0.0006468,0.6647,86.08,-176.3,0.3019
10.14,0.0003853,1.39,80.61,-166.2,0.1258
10.09,0.0003711,1.191,60.82,-162.4,0.1659
8.451,0.0004172,0.9759,35.43,-170.6,0.2385
7.441,0.0003587,1.182,49.34,-176.1,0.1508
13.19,0.0004153,1.056,71.17,-198,0.1853
9.469,0.0004092,0.9178,38.56,-170.6,0.2456
12.1,0.0004321,0.755,41.19,-168,0.2938
10.72,0.0003798,1.443,98.9,-162.4,0.1084
9.25,0.0004958,0.8508,30.67,-190.3,0.3016
9.717,0.0004672,1.052,45.43,-182.1,0.2139
12.19,0.0004538,0.9021,44.2,-179.2,0.2758
15.75,0.0003892,1.004,87.79,-180.6,0.1794
7.838,0.0003817,1.051,32.75,-173.1,0.2393
6.867,0.0004683,0.8888,24.1,-179.5,0.2849
9.425,0.0003489,0.9463,36.47,-156.8,0.2584
11.19,0.000516,0.9779,57.36,-167.8,0.1951
16.48,0.0003935,0.7028,45.7,-187.8,0.3606
12.17,0.0004278,1.029,50.88,-167.6,0.2392
13.77,0.0003671,1.016,67.64,-169,0.2036
12.36,0.0003638,1.008,46.02,-177.7,0.2686
87.5,0.0005139,0.5512,221.4,-167.1,0.3952
9.873,0.0004872,0.9659,42.27,-174.7,0.2336
9.163,0.000392,0.9182,32.9,-168.9,0.2785
7.899,0.0004085,1.167,38,-171,0.2079
14.01,0.0004896,0.9891,61.39,-180.7,0.2282
13.74,0.0004609,0.8382,45.97,-186,0.2989
14.27,0.0004754,0.7826,50.97,-164.8,0.28
14.27,0.000398,0.7619,43.02,-173,0.3317
11.32,0.0003844,1.054,64.4,-163.6,0.1758
11.94,0.0004574,0.9123,49.1,-176.6,0.2432
7.834,0.0003666,0.9212,24.02,-173.3,0.3261
8.403,0.0003827,1.059,43.83,-159.6,0.1917
13.42,0.0003726,0.9047,47.37,-173.8,0.2833
8.575,0.0004162,0.9284,28.32,-169.7,0.3028
12.56,0.0003519,0.8497,60.12,-158.2,0.2089
14.46,0.0004128,1.065,70.32,-174.5,0.2056
14.41,0.0005109,0.8217,51.83,-182.1,0.278
11.46,0.0004209,1.091,63.12,-162,0.1816
9.181,0.0004314,0.7208,25.73,-171.9,0.3568
6.938,0.0004028,1.183,30.95,-189.5,0.2242
10.64,0.0004204,0.8718,40.96,-176.2,0.2598
12.7,0.0004669,0.8241,46.26,-184.7,0.2745
9.444,0.000348,0.912,37.29,-161.7,0.2533
20.95,0.0004862,0.7496,86.77,-185.2,0.2414
10.79,0.0004363,1.129,46.82,-172.2,0.2305
8.397,0.0003912,1.287,59.65,-166.9,0.1408
12.74,0.0004901,0.8629,47.49,-192.8,0.2683
11.45,0.0003483,1.201,67.51,-174.1,0.1696
11.83,0.0003233,0.9317,44.12,-167.3,0.2681
36.68,0.0004145,0.6211,117,-179.2,0.3135
13.89,0.0004951,1.027,71.18,-183.2,0.1951
9.59,0.0004447,1.006,34.83,-182.4,0.2753
26780,0.0004196,0.579,88780,-163,0.3016
6.995,0.0004267,1.123,36.76,-171.8,0.1903
9.193,0.0003654,1.29,67.83,-165.9,0.1355
7.838,0.0003919,1.085,35.4,-173.9,0.2214
23.51,0.0004719,0.6833,81.31,-181.8,0.2891
11.76,0.00035,0.9209,43.84,-162,0.2682
9.771,0.000419,1.059,40.39,-187.1,0.2419
8.314,0.0004165,1.147,35.69,-186.1,0.233
22.15,0.000415,0.7022,60.79,-175.6,0.3644
13,0.0003867,1.036,66.05,-176.9,0.1968
10.88,0.0003684,1.307,93.45,-169.2,0.1164
6.74,0.000499,1.111,30.23,-173.3,0.223
11.53,0.0005392,0.7867,35.91,-187.8,0.3211
9.712,0.0003716,1.166,50.24,-162.2,0.1933
13.3,0.0003544,0.9299,52.14,-174.7,0.2551
15.13,0.0005259,0.8234,50.49,-183.3,0.2997
15.6,0.0003266,0.9378,80.08,-168.7,0.1948
11.81,0.0005193,0.9452,45.86,-178.9,0.2575
7.836,0.0004345,0.9596,31.47,-154.8,0.249
8.501,0.0003709,1.011,33.93,-168.2,0.2505
9.244,0.0003745,1.12,46.04,-164.4,0.2008
13.29,0.000477,1.309,105.2,-167.9,0.1263
11.2,0.0003665,0.8551,43.45,-188.4,0.2578
16.68,0.0004795,0.7197,47.32,-167.7,0.3525
10.81,0.0004038,1.032,37.65,-172.4,0.2871
14.78,0.0004031,0.8615,46.62,-186.8,0.317
9.376,0.0003727,0.9864,35.6,-167.6,0.2634
7.4,0.0005123,0.8329,25.54,-179.4,0.2897
32.87,0.0005121,0.5881,82.99,-180.3,0.3961
12.73,0.0003346,0.7507,38.06,-168.2,0.3345
14.33,0.0003722,0.9861,66.87,-173,0.2143
9.594,0.0004449,0.9331,33.97,-178.9,0.2824
14.06,0.0005016,0.7916,49.42,-195.5,0.2845
6.449,0.000523,1.081,28.45,-183.8,0.2267
9.578,0.0003423,0.867,32.36,-163.8,0.296
12.24,0.0003928,1.078,81.32,-167.4,0.1505
8.946,0.0003413,0.9593,31,-153,0.2886
13.63,0.0004026,1.007,52.72,-191.8,0.2585
12.78,0.0003904,0.8003,38.15,-160.6,0.335
9.098,0.0004382,1.044,34.26,-163.2,0.2656
9.113,0.0003746,1.085,51.76,-178.3,0.1761
7.968,0.0004249,1.189,44.46,-178.7,0.1792
10.28,0.0004837,0.8509,41.29,-166.2,0.249
16.93,0.0003799,0.8167,71.16,-166.5,0.2379
22.25,0.0003542,0.7546,87.51,-163.3,0.2543
10.35,0.0003259,1.089,45.1,-175.8,0.2295
11.4,0.0003588,0.9281,42.43,-180.1,0.2687
14.95,0.0004278,0.9516,54.26,-181.7,0.2755
10.51,0.0003974,1.078,48.39,-165.2,0.2172
11.04,0.0004362,0.9126,43.22,-156.8,0.2554
11.91,0.0003893,0.7865,43.98,-172.6,0.2708
8.505,0.0004802,0.9803,32.8,-182,0.2593
10.31,0.0004436,1.039,46.61,-185.2,0.2212
14.57,0.0004314,0.7541,51.03,-176.1,0.2855
11.73,0.0003761,0.9172,43.24,-155.4,0.2713
9.81,0.0003749,0.8791,34.05,-166.1,0.2881
7.7,0.0005115,1.084,33.83,-168.4,0.2276
13.56,0.0004999,0.7465,43.36,-179,0.3127
12.96,0.0004068,1.022,61.54,-164.9,0.2106
10.61,0.0003767,0.9464,43.12,-172.4,0.2461
8.292,0.0003221,1.466,85.28,-179.9,0.09723
9.629,0.0004232,0.9617,42.59,-178.2,0.2261
10.13,0.0003673,1.083,49.77,-167.8,0.2035
10.91,0.000366,0.8546,38.31,-165.4,0.2848
10.76,0.0005299,0.8473,37.68,-176,0.2856
12.78,0.0004221,1.078,67.92,-178,0.1882
19.11,0.0003906,0.7067,64.83,-169.4,0.2948
12.58,0.0003774,0.9981,63.62,-177.3,0.1977
8.366,0.0004637,1.103,46.74,-165.4,0.179
6.038,0.000369,1.126,25.44,-177.6,0.2373
8.097,0.0004234,1.093,37.83,-171.9,0.214
7.216,0.0005133,1.131,34.61,-176.7,0.2085
10.94,0.0003821,1.119,53.65,-189.7,0.2039
23.88,0.0005342,0.7081,89.77,-182.3,0.266
22.53,0.0004159,0.6899,58.82,-173,0.383
11.83,0.0003543,1.09,60.1,-170,0.1968
10.65,0.0005522,1.015,53.82,-175.5,0.1979
7269000,0.0004858,0.5442,18870000,-176.5,0.3852
10.75,0.0003375,1.038,42.31,-151.5,0.2541
9.946,0.0003811,0.8756,39.11,-173,0.2543
11.72,0.0003708,1.083,69.23,-166.4,0.1693
11.43,0.0005006,1.051,64.87,-180.9,0.1762
5.908,0.000452,1.08,24.62,-180.8,0.24
13.81,0.0004959,0.7738,47.98,-190.1,0.2878
11.64,0.000357,1.066,68.7,-165.9,0.1694
11.6,0.0003721,0.9665,54.86,-164.3,0.2114
10.05,0.0004926,0.8283,32.06,-177,0.3135
18.42,0.0003693,0.8626,69.39,-177.5,0.2655
12.1,0.0003683,1.3,101.5,-186.6,0.1192
18.29,0.0004123,0.7382,54.36,-158.9,0.3365
13.77,0.0004325,1.078,86.56,-172,0.1591
11.62,0.0004365,0.9608,56.78,-157.7,0.2046
10.72,0.0004077,0.8871,39.14,-164.3,0.2739
10.56,0.000373,1.078,52.35,-172.8,0.2017
14.23,0.0005483,0.7148,41.59,-191.6,0.3421
5.638,0.0004707,1.23,30.34,-168.4,0.1858
11.48,0.0003808,1.185,95.71,-160.3,0.1199
9.947,0.000364,0.8875,35.85,-163.5,0.2775
11.93,0.0004132,1.135,70.43,-185.4,0.1694
7.861,0.0004673,1.234,49.76,-173.1,0.158
13.72,0.0005311,1.069,80.45,-178.7,0.1705
11.51,0.0004145,1.051,64.73,-170.3,0.1778
6.993,0.0004312,1.363,49.79,-177.4,0.1404
505700,0.0004148,0.5421,1256000,-174.9,0.4026
7.911,0.0004656,0.9804,26.17,-168.1,0.3023
13.85,0.0004582,0.7878,45.66,-173.5,0.3033
542100,0.0004441,0.5435,1452000,-165.5,0.3733
9.607,0.0003952,1.029,44.52,-185.1,0.2158
11.88,0.0003411,1.082,55.67,-170.2,0.2134
11.56,0.0004506,0.9141,47.62,-171.3,0.2428
7.89,0.0003568,1.123,34.86,-161.3,0.2263
12.87,0.0003943,0.8111,39.05,-170.1,0.3296
12.69,0.0003888,0.9125,58.32,-181,0.2176
2760000,0.0004853,0.5005,6269000,-180.2,0.4403
11.13,0.0003376,0.9432,39.85,-162.1,0.2793
13.1,0.0003335,0.8309,49.75,-165.1,0.2633
9.811,0.0004526,0.9618,34.82,-167.5,0.2818
10.39,0.0003919,1.017,38.43,-186.4,0.2704
10.21,0.000421,0.9369,43.78,-168,0.2332
14.18,0.0003823,1.092,75.33,-180.1,0.1882
10.13,0.0005663,0.9214,45.71,-194,0.2216
9.413,0.0003443,1.157,60.9,-157.7,0.1546
7.498,0.0004248,1.098,39.33,-169.4,0.1906
9.992,0.0003588,1.109,51.46,-162.9,0.1942
6.387,0.0004729,1.099,32.64,-167.6,0.1957
15.89,0.0005013,0.9126,93.17,-166.7,0.1705
1948000,0.0004156,0.5293,4889000,-184.7,0.3984
9.409,0.0004086,0.9881,40.25,-184.4,0.2338
9.066,0.000399,1.004,34.87,-165.1,0.26
8.622,0.0003828,0.9719,32.62,-168.6,0.2643
12.95,0.0004384,0.824,41.63,-168.6,0.3111
8.486,0.000382,1.262,55.29,-176.8,0.1535
15.67,0.0003992,0.7525,56.03,-174.4,0.2797
10.51,0.0004749,1.002,48.35,-185.7,0.2174
8.57,0.0003392,1.401,65.51,-177.9,0.1308
248300,0.0005383,0.5042,578700,-171,0.4291
8.653,0.0004292,1.255,62.38,-176.3,0.1387
7.942,0.0004483,0.9821,30.19,-160.6,0.2631
11.69,0.0002935,1.011,56.08,-153.2,0.2085
23.93,0.0005154,0.8142,79.73,-185.1,0.3001
9.557,0.0004155,1.008,44.55,-169.6,0.2145
8.094,0.0003868,1.258,49.45,-172.1,0.1637
10.14,0.0004377,1.051,49.73,-166.7,0.2039
9.414,0.0004127,0.988,37.77,-174.4,0.2492
8.657,0.0004764,1.143,41.94,-183.8,0.2064
10.49,0.000491,0.9571,45.15,-167.7,0.2323
10.18,0.000399,1.188,60.33,-171.5,0.1687
10.32,0.0003311,1.163,52.39,-160,0.197
17.79,0.0004256,0.8248,53.57,-183.7,0.3321
9.792,0.0004002,1.467,96.95,-174.7,0.101
10.74,0.0004338,0.9826,42.82,-160.2,0.2508
7.918,0.000367,1.118,38.38,-177.6,0.2063
11.29,0.0003772,1.075,60.98,-170.7,0.1851
8.251,0.0005164,0.8581,25.49,-181.6,0.3237
17.22,0.0004875,0.6358,46.61,-173.6,0.3694
8.679,0.0003285,1.384,72.38,-162.9,0.1199
11.82,0.0005175,0.9155,48.62,-189,0.2431
14.6,0.0004459,0.7991,47.85,-165.2,0.3051
10.49,0.0005651,0.8755,40.5,-180.8,0.259
8.454,0.0004133,1.346,80.13,-181.1,0.1055
11.04,0.0003893,0.8871,38.83,-180.3,0.2843
11.46,0.0003655,1.231,74.7,-182.5,0.1534
513700,0.0003419,0.5678,1370000,-145,0.375
11.13,0.0003904,0.9316,46.39,-183,0.2399
16,0.0004994,0.7798,50.48,-160.8,0.317
9.448,0.0005411,0.8936,36.81,-189.8,0.2567
10.18,0.0004092,1.251,62.94,-179,0.1617
10.8,0.000367,1.08,47.52,-180.3,0.2273
9.951,0.0004862,0.7906,28.14,-168.7,0.3536
8.058,0.0004095,1.011,44.13,-174.2,0.1826
1246000,0.0004541,0.5464,3991000,-163.2,0.3122
12.9,0.0003503,1.048,62.47,-150.7,0.2065
17.13,0.0004206,0.7327,59.57,-171.9,0.2876
8.495,0.000488,1.46,91.72,-182.1,0.09262
12.89,0.00045,1.072,65.41,-174.1,0.1971
10.15,0.000489,0.9727,38.68,-184.9,0.2624
10.72,0.0004038,0.9248,41.2,-163,0.2602
8.676,0.0003629,0.9838,29.22,-183.1,0.2969
8.361,0.0003729,1.139,48.06,-171.6,0.174
12.21,0.0003415,0.9318,44.05,-177.8,0.2772
11.78,0.0004192,0.8135,45.86,-167.6,0.2569
9.016,0.0004066,0.8662,28.24,-168.3,0.3193
11.09,0.0004132,0.928,48.31,-162.8,0.2296
11.48,0.0003286,1.06,50.65,-168.1,0.2267
9.926,0.0005453,0.732,29.64,-168.8,0.3349
13.66,0.0003533,0.9244,46.25,-157.2,0.2954
9.229,0.0004299,1.122,51.47,-174.6,0.1793
12.23,0.0004409,1.292,109.3,-164.5,0.1119
8.38,0.0003905,1.068,33.22,-163.5,0.2523
8.004,0.0003323,1.045,36.33,-155.6,0.2203
12.84,0.0003835,0.8129,41.5,-165.8,0.3094
9.617,0.0003204,1.019,39.26,-169.6,0.245
9.358,0.0004344,0.9013,33.69,-167.5,0.2778
13.33,0.0004207,0.7503,37.77,-167.2,0.3529
9.878,0.0003737,1.432,78.47,-174.5,0.1259
13.44,0.0003811,1.162,79.96,-167,0.1681
131.3,0.0005497,0.5663,366.7,-175.7,0.3581
20.32,0.0004887,0.8865,73.56,-157.4,0.2762
11.02,0.0003901,1.386,116.8,-186.4,0.09435
13.1,0.000412,0.9391,50.32,-150.6,0.2603
11.49,0.0003432,1.034,56.2,-185.4,0.2044
11.11,0.0004492,1.164,60.81,-181.1,0.1827
13.43,0.0005274,0.6967,40.17,-168.9,0.3343
12.18,0.0003625,0.8492,38.81,-158.1,0.3138
10.58,0.0004115,1.049,40.31,-183.9,0.2625
113800,0.0003914,0.5286,257600,-175.9,0.4418
20.39,0.0004304,0.7276,65.33,-163.9,0.3121
13.91,0.000492,1.07,64.25,-194,0.2165
9.915,0.0003199,1.072,54.32,-154.7,0.1825
10.51,0.000581,1.132,67.2,-182.2,0.1564
10.89,0.0004085,1.216,85.26,-175.2,0.1277
9.823,0.0004233,0.8746,32.53,-168.1,0.302
10.59,0.0003712,1.109,53.63,-185.5,0.1975
8.101,0.0003838,1.02,33.52,-162.3,0.2417
12.42,0.0004072,0.7584,34.03,-181.5,0.365
14.87,0.0003967,0.6194,35.5,-187,0.4189
11.34,0.0004205,1.269,80.8,-176.1,0.1403
11.01,0.0003856,0.9742,38.91,-177.9,0.283
12.46,0.0003903,1.006,56.92,-176.6,0.2189
5.485,0.0004578,1.285,33.61,-178.7,0.1632
10.6,0.0003969,1.48,113.3,-166.1,0.09356
10.86,0.0003972,0.9495,50.61,-171.1,0.2146
11.42,0.0005207,0.7838,33.82,-177.3,0.3377
9.181,0.0003708,1.09,40.83,-156.7,0.2249
11.87,0.0003596,1.161,81.84,-165.9,0.145
38.35,0.0003556,0.6345,109.2,-166.6,0.3512
13.81,0.0003579,0.9758,86.15,-163.8,0.1603
13.8,0.0003004,0.8793,59.63,-158.5,0.2314
11.88,0.0004099,0.8674,35.65,-173.8,0.3332
10.67,0.0004136,0.9336,41.84,-179.6,0.255
10.26,0.0003301,1.128,48.04,-162.9,0.2136
14.53,0.0003543,0.9355,73.57,-168.3,0.1975
10.22,0.0003688,0.9347,34.5,-164.6,0.2962
13.5,0.0003929,0.8653,45.27,-175.4,0.2982
9.144,0.000458,1.187,65,-184.7,0.1407
11.63,0.0004294,0.9218,48.84,-187.9,0.2381
8.94,0.0003987,1.008,44.81,-173.1,0.1995
11.91,0.0003587,1.066,67.28,-154.8,0.177
14.91,0.0004119,0.7461,60.32,-163,0.2472
11.17,0.0003902,0.8327,42.41,-171.9,0.2634
7.613,0.0004513,0.953,26.55,-168,0.2867
8.605,0.0004626,0.951,44.03,-183.8,0.1954
13.28,0.0003476,0.9022,49.5,-161.5,0.2683
8.252,0.0004146,1.038,37.96,-175.6,0.2174
9.009,0.000367,0.8509,29.97,-175.8,0.3006
16.19,0.0003655,0.8153,57.01,-167.2,0.284
10.31,0.0003707,1.223,60.52,-173,0.1704
1105000,0.0004561,0.5415,2876000,-176.2,0.3842
6.282,0.0004928,1.025,25.65,-173.2,0.2449
12.59,0.0003584,0.9965,60.78,-171.4,0.2071
12.22,0.0004034,0.9852,52.85,-159.7,0.2312
15.51,0.0004665,0.802,56.1,-171.3,0.2765
12.31,0.0003238,1.086,55.58,-172.6,0.2215
12.68,0.0003336,0.9518,45.82,-159.7,0.2767
12.8,0.0003558,1.057,65.7,-165.1,0.1948
8.614,0.0004242,1.12,43.43,-168.7,0.1983
12.56,0.0004248,0.8834,51.77,-177.3,0.2426
11.07,0.0004441,1.22,68.37,-176.6,0.1619
11.92,0.0004992,0.6835,34.93,-177.3,0.3413
9.838,0.000491,0.861,37.84,-177.6,0.26
13.16,0.0004576,0.6525,37.31,-172.4,0.3527
26.19,0.0004488,0.6757,84.58,-175.7,0.3096
8.837,0.0004368,0.9792,34.21,-194.8,0.2583
14.08,0.0004017,0.9705,66.96,-172.4,0.2103
9.209,0.0004103,1.088,48.34,-165.5,0.1905
9.851,0.000347,1.186,68.57,-169.4,0.1437
9.66,0.0004152,0.9757,44.49,-169.2,0.2171
7.504,0.0004374,1.143,39.75,-168.4,0.1888
11.53,0.000521,0.9172,44.23,-171.6,0.2607
12.47,0.0003909,0.782,37.19,-180.5,0.3353
12.96,0.0003878,0.9861,61.46,-179.7,0.2109
13,0.0005428,0.9212,57.88,-177.5,0.2246
12.2,0.0003931,1.062,64.15,-192.4,0.1902
9.86,0.0003357,0.9422,37.43,-140,0.2634
10.95,0.0004702,0.9235,38.64,-183.7,0.2834
7.731,0.0003852,1.21,39.67,-172.7,0.1949
23.36,0.0003568,0.7307,85.39,-167.6,0.2736
10.75,0.0003645,1.106,51.17,-175.9,0.2101
8.08,0.0004279,0.9795,33.7,-165,0.2398
10.92,0.0003236,1.069,54.99,-181.7,0.1986
9.552,0.0004057,0.8208,35.5,-165.6,0.2691
23.66,0.0004354,0.6942,68.99,-181.9,0.3429
9.366,0.0004637,0.9326,31.24,-183.6,0.2998
71.52,0.0003814,0.569,181.4,-171,0.3943
13.86,0.0003724,0.7556,39.74,-176.9,0.3488
12.19,0.0004213,0.7535,39.96,-183.2,0.3051
5.987,0.0004662,1.325,37.96,-175.4,0.1577
12.65,0.0003794,1.288,100.9,-165.4,0.1254
14.89,0.0004245,0.7605,41.94,-164.9,0.355
8.403,0.0004243,0.9817,34.89,-163.9,0.2408
11.02,0.0003983,1.238,73.45,-174.8,0.15
9.051,0.0004151,1.143,65.26,-176,0.1387
11.41,0.000384,1.248,80.97,-164.8,0.1409
10.18,0.0003663,1.177,85.22,-175.7,0.1195
10.39,0.0003713,1.272,79.55,-168.3,0.1306
25.38,0.000448,0.6797,79.33,-168.3,0.3199
8.982,0.0004682,0.9628,33.75,-186.8,0.2661
12.59,0.0005718,0.7202,38.52,-183.5,0.3268
9.646,0.0003475,0.9403,37.43,-175.4,0.2577
9.288,0.00049,0.8253,26.16,-190.7,0.355
10.91,0.0003736,1.198,77.43,-189.1,0.1409
11.03,0.0003852,1.319,85.97,-175,0.1283
7.673,0.0004282,1.023,26.9,-164.3,0.2852
8.692,0.0004608,1,33.08,-195.1,0.2628
27.29,0.0005349,0.7071,111.7,-174.1,0.2443
13.29,0.0003779,1.223,99.93,-179.8,0.133
14.01,0.0005311,0.8598,64.79,-189,0.2162
12390000,0.0005384,0.6526,53080000,-180.7,0.2334
13.06,0.0005507,0.778,44.55,-187.3,0.2932
26.61,0.0006186,0.7028,92.25,-177.8,0.2885
15.02,0.0003655,0.8356,53.91,-170.9,0.2786
9.156,0.0003937,0.9994,33.86,-169.9,0.2704
7.847,0.0004475,1.123,40.3,-168.6,0.1947
9.398,0.0004963,1.119,44.38,-177.1,0.2118
8.465,0.0004336,1.153,55.47,-167.3,0.1526
16.8,0.0003942,0.9239,64.82,-174.4,0.2592
58.15,0.00044,0.5516,136.8,-167,0.4251
10.98,0.0004244,1.261,66.15,-182.5,0.166
7.662,0.0003906,1.23,51.65,-176.5,0.1483
12.53,0.0004061,0.9935,52.2,-167.8,0.24
10.25,0.0003546,1.031,42,-186.4,0.244
6.389,0.0005206,1.349,52.12,-171.6,0.1226
18.95,0.0004208,0.9634,96.12,-171.3,0.1971
22.02,0.0003952,0.7368,59.58,-162.9,0.3696
15.04,0.00044,0.8776,50.47,-167.3,0.298
10.79,0.0004718,0.8886,39.23,-170.1,0.275
11,0.0004228,1.095,46.73,-174.9,0.2354
12.34,0.0003826,1.022,57.35,-164.2,0.2152
16,0.0006452,0.7283,51.49,-176.2,0.3107
17.24,0.0005006,0.798,62.4,-192.6,0.2763
9.734,0.0003942,1.178,45.06,-167.2,0.216
10.1,0.0003923,1.619,180.8,-170.7,0.05586
10.11,0.0004582,0.7956,30.65,-185.1,0.3299
9.277,0.0004386,0.8042,28.31,-175,0.3277
8.581,0.0004496,1.06,35.66,-178.9,0.2406
7.481,0.0004909,1.086,38.18,-176.6,0.1959
7.275,0.000385,1.146,36.34,-171,0.2002
9.591,0.0003442,1.216,64.74,-164,0.1481
13.48,0.0004112,0.7781,41.9,-157,0.3217
14.68,0.000358,0.9207,61.48,-171.7,0.2388
10.3,0.0004033,0.9302,42.88,-179.3,0.2402
14.33,0.00048,1.013,79.27,-166.4,0.1808
19.61,0.0005363,0.6785,61.62,-186.6,0.3182
12.06,0.0003947,1.053,55.58,-180.6,0.217
9.054,0.000399,0.7882,28.73,-164.6,0.3151
8.161,0.0004364,1.148,49.01,-171.8,0.1665
12.98,0.0003581,0.9321,57.8,-177.9,0.2246
11.52,0.0004133,1.155,63.19,-161,0.1823
24.79,0.000458,0.7754,95.89,-179.7,0.2585
12.19,0.0003472,0.9021,40.9,-158.9,0.298
17.29,0.0004094,0.9133,71.03,-170.8,0.2434
7.812,0.0004648,1.189,36.9,-181.7,0.2117
9.258,0.0005225,0.8404,28.2,-170.3,0.3283
11.08,0.0003543,1.156,72.1,-165.2,0.1537
8.973,0.0003505,0.9527,38.29,-178.3,0.2343
12.15,0.0003992,1.139,76.45,-189,0.1589
10.97,0.000559,0.8796,47.11,-180.6,0.2329
21.13,0.0003142,0.7352,59.28,-168.7,0.3564
8.976,0.0004236,0.846,27.82,-169.3,0.3226
12.11,0.000323,0.9709,42.7,-160.9,0.2836
14.1,0.0005194,0.7493,47.96,-186.2,0.294
15,0.0003955,0.7748,43.87,-180.4,0.3419
16.67,0.0003456,0.94,59.98,-177.2,0.2779
8.965,0.0004482,0.9331,37.45,-162.7,0.2394
8.751,0.0003649,1.561,116.4,-175.7,0.07518
13.17,0.0004161,1.029,69.23,-155.2,0.1902
11.79,0.0003759,1.002,55.22,-179,0.2135
6.736,0.0004224,1.228,34.4,-170.3,0.1958
9.117,0.0004488,0.9228,35.15,-165.1,0.2594
9.63,0.0003611,1.098,58.5,-174.4,0.1646
9.705,0.0004404,0.9824,41.04,-177.3,0.2365
12.61,0.0003409,0.928,45.29,-175.8,0.2784
9.897,0.0003909,1.334,86.17,-171.4,0.1149
10.88,0.0004217,0.7579,30.19,-182.6,0.3604
9.271,0.0004703,1.244,64.15,-177.4,0.1445
10.92,0.0004276,0.968,42.45,-191.4,0.2572
10.49,0.000394,0.9832,52.78,-187.1,0.1987
12.97,0.0003852,1.043,65.62,-164.2,0.1977
8.037,0.0004004,1.3,58.32,-181.7,0.1378
7.533,0.0004367,1.016,29.85,-186.9,0.2524
11.46,0.0003851,0.9948,37.19,-183.3,0.3081
11.11,0.0003076,0.9544,39.56,-173.4,0.2808
7.742,0.000411,1.09,36.18,-184.4,0.214
11.73,0.0004897,0.826,33.83,-173.3,0.3467
11.89,0.0004226,1.007,52.53,-183.6,0.2263
8.226,0.0004852,1.002,34.12,-174.2,0.2411
13.16,0.0004101,1.025,57.76,-157.7,0.2278
11.9,0.0003645,1.056,64.35,-186.1,0.1849
7.384,0.0005691,1.156,40.66,-182.4,0.1816
46.14,0.0005476,0.5802,131.1,-172.8,0.3519
13.61,0.0004637,1.017,58.23,-176.1,0.2337
34.12,0.0004074,0.7049,111.3,-169.1,0.3066
7.969,0.0004042,0.9473,31.31,-178.1,0.2545
11.06,0.0004013,0.9423,40.14,-169.6,0.2755
10.7,0.0003584,1.169,71.65,-165.9,0.1493
13.47,0.0003811,1.072,63.19,-174.5,0.2132
9.719,0.0004041,1.029,47.16,-171.8,0.2061
12.42,0.0004513,0.8482,42.03,-179.9,0.2955
9.53,0.0005871,1.232,59.71,-189.9,0.1596
15.63,0.000624,0.6344,37.01,-180.1,0.4223
12.64,0.0004592,0.8896,46.26,-187,0.2732
8.907,0.0004956,0.8862,36.52,-170.4,0.2439
11.77,0.0003836,0.9079,46.42,-173.4,0.2536
10.38,0.0003785,1.418,107.5,-186.5,0.09656
11.01,0.0003537,1.009,46.8,-166.4,0.2353
9.241,0.0004476,1.097,46.56,-180.3,0.1985
12.73,0.0003155,0.969,46.41,-182.2,0.2743
11.45,0.0005632,0.8756,50.73,-193.4,0.2257
8.969,0.0004766,0.985,37.73,-170,0.2377
22.67,0.0004391,0.6439,73.26,-169.4,0.3094
13.69,0.0004356,0.7212,46.06,-168.9,0.2972
13.95,0.000351,0.8152,42.5,-175.7,0.3282
22.14,0.0004467,0.7504,89.7,-177.9,0.2468
10.95,0.0005445,1.012,57.36,-170.4,0.1909
7.857,0.0004432,0.8994,26.59,-161.7,0.2955
27.88,0.0005426,0.641,78.59,-171.5,0.3548
10.47,0.0003501,1.015,48.37,-173,0.2165
16.84,0.0004841,0.7718,56.59,-177.8,0.2976
12.94,0.0004574,0.8702,49.23,-174.9,0.2628
14.08,0.0004518,1.028,76.18,-176.7,0.1848
42.87,0.000439,0.5951,115.6,-171.8,0.3708
9.721,0.0003436,1.018,47.65,-174.7,0.204
11.96,0.0003927,0.9228,55.34,-165.5,0.2161
7.577,0.0004078,1.216,38.85,-167.8,0.195
9.104,0.0003807,1.052,46.69,-157.1,0.195
10.4,0.0004553,0.9838,46.96,-176.1,0.2215
9.286,0.000396,0.9609,34.07,-149.8,0.2726
8.318,0.0004357,1.252,51.43,-172.7,0.1617
9.953,0.0003773,1.141,44.39,-171,0.2242
12.63,0.0003953,1.112,73.73,-173.8,0.1713
12.46,0.0005167,0.7414,47.58,-172.6,0.2619
17.15,0.0004791,0.7711,55.28,-179.1,0.3102
10.54,0.0003869,1.158,59.51,-178.5,0.1771
11.14,0.0005155,0.8784,33.82,-172.7,0.3294
9.244,0.0004232,1.246,64.42,-193.9,0.1435
13.09,0.0004001,0.8408,47.51,-166.8,0.2755
13.66,0.000484,0.8222,50.99,-185.3,0.2679
9.108,0.0004026,0.9379,34.4,-174,0.2648
8.888,0.0003734,1.033,35.75,-172.3,0.2486
12.3,0.0005539,0.9051,47.56,-194.9,0.2586
13.27,0.0003571,0.9632,55.12,-170.5,0.2407
9.983,0.0004359,0.9657,42.09,-179.1,0.2372
7.279,0.0003944,0.981,28.03,-160.7,0.2597
8.646,0.0003819,0.9745,34.02,-171.7,0.2541
16.59,0.0004453,0.7081,44.75,-164.5,0.3707
11.63,0.0003877,0.8926,46.66,-169.5,0.2492
8.382,0.0004213,1.192,49.91,-165.3,0.1679
13.36,0.000387,1.103,91.69,-163.3,0.1457
9.409,0.0004435,0.9894,32.61,-156.3,0.2885
10.66,0.0004072,1.337,104.6,-179.6,0.1019
8.876,0.0004478,1.169,51.28,-186.8,0.1731
13.34,0.0004373,0.7454,39.13,-167.6,0.3409
13.24,0.0005343,0.8423,47.67,-175.8,0.2777
8.521,0.0005288,0.9673,35.15,-159.5,0.2424
11.63,0.0004406,1.089,51.91,-180.7,0.224
14.3,0.0003713,0.8863,51.99,-177,0.2751
7.102,0.0004279,1.145,35.45,-175.7,0.2003
12.01,0.0005872,0.9385,45.73,-167.1,0.2626
8.627,0.000309,1.254,51.14,-153.7,0.1687
8.683,0.000385,1.067,38.1,-183.1,0.2279
10.78,0.0003963,0.9575,46.62,-163.8,0.2312
10.88,0.0003524,1.127,59.44,-173.6,0.183
13.02,0.0005485,0.9244,57.28,-181.6,0.2273
23.53,0.0003779,0.7597,89.99,-170.9,0.2615
14.52,0.0004416,0.7902,46.03,-172.4,0.3154
12.77,0.0003874,1.088,84.74,-169.5,0.1507
22.75,0.0003546,0.7376,73.16,-159,0.311
12.72,0.0004075,1.15,82.01,-172.3,0.1551
12.77,0.0004806,1.117,67.85,-174.2,0.1882
11.79,0.0004403,0.8207,39.72,-167.1,0.2968
10.89,0.0004143,0.8749,39.06,-174.5,0.2788
7.095,0.0004147,0.9669,22.76,-170.8,0.3117
10.67,0.0003638,0.9609,48.13,-174.8,0.2217
11.22,0.0003681,0.8257,39.8,-178.4,0.2819
9.029,0.000447,1.101,38.99,-174.7,0.2316
9.906,0.0004163,0.9526,36.95,-178.2,0.2681
8.927,0.0004012,1.256,66.68,-186.4,0.1339
16.62,0.0004451,0.9434,71.9,-187.7,0.2312
11.93,0.0004062,1.455,163,-172.8,0.07319
21.49,0.0003929,0.6709,61.36,-171.7,0.3502
11.53,0.0004083,0.8837,48.04,-174.6,0.24
8.715,0.0004342,0.8644,28.57,-163.7,0.305
14.35,0.0005904,0.8571,45.92,-165,0.3125
13.08,0.0005064,0.6792,36.03,-174.9,0.363
7.958,0.0003934,1.208,44.06,-177.8,0.1806
30.88,0.00056,0.6455,91.22,-171.4,0.3385
11.99,0.0003595,1.105,65.17,-170.4,0.184
12.03,0.000336,1.021,46.79,-182,0.2571
15.51,0.0003794,0.7928,53.51,-176.6,0.2899
10.76,0.0004663,0.9825,46.9,-181.8,0.2294
10.28,0.000409,0.8977,38.14,-163,0.2695
8.619,0.0004261,1.166,44.85,-170.8,0.1922
15.18,0.0004056,0.9157,57.93,-163.7,0.262
10.38,0.000432,0.8775,35.56,-176.1,0.2919
9.801,0.0004131,1.032,44.52,-159.5,0.2201
7.605,0.0003752,1.188,38.92,-172.8,0.1954
11.45,0.0006107,0.8411,37.6,-166.7,0.3045
9.17,0.0003336,1.429,103.7,-152.8,0.08843
10.02,0.000385,0.8491,34.2,-172.6,0.293
11.29,0.0003887,0.9474,36.78,-158,0.307
14.09,0.0003274,1.003,71.06,-169.6,0.1983
16.91,0.0004101,0.7442,57.12,-185.4,0.296
7.918,0.0004368,1.155,40.95,-165.9,0.1934
13.12,0.0003393,1.166,78.9,-180.3,0.1663
10.95,0.0003387,1.049,49.8,-181,0.2199
14.07,0.0004548,1.053,90.23,-178.2,0.1559
8.821,0.0003796,0.9166,30.84,-185.1,0.286
16.06,0.0004107,0.7673,50.51,-170.4,0.318
8.684,0.0003383,1.149,55.58,-166.2,0.1562
9.235,0.0004435,1.117,48.04,-161,0.1922
10.18,0.0003685,1.292,68,-161.7,0.1497
9.315,0.0003192,1.171,48.5,-162.8,0.1921
12.71,0.000325,1.019,74.04,-169.4,0.1717
8.397,0.0003808,1.085,49.44,-158.7,0.1698
14.86,0.0003421,1.061,72.64,-166.9,0.2046
6.964,0.0004407,1.023,25.59,-171.8,0.2721
11.28,0.0004388,1.354,111.7,-176.6,0.101
9.954,0.0005792,1.162,61.28,-189.7,0.1624
7.477,0.0004204,1.506,72.52,-164.1,0.1031
10.87,0.0004296,1.25,69.53,-188.7,0.1563
11.71,0.0004096,1.299,99.4,-185.3,0.1178
10.95,0.0003692,0.9034,37.67,-157.9,0.2907
12.64,0.0003697,0.9616,57.06,-174.6,0.2215
8.747,0.0004836,1.277,58.25,-165.9,0.1502
12.65,0.0004392,1.071,72.14,-172.2,0.1754
9.292,0.0004112,1.02,44.52,-179,0.2087
11.51,0.0003784,0.9702,36.68,-156.2,0.3138
13.83,0.0004014,0.8978,41.52,-176.3,0.3331
14.47,0.0004249,0.9762,59.11,-176.2,0.2448
270000,0.0004846,0.5145,653700,-191.4,0.413
13.52,0.0003676,1.204,87.45,-170.9,0.1546
8.273,0.0004882,0.878,30.39,-166.5,0.2722
11.2,0.0003764,1.003,60.93,-162,0.1838
12.24,0.0003884,1.05,54.72,-163.3,0.2237
10.39,0.0003442,0.9048,41.94,-159.1,0.2477
6.001,0.0004491,1.317,39.49,-173.6,0.152
18.84,0.0005107,0.6514,48.28,-173.7,0.3902
8.58,0.0004183,1.095,50.16,-170.5,0.1711
11.02,0.0003496,1.133,75.21,-174.3,0.1465
7.789,0.0003791,1.107,32.72,-184,0.2381
15.61,0.0004797,0.9791,77.89,-157.9,0.2004
11.88,0.0003989,0.8384,38.86,-170.4,0.3057
9.515,0.0005446,1.091,43.35,-185.1,0.2195
14.74,0.0004368,0.9518,56.98,-169.6,0.2587
11.27,0.0003284,1.168,68.15,-157.3,0.1654
12,0.0003846,0.9552,43.71,-160.1,0.2745
15.36,0.000391,0.9109,62.36,-180.6,0.2463
9.069,0.0004565,1.084,36.52,-169.8,0.2483
9.866,0.0004541,0.994,34.25,-185.9,0.2881
13.96,0.0004072,0.8618,46.46,-164.3,0.3005
11.05,0.0003612,1.354,118.2,-168,0.09349
10.48,0.0003459,1.215,61.99,-167.9,0.1691
9.865,0.0003779,1.097,51.82,-161.3,0.1904
15.4,0.0003892,0.953,67.45,-198.6,0.2283
8.284,0.0003871,1.114,53.69,-158.3,0.1543
12.19,0.0004029,0.8375,41.12,-170.9,0.2964
10.11,0.0003115,1.122,59.24,-158,0.1707
10.05,0.0004385,0.997,43.28,-163,0.2322
9.743,0.0003723,0.9677,44.71,-163.7,0.2179
88.74,0.0004809,0.5905,239.3,-173.4,0.3708
8.725,0.0004547,0.9141,32.98,-169.6,0.2646
12.92,0.0003018,0.9479,53,-165.3,0.2438
13.18,0.000416,1.097,79.3,-179.2,0.1662
10.73,0.0003516,0.9577,37.58,-155.8,0.2855
9.883,0.0003913,0.9022,36.32,-167.5,0.2721
10.09,0.0004008,1.2,56.63,-176.9,0.1782
10.34,0.0003348,1.043,47.89,-166.4,0.2159
12.49,0.0004652,1.039,84.91,-185.2,0.1471
11.21,0.0003718,0.8034,31.62,-151.7,0.3545
8.808,0.0003787,1.161,46.46,-170.8,0.1896
9.698,0.0003432,1.146,46.87,-171.9,0.2069
10.98,0.0004115,1.142,68.43,-173.8,0.1605
10.34,0.000384,1.112,54.66,-159.1,0.1892
8.243,0.0004938,1.081,40.25,-181.7,0.2048
8.722,0.0004322,0.9801,38.57,-171.3,0.2261
10.9,0.0003624,0.877,39.33,-161.3,0.2771
18.06,0.0003528,0.8075,61.55,-185.3,0.2934
11.57,0.0005094,0.9149,44.91,-169.5,0.2576
6.996,0.0005105,1.345,46.51,-177,0.1504
7.013,0.0004492,1.156,34.91,-173.3,0.2009
12.79,0.0004744,0.9165,57.48,-175,0.2225
10.31,0.0004652,1.016,50.74,-181,0.2032
7.567,0.0004549,1.11,29.77,-172.6,0.2542
16.81,0.0003673,0.7384,54.8,-191.5,0.3068
13.11,0.0004126,1.037,59.82,-174.3,0.2192
13.67,0.0003506,0.7726,40.16,-160.5,0.3404
7.809,0.00037,1.157,42.54,-157,0.1836
14.14,0.0004819,1.014,62.41,-177.8,0.2266
139,0.0005171,0.5889,372.3,-185.3,0.3734
12.68,0.0003772,0.8273,44.01,-171.8,0.2881
28.27,0.0004194,0.678,92.31,-191.7,0.3063
11.92,0.0004336,0.8689,42.29,-176.9,0.2819
12.15,0.0004062,0.8472,45.57,-181.8,0.2666
12.52,0.0003682,1.068,71.37,-166.7,0.1754
9.832,0.0004376,0.8654,30.24,-179,0.3251
11.28,0.0004035,0.9672,48.84,-180.1,0.231
9.699,0.0004216,0.9328,37.7,-176.1,0.2573
9.016,0.0004475,1.109,52.84,-179.5,0.1706
12.24,0.0003977,0.7907,37.12,-159.2,0.3297
13.16,0.0004608,1.156,76.64,-186.7,0.1717
44.87,0.0004398,0.6386,112.9,-173.4,0.3974
13.51,0.0004567,0.803,44.34,-164.4,0.3047
10.06,0.0004916,0.7047,29.61,-177,0.3398
10.81,0.0005516,1.046,46.76,-170.7,0.2312
9.416,0.000469,0.9592,40.85,-169.1,0.2305
7.132,0.0004795,1.212,43.98,-175.2,0.1622
11.63,0.0004037,1.083,66.18,-178.2,0.1757
12.05,0.00046,0.8866,45.94,-158.6,0.2623
11,0.0004025,1.004,43.49,-158.5,0.2529
12.39,0.0004103,0.8484,44.08,-169.2,0.2811
36.32,0.0005338,0.6953,116.6,-176.4,0.3115
15.41,0.0003419,0.7763,57.94,-176.3,0.266
11.4,0.0004225,0.7274,34.28,-159.7,0.3326
8.052,0.000415,0.9764,31.33,-170.2,0.257
11.33,0.0005524,0.9408,39.43,-188,0.2873
10.26,0.0004715,0.9688,43.45,-187.8,0.2361
13.7,0.0004142,0.9812,59.24,-174.4,0.2313
66380,0.0005154,0.5485,193900,-186.1,0.3423
11.22,0.0003788,1.206,72.74,-185,0.1542
7.303,0.0004422,1.033,26.21,-162.7,0.2786
12.65,0.0004817,1.092,56.49,-181.9,0.2239
10.25,0.0003938,1.209,53.56,-175.3,0.1914
13.45,0.0003554,0.9473,64.34,-162,0.209
12.32,0.0003638,1.051,64.89,-168.9,0.1899
11.02,0.0004595,0.9841,41.47,-175.1,0.2657
7.366,0.000379,1.005,31.05,-182.8,0.2372
11.2,0.0004553,0.9339,47.2,-166.5,0.2373
12.26,0.0004023,0.7269,34.65,-174.9,0.3538
9.506,0.0004453,1.019,41.11,-164.1,0.2312
10.32,0.0004614,0.7493,33.59,-161.9,0.3072
11.15,0.000576,0.7779,37.76,-177.4,0.2953
8.01,0.0004394,1.607,106,-193,0.07557
14.47,0.0003339,0.7243,37.67,-155,0.3841
9.971,0.0003542,1.202,64.42,-165.9,0.1548
7.525,0.0004806,1.166,45.57,-174.5,0.1651
14.17,0.0003896,0.7589,53.21,-177.9,0.2663
8.744,0.0005072,0.9409,33.98,-174.7,0.2573
10.82,0.000329,1.065,51.23,-173.2,0.2112
20.77,0.0003602,0.7367,68.59,-168.3,0.3028
8.094,0.0003513,1.11,38.45,-162.6,0.2105
9.27,0.0004214,0.9539,40.15,-172,0.2309
16.59,0.0004744,0.8232,57.43,-173.6,0.2889
16.11,0.0004866,0.6917,52.84,-173.2,0.3049
13.95,0.0004785,1.135,89.56,-182.4,0.1558
7.757,0.0004239,1.085,31.54,-164.8,0.2459
11.7,0.0003782,1.098,57.33,-158.8,0.2041
14.44,0.0004017,0.8197,66.38,-164.1,0.2175
13.39,0.0005233,0.8944,53.78,-190.2,0.249
13.78,0.0003958,1.054,61.53,-170.6,0.224
11.6,0.0003712,1.136,62.77,-171.8,0.1848
9.759,0.000344,1.175,61.72,-172.6,0.1581
7.371,0.0004142,1.057,29.36,-171.9,0.2511
10.63,0.0003786,1.134,59.4,-161.6,0.179
9.005,0.0003586,1.034,49.21,-162,0.183
8.633,0.0004688,1.183,57.69,-170,0.1496
25.56,0.0004437,0.648,67.5,-172.4,0.3787
12.18,0.0005003,0.8085,47.11,-181,0.2585
9.493,0.0004551,1.115,47.89,-169.9,0.1982
11.95,0.0003155,1.132,66.3,-178.7,0.1802
8.916,0.0003979,0.9169,39.01,-183.1,0.2286
11.44,0.0005416,0.8116,35.76,-173.7,0.3199
7.901,0.0004115,1.269,52.13,-170.5,0.1516
13.38,0.0003706,0.9449,60.85,-167.3,0.2199
13.93,0.0003722,0.9243,62.37,-171.8,0.2233
10.62,0.000425,1.013,46.5,-169.1,0.2284
9.304,0.0004476,0.8388,29.58,-172.2,0.3145
10.33,0.0004488,0.9524,36.96,-176,0.2795
8.119,0.0003472,1.069,37.01,-169.6,0.2194
19.2,0.000504,0.6391,54.74,-188.8,0.3507
14.33,0.0004243,0.6868,37.57,-170.9,0.3814
9.54,0.0004205,0.8869,30.87,-166.9,0.309
8.127,0.0004168,1.055,43.73,-163.1,0.1858
13.14,0.000494,0.7274,41.1,-176.7,0.3197
8.492,0.0003867,1.125,41.2,-168.5,0.2061
11.86,0.0004591,0.8958,47.34,-170.5,0.2505
9.644,0.0004097,1.014,37.19,-179.2,0.2593
14.54,0.0004173,0.794,44.19,-176.5,0.329
8.119,0.0004753,1.102,39.41,-175.3,0.206
12.49,0.0004307,1.201,80.69,-166.3,0.1548
8.301,0.0004429,0.9265,29.4,-181.5,0.2823
20.52,0.0004593,0.714,55.43,-170.7,0.3702
11.85,0.0004708,0.8715,51.28,-180.3,0.2311
8.985,0.0004379,1.076,46.85,-176,0.1918
8.305,0.0004038,1.089,38.58,-160.8,0.2153
14.84,0.000371,0.9415,54.03,-161.5,0.2747
13.55,0.0004382,0.7059,41.68,-186.2,0.3251
8.59,0.000347,0.9586,30.19,-178,0.2845
898000,0.0003905,0.5776,2592000,-173.6,0.3465
9.821,0.0004569,1.05,40.09,-177.4,0.245
9.313,0.0003813,1.192,52.97,-171.5,0.1758
11.85,0.0004749,0.9158,40.47,-190.6,0.2928
9.857,0.0004633,1.113,61.34,-175.5,0.1607
9.881,0.0003849,1.121,62.96,-169.6,0.1569
10.25,0.00035,1.204,48.87,-165.3,0.2097
9.17,0.0003156,1.465,94.22,-180.4,0.09733
14.53,0.0003766,0.6585,39.33,-160.3,0.3694
6.953,0.0004247,0.9808,27.96,-179.9,0.2487
78.67,0.0005707,0.5963,230.4,-180.8,0.3414
10.53,0.0004993,0.8997,41.77,-190.2,0.2521
11.12,0.0004002,0.9339,49.88,-164.7,0.2229
9.029,0.0004132,0.9873,36.82,-164.3,0.2452
11.15,0.0003998,1.192,72.97,-174.7,0.1528
12.43,0.0004179,0.7265,37.18,-170.4,0.3343
8.173,0.0004573,0.8966,28.71,-174,0.2847
10,0.0003704,1.348,88.63,-175.8,0.1128
12.32,0.0003933,0.8676,46.39,-180.1,0.2656
11.99,0.0005035,0.9596,49.45,-175.4,0.2425
10.79,0.0003599,0.9455,41.88,-167.3,0.2576
8.265,0.0004612,0.8457,27.08,-178.1,0.3052
8.362,0.0004073,1.167,44.76,-183.4,0.1868
10.65,0.0005097,0.8024,35.24,-169.8,0.3022
12.36,0.000401,1.044,53.64,-172.1,0.2304
10.49,0.0005276,0.8207,28.37,-179,0.3698
11.17,0.0003579,1.168,72.64,-175.3,0.1538
10.03,0.0004899,0.9994,37.44,-173.9,0.2679
6.697,0.0003744,1.191,32.69,-171,0.2049
10.03,0.0004626,1.062,51.48,-168.8,0.1948
11.77,0.0003354,1.01,59.69,-163.8,0.1972
8.065,0.0003675,1.149,43.41,-153.4,0.1858
15.53,0.0003996,0.7423,55.43,-195.5,0.2802
17.26,0.0003542,0.8501,65.63,-167.4,0.263
12.73,0.0003833,0.9463,48.36,-169.6,0.2632
8.815,0.0004012,1.034,47.78,-180,0.1845
10.08,0.0003925,0.8137,35.82,-175.4,0.2814
25.91,0.0003877,0.6806,98.67,-165.3,0.2626
14.02,0.0004293,0.9317,65.01,-169.7,0.2157
10.17,0.0003286,0.9321,36.19,-155.2,0.281
11.98,0.0005454,0.9177,45.24,-195.6,0.2648
10.58,0.0004504,1.087,56.78,-177,0.1863
9.254,0.0004395,0.7877,27.67,-163.6,0.3344
11.48,0.0003257,0.9815,44.69,-173.6,0.2569
10.22,0.0004618,0.869,41.02,-174.2,0.2491
9.758,0.000406,0.7493,25.66,-165.4,0.3803
9.413,0.0005233,1.162,54.93,-165.3,0.1714
13.04,0.0004041,0.8337,47.78,-172.4,0.2729
9.072,0.0003641,0.7609,22.64,-173.6,0.4007
9.559,0.0004709,0.9771,37.54,-173,0.2546
11.56,0.0004433,0.9672,51.18,-178,0.2259
11.61,0.0004231,1.025,44.78,-174.8,0.2593
24.69,0.0004001,0.6667,70.39,-168.1,0.3508
45.39,0.0005579,0.5774,110.7,-181,0.41
9.199,0.0005611,0.7991,25.32,-182.8,0.3633
8.587,0.0004789,1.252,52.52,-186.1,0.1635
9.355,0.0003953,1.016,44.21,-178.4,0.2116
11.95,0.0004513,0.7965,34.97,-173.9,0.3417
11.36,0.0004137,1.189,63.96,-183.5,0.1776
10.12,0.0003438,0.9654,43.33,-167.2,0.2336
10.99,0.0004782,0.8562,51.29,-173.1,0.2143
5.836,0.0004116,1.287,33.32,-162,0.1752
13.69,0.0003606,0.9729,58.23,-165.9,0.2351
13.4,0.0004193,0.6983,33.77,-172.9,0.3968
20.8,0.0004597,0.6683,69,-170.3,0.3014
6.679,0.0004442,1.044,24.69,-178.5,0.2705
9.427,0.0004427,0.9215,27.34,-163.9,0.3448
11.61,0.0003911,1.191,60.18,-180.6,0.1929
7.447,0.0004718,1.032,31.01,-181.4,0.2401
18.48,0.0003955,0.6035,49.65,-170.6,0.3722
11.44,0.0004798,1.005,55.25,-190.2,0.2071
9.104,0.0004052,0.8785,32.92,-168.9,0.2765
20.03,0.0004099,0.5966,53.92,-177.7,0.3715
10.38,0.0003512,1.201,69.24,-177.8,0.1499
11.24,0.000423,1.026,57.29,-166.5,0.1962
8.091,0.0003788,1.059,32.22,-168.3,0.2511
9.759,0.0004804,1.137,56.53,-179,0.1726
9.392,0.0003505,0.8954,34.9,-171.6,0.2691
17.55,0.0005686,0.8342,68.35,-169.4,0.2568
10.11,0.0004318,0.7668,31.31,-171.9,0.3229
8.111,0.0004215,1.297,58.48,-184.4,0.1387
12.55,0.0004015,1.118,70.41,-186.1,0.1782
12.78,0.0004539,0.8738,55.02,-168.1,0.2323
9.615,0.0003438,1.136,52.54,-165.9,0.183
19.49,0.0004144,0.8201,70.6,-179.8,0.2761
8.938,0.0003716,1.009,38.13,-167,0.2344
6.68,0.000468,1.227,31.41,-180.5,0.2127
6.545,0.0004602,1.032,26.44,-173.8,0.2475
179700,0.0004391,0.5273,408400,-195.8,0.44
15.94,0.0003573,0.8359,61.07,-186.5,0.261
10.76,0.0004187,1.037,56.52,-169.6,0.1904
9.363,0.0004425,1.048,40.26,-164.2,0.2326
10.67,0.0003351,0.7993,28.44,-167.4,0.3752
9.007,0.0004529,0.8011,32.25,-166.2,0.2793
14.63,0.0003648,0.8681,53.9,-164.4,0.2714
12.09,0.0003938,0.9618,50.05,-164.9,0.2416
9.124,0.0003697,0.8772,28.4,-170.8,0.3213
40.03,0.0004854,0.6275,113.3,-176.1,0.3533
8.224,0.0004379,0.9694,29.06,-151.8,0.283
11.41,0.0004406,1.001,44.79,-172.8,0.2547
25.05,0.0005508,0.6629,81.31,-173.5,0.3081
12.07,0.0003672,1.066,59.15,-160.9,0.2041
2212,0.0003816,0.5283,4747,-178,0.466
13.54,0.0004431,0.9049,46.74,-178.8,0.2897
9.249,0.0003927,1.059,43.33,-169.4,0.2135
12.78,0.0003808,0.9974,57.91,-164.8,0.2207
31.19,0.0004062,0.6278,91.52,-185.2,0.3408
6.812,0.0005048,1.172,32.68,-191.7,0.2084
14.2,0.0003612,1.129,102.6,-179.2,0.1384
9.831,0.0004315,0.9616,43.3,-177.1,0.227
11.54,0.0003986,1.207,65.06,-168.6,0.1774
10.99,0.0004518,1.216,67.56,-174.4,0.1627
7.524,0.0004491,1.03,29.19,-167.7,0.2578
6562000,0.0004651,0.5146,14740000,-197.6,0.4452
16.79,0.0004069,0.7564,51.36,-169.3,0.3269
5.797,0.0004097,1.067,20.81,-174.3,0.2786
8.951,0.0004409,1.105,43.52,-167.4,0.2057
13.6,0.0004637,0.9378,46.16,-170.4,0.2946
9.424,0.0003982,0.9722,35.75,-184.3,0.2636
13.98,0.0004635,0.7943,46.66,-173.9,0.2996
14.42,0.000446,0.7706,43.59,-178,0.3308
9.869,0.0003944,0.8885,34.24,-175,0.2882
9.74,0.000438,1.09,45.49,-175.7,0.2141
11.59,0.0004314,0.867,41.72,-182.9,0.2778
14.82,0.0003163,0.8349,51.28,-161.2,0.289
23.55,0.0005136,0.7054,62.31,-170.6,0.3779
7.497,0.0004787,0.7954,22.11,-171.6,0.3391
1593000,0.0005765,0.5914,5344000,-186.2,0.2981
12.99,0.0005302,0.8658,50.77,-169.3,0.2559
10.98,0.0004023,1.356,97.86,-180.4,0.1122
6.971,0.0004212,0.9776,23.33,-178.8,0.2988
9.254,0.0003411,0.9582,41.23,-160.2,0.2244
7.829,0.0003515,1.233,45.75,-164.9,0.1711
12.05,0.000333,0.9912,50.84,-163.9,0.237
9.482,0.0003366,1.42,110.5,-159,0.08581
9.565,0.0004751,0.906,34.38,-167.4,0.2782
11.09,0.0005706,0.8043,34.82,-191.7,0.3185
14.35,0.0004122,0.8444,52.97,-183.3,0.2709
8.541,0.000555,0.8278,26.42,-170.9,0.3233
6.698,0.0003865,0.9384,17,-162.8,0.394
9.894,0.0004372,0.976,43.85,-168.6,0.2256
11.44,0.0004122,0.9098,44.71,-172.3,0.2559
9.998,0.0003523,0.9686,35.25,-183.5,0.2836
12.92,0.0003965,1.014,63.17,-172.1,0.2045
6.442,0.0005092,1.16,30.29,-171.2,0.2127
8.237,0.0004217,0.9917,39.04,-167.6,0.211
10.18,0.0004097,0.875,36.65,-169.4,0.2778
14,0.0005217,1.041,78.57,-178.4,0.1782
25.86,0.0004979,0.6919,81.32,-168.8,0.318
9.647,0.0004172,0.6895,24.18,-157,0.399
9.11,0.0003501,1.164,48.54,-169.5,0.1877
10.3,0.0004367,0.8395,34.14,-168.7,0.3017
9.878,0.0003451,1.299,83.95,-162.1,0.1177
7.802,0.0004951,1.048,40.91,-193.3,0.1907
9.015,0.0004141,1.074,47.19,-163.9,0.191
9.609,0.0003695,0.9684,37.71,-170.1,0.2548
10.07,0.0004139,1.717,196.6,-182.6,0.05122
8.02,0.000521,0.869,25.45,-189.2,0.3151
11.47,0.0005604,0.9847,47.85,-186.1,0.2397
11.75,0.0004282,0.8026,30.82,-192.7,0.3812
9.204,0.0003519,1.287,52.19,-162.7,0.1764
9.264,0.0005051,0.9552,38.42,-175,0.2411
10.71,0.0004165,0.9544,46.2,-170.5,0.2318
8.914,0.0003614,0.9255,37.66,-179.7,0.2367
9.286,0.0004203,0.7842,24.85,-170.1,0.3737
11.06,0.0004362,0.8837,36.61,-186,0.3021
12.66,0.0004632,1.064,61.88,-179.4,0.2046
11.04,0.0003777,0.9776,41.26,-178.1,0.2676
9.695,0.0004129,0.9833,39.5,-164.7,0.2454
6.09,0.0005048,1.247,34.76,-175,0.1752
13.3,0.0003244,0.9874,53.38,-167.1,0.2492
9.462,0.0004059,1.018,44.29,-167.5,0.2136
10.76,0.0004627,1.029,56.77,-180.4,0.1895
15.44,0.0004246,0.9242,54.91,-175.5,0.2812
8.644,0.0003175,0.9553,32.62,-169.6,0.265
13.58,0.0005281,0.8608,52.45,-166.7,0.2589
10.75,0.0004418,0.8444,30.49,-168.7,0.3526
11.06,0.0003261,0.8068,32.91,-149.4,0.3361
9.134,0.0004624,0.9646,45.1,-179.6,0.2025
9.83,0.0003728,0.9581,47.53,-175.1,0.2068
9.46,0.0004662,0.8001,32.22,-170.5,0.2936
8.951,0.0003752,0.9128,37.81,-166.7,0.2367
15.45,0.0003387,0.7355,44.32,-168,0.3486
11.07,0.0004436,0.9252,50.93,-174.8,0.2174
11.51,0.000413,1.261,83.86,-176.6,0.1373
9.459,0.0003864,1.03,50.76,-158.1,0.1863
11.45,0.0003892,1.155,73.1,-184.1,0.1566
14.04,0.000409,0.8799,59.75,-163.2,0.235
8.934,0.0003802,1.055,46.68,-156.5,0.1914
13.78,0.0004042,0.8008,41.22,-171,0.3343
9.424,0.0004284,1.059,41.97,-170.3,0.2245
13.22,0.0004363,1.022,67.41,-179.3,0.1961
10.7,0.0004115,0.7861,37.6,-180.4,0.2846
10.02,0.0005211,0.8413,35.17,-175.2,0.2849
8.815,0.0004143,1.247,63.21,-171,0.1395
8.95,0.0004215,1.237,68.99,-167.7,0.1297
11.78,0.0004319,0.839,41.53,-174,0.2837
19.18,0.0004385,0.6978,63.75,-178.1,0.3009
13.03,0.0004513,0.8569,47.02,-176.4,0.2771
8.778,0.0003748,1.305,50.97,-175,0.1722
9.651,0.0003539,1.412,90.95,-186.3,0.1061
14.54,0.0004116,0.8391,48.65,-172.9,0.2989
7.929,0.0005497,1.129,40.02,-165.5,0.1981
8.307,0.0003584,1.017,35.65,-175.5,0.233
11.05,0.0003881,0.9348,38.59,-172,0.2863
11.26,0.0004334,1.194,71.33,-173.7,0.1579
11.75,0.0003368,1.143,71.68,-167.3,0.1639
8.615,0.0004299,0.9443,37.61,-170,0.2291
8.877,0.0004775,1.219,46.17,-167.6,0.1923
7.632,0.0005084,0.9813,31.32,-172.5,0.2437
14.58,0.0004841,1.092,69.81,-175,0.2089
7.8,0.0003983,1.432,68.7,-173.4,0.1135
9.984,0.0004726,0.9717,37.13,-183.5,0.2689
19.86,0.0004838,0.6925,62.95,-172.9,0.3155
14.35,0.0004988,0.748,47.49,-172.4,0.3022
9.867,0.0003696,0.9693,44.1,-169.1,0.2237
8.22,0.0004394,0.698,19.35,-159,0.4248
6.585,0.0004832,1.543,71.57,-165.3,0.09201
11.91,0.0003655,1.179,83.96,-160.7,0.1419
15.77,0.0003314,0.7997,48.86,-173.6,0.3228
9.127,0.0004191,0.9404,33.12,-175.1,0.2756
10.34,0.0003831,0.8812,33.92,-177.8,0.3048
13.1,0.0003208,0.9749,54.44,-168.8,0.2406
12.68,0.0004911,0.9143,47.56,-172.5,0.2666
17.95,0.0004473,0.7898,72.71,-164.8,0.2469
12.71,0.0004362,1.073,68.37,-165.7,0.1859
12.99,0.0003203,0.7641,40.48,-157.2,0.3209
10.71,0.0003353,0.9822,45.61,-167.7,0.2348
9.776,0.0004577,0.9485,32.76,-164.5,0.2984
8.929,0.0003435,1.104,47.23,-168,0.1891
3620000,0.0004818,0.5467,10040000,-176.7,0.3606
10.51,0.0004359,0.866,31.27,-162.9,0.3361
9.046,0.0003994,1.112,47.05,-175.3,0.1923
11.44,0.0004479,0.7638,35.22,-186.4,0.3248
9.056,0.0003965,1.015,44.19,-179.9,0.2049
11.13,0.0003618,1.122,53.19,-168.8,0.2092
11.96,0.0004298,1.074,66.72,-184.7,0.1793
9.223,0.0005568,0.8715,28.31,-169.4,0.3258
7.951,0.00046,1.078,38.49,-175.3,0.2066
13.79,0.000364,0.9258,58.19,-174.2,0.237
9.872,0.0004296,0.9662,44.8,-191.6,0.2204
10.52,0.0003565,1.184,67.46,-176.1,0.1559
295.1,0.0004445,0.5677,775.5,-180,0.3805
12.28,0.0005425,0.8171,47.13,-191.1,0.2606
10.4,0.0003928,0.8365,40.05,-165.9,0.2597
21.78,0.0004184,0.7696,88.84,-189.6,0.2452
9.421,0.0004132,0.9762,42.53,-166.4,0.2215
11.15,0.0004252,1.026,41.89,-180.5,0.2662
11.6,0.0004864,0.6927,27.64,-165.8,0.4197
12.94,0.0003751,1.15,75.03,-181.8,0.1725
11.51,0.0004378,0.8357,36.82,-179.2,0.3126
14.74,0.0004236,0.8482,63.11,-170.1,0.2336
18.89,0.000465,0.7796,67.28,-168,0.2808
13.69,0.0004172,1.004,56.13,-165.2,0.2439
11.24,0.000378,1.193,69.99,-186.1,0.1606
11.79,0.0003708,1.034,57.71,-183.1,0.2043
10.24,0.0003922,1.028,48.04,-157,0.2132
12.11,0.0004201,0.76,27.48,-169.2,0.4407
11.09,0.0004184,0.8819,44.08,-181,0.2516
16.75,0.0004098,0.857,64.71,-161.5,0.2588
13.39,0.0003432,1.017,61.2,-174.8,0.2188
11.26,0.0003453,1.151,68.43,-139,0.1645
9.752,0.0004577,0.9023,38.93,-173.3,0.2505
8.757,0.0004086,1.044,30.92,-160.9,0.2832
8.661,0.0004392,0.9222,31.21,-176.1,0.2775
12.03,0.0004546,0.8572,48.98,-170.1,0.2456
10.3,0.0004764,0.9248,34.68,-170.8,0.297
7.548,0.000496,0.9734,34.49,-169.2,0.2188
13.97,0.0003947,0.963,56.27,-157.9,0.2483
12.29,0.000338,0.9721,59.86,-166.5,0.2053
10.76,0.0004143,1.1,44.81,-172.7,0.2401
10.71,0.0003243,1.16,69.63,-162.8,0.1538
10.77,0.0003757,1.738,197.3,-183,0.05459
13.01,0.0004024,0.8701,53.77,-158.8,0.242
8.827,0.0004219,1.095,38.2,-169.1,0.2311
12.55,0.000406,0.9821,46.57,-175.6,0.2695
10.3,0.0004294,0.9549,41.17,-185.1,0.2502
12.22,0.000404,0.7891,37.41,-179.5,0.3267
13.11,0.000428,0.8064,44.19,-172.2,0.2967
58.83,0.0005339,0.5931,167,-178.4,0.3523
11.64,0.0003896,0.9051,44.27,-169,0.2629
12.39,0.0003833,1.014,55.54,-178.7,0.2231
11.78,0.0003713,1.055,61.18,-177.3,0.1925
10.82,0.0003513,1.05,45.03,-175.3,0.2403
10.18,0.0004282,0.9849,53.2,-164.4,0.1914
10.36,0.0003943,0.9312,35.38,-172.9,0.2928
11.44,0.000396,1.186,67.11,-179.2,0.1705
12.54,0.0003534,0.9684,55.42,-149,0.2263
9.563,0.0005064,1.167,66.79,-167.5,0.1432
11.1,0.0005783,0.9584,41.26,-173.7,0.269
11.99,0.0003827,1.472,152.9,-176.7,0.07842
13.05,0.0004421,1.017,57.93,-173.6,0.2253
12.94,0.0005089,0.8066,37.24,-167.4,0.3475
9.827,0.0005048,0.8906,35.42,-168.2,0.2774
10.79,0.0004725,0.9198,41.8,-172.3,0.2581
10.37,0.0003655,1.09,53.26,-177.5,0.1947
12.6,0.0004193,1.09,64.34,-170.7,0.1958
8.357,0.0004486,1.283,52.08,-170,0.1605
10.17,0.0004009,1.59,152.1,-173.5,0.06686
11.48,0.0004321,1.201,66.54,-176.1,0.1725
9.971,0.0004173,1.156,62.57,-190.3,0.1594
10.04,0.0005071,1.119,60.22,-169.7,0.1667
14.67,0.0003451,0.9494,76.34,-162.5,0.1922
11.55,0.0004114,0.7668,42.7,-169.9,0.2705
16.5,0.0004072,0.7499,53.01,-173.6,0.3113
9.305,0.0004274,1.08,42.51,-161.4,0.2189
13.02,0.0004487,1.066,75.59,-181.8,0.1722
12.03,0.0004675,1.146,63.37,-182.1,0.1898
17.3,0.0005528,0.7369,60.4,-180,0.2864
12.29,0.0004998,0.9583,66.04,-172.6,0.1861
9.028,0.0004611,0.7863,28.63,-180.3,0.3153
11.18,0.00048,1.035,60.28,-189.4,0.1855
15.91,0.0004021,0.8547,61.75,-170,0.2577
10.92,0.000347,1.073,47.01,-164.9,0.2323
10.85,0.0003594,0.9782,48.53,-166.7,0.2236
9.022,0.0004846,0.89,31.4,-181.8,0.2873
11.91,0.0003317,0.9488,49.37,-158.9,0.2412
5.74,0.0004405,1.118,23.44,-178.6,0.2449
11.86,0.0004729,1.208,107,-173.5,0.1108
15.56,0.0005428,0.7457,59.15,-172.4,0.2631
10.37,0.0003798,1.164,57.26,-166.5,0.1811
13.22,0.0003821,0.9131,57.53,-162.1,0.2298
21.89,0.0003667,0.7204,77.37,-190,0.2829
10.38,0.0003335,1.103,48.85,-161.7,0.2125
13.89,0.0004775,0.8528,54.3,-175.6,0.2558
12.68,0.0004342,1.021,57.86,-161.2,0.2191
11.8,0.0004163,0.8593,41.38,-165.4,0.2852
8.189,0.0004002,1.091,46.19,-175.8,0.1773
8.686,0.0004049,1.023,35.38,-167.7,0.2455
8.993,0.0003934,1.107,47.57,-174.6,0.189
7.027,0.0004186,0.9721,25.45,-164.8,0.2761
10.75,0.0003859,1.046,51.91,-178.2,0.2071
9.762,0.0004247,1.023,47.66,-164.1,0.2048
19.9,0.0004955,0.8619,78.91,-168.5,0.2522
11.52,0.0004137,1.241,79.83,-173.2,0.1443
12.14,0.0004047,1.351,121.6,-176.1,0.09984
13.42,0.0004616,0.8992,56.9,-165.8,0.2359
10,0.0003731,1.262,76.13,-172.2,0.1314
14.79,0.0004752,0.9201,54.52,-177.8,0.2713
9.254,0.0003927,0.9175,31.14,-166.4,0.2972
9.731,0.0003673,1.202,48.74,-173.5,0.1997
34.6,0.0004753,0.675,106.8,-174.9,0.324
9.563,0.000437,1.151,55.08,-164.4,0.1736
10.01,0.0003573,1.202,65.61,-169.5,0.1526
13.02,0.0004313,1.424,125.9,-172.9,0.1034
13.92,0.0003913,0.7431,43.6,-158.3,0.3193
17.72,0.0004593,0.711,46.99,-178.1,0.3771
10.59,0.0003955,0.8409,36.08,-183.5,0.2935
11.18,0.0004735,0.9596,51.82,-167.5,0.2157
9.354,0.0004737,1.088,51.07,-178,0.1832
20.07,0.0005199,0.6814,59.58,-176.1,0.3369
11.14,0.000481,0.7621,32.48,-169.6,0.343
5.907,0.0005211,1.086,24.56,-174.2,0.2405
8.525,0.0004433,1.285,59.66,-180.4,0.1429
9.101,0.0004238,1.042,41.48,-179.5,0.2194
30.26,0.0004054,0.5928,73.32,-171.4,0.4127
13.41,0.0004734,0.773,45.2,-181.6,0.2967
10.85,0.0003365,1.079,60.58,-175.6,0.1791
8.121,0.0003808,1.114,38.78,-162.4,0.2094
11.05,0.0003737,1.113,58.99,-168.2,0.1873
11.57,0.0003556,1.002,63.68,-159.1,0.1817
15.1,0.0005293,0.7873,49.27,-180.2,0.3065
15.91,0.0003334,0.8203,64.17,-171.6,0.2479
10.6,0.0004116,1.308,88.04,-177.8,0.1204
9.715,0.0004575,1.022,38.25,-173.3,0.254
7.56,0.0004284,0.9251,28.22,-162.8,0.2679
14.77,0.0004772,0.9495,56.48,-171,0.2615
15.46,0.0004867,1.037,74.69,-172.4,0.207
10.65,0.0003607,0.7886,35.55,-160.3,0.2996
11.07,0.0003439,1.24,79.39,-173,0.1394
7.372,0.0005542,1.132,43.91,-178.3,0.1679
8.594,0.0004655,0.9419,32.39,-189.9,0.2653
11.31,0.0004795,1.029,60.13,-170.5,0.1881
7.163,0.0005037,1.019,31.06,-172.8,0.2306
10.44,0.0003746,1.165,61.11,-162.4,0.1708
13.68,0.0003137,0.7393,42.95,-156.9,0.3185
12.53,0.0005607,0.9826,68.36,-175.7,0.1833
7.463,0.0004051,1.119,43.03,-172.9,0.1734
9.024,0.0003981,1.11,56.22,-178.6,0.1605
10.68,0.000422,0.9811,53.59,-178.2,0.1993
23.52,0.0004318,0.6965,84.88,-175.9,0.2771
6.573,0.0004791,1.294,42.16,-166.6,0.1559
9.324,0.0004455,0.8176,30.38,-171.7,0.3069
18.3,0.0005393,0.7731,58.62,-179.8,0.3122
10.37,0.0003347,1.051,50.74,-177.7,0.2044
12.74,0.0004151,0.7755,46.55,-175.1,0.2737
20.73,0.0004733,0.81,88.39,-171.9,0.2345
10.2,0.0004549,1.05,49.2,-177.4,0.2073
13.55,0.0004058,0.9543,66.15,-175.7,0.2048
12.73,0.0003815,0.9674,62.51,-164.9,0.2036
13.6,0.0004511,0.8564,48.15,-166.1,0.2825
9.642,0.0003432,1.159,45.98,-158.4,0.2097
9.557,0.0003481,1.288,68.75,-162.9,0.139
9.021,0.0004593,1.075,36.67,-184.4,0.246
13.9,0.0004056,0.9342,54.74,-181.5,0.2539
14.35,0.0004789,1.142,95.42,-170.3,0.1504
7.077,0.00049,1.133,35.28,-173.4,0.2006
9.072,0.0004522,0.9105,37.61,-169.8,0.2412
9.116,0.0004069,0.9286,29.76,-163.9,0.3063
12.17,0.0003797,1.396,148.3,-179,0.08206
12.07,0.000432,0.683,37,-157.1,0.3262
10.35,0.0004972,1.068,57.77,-174.2,0.1792
9.995,0.0003716,0.8981,28.42,-154.9,0.3517
9.323,0.0003385,1.128,49.11,-159.2,0.1898
7.364,0.0004703,1.143,35.04,-170,0.2102
10.55,0.0003588,1.039,43.66,-178.6,0.2416
9.405,0.0004225,1.286,56.91,-167.1,0.1653
11.09,0.0005375,0.9592,41.65,-192.1,0.2663
18.39,0.0004634,0.7585,63.28,-173.9,0.2906
12.93,0.0003494,1.006,50.81,-171.5,0.2545
13.81,0.0003687,1.045,77.72,-179.8,0.1777
10.44,0.0004308,1.322,88.62,-173.8,0.1178
11.26,0.0005178,1.003,51.69,-178.1,0.2178
10.83,0.0003743,1.374,96.96,-173.2,0.1117
11.47,0.0004526,1.12,57.57,-169.1,0.1992
9.164,0.0003792,1.071,41.3,-177,0.2219
11.43,0.0003903,1.132,61.78,-168.2,0.185
9.657,0.0004695,1.038,44.02,-177.2,0.2194
11.94,0.000426,1.136,79.26,-168.8,0.1506
10.25,0.0003683,1.171,71,-169.5,0.1444
11.58,0.0004255,1.073,57.33,-175.9,0.202
15.53,0.0005555,0.9002,70.7,-175.8,0.2197
9.657,0.0004195,0.9868,44,-172.1,0.2195
7.483,0.0003876,0.887,25.05,-172.1,0.2987
9.058,0.0004098,1.022,36.3,-180.3,0.2495
15.58,0.0004885,0.6694,46.63,-173.1,0.3341
9.341,0.0004307,1.038,40.62,-159.3,0.23
10.25,0.0002972,0.9672,36.34,-161.5,0.2821
8.916,0.0003904,1.05,38.96,-173.9,0.2289
14.18,0.000381,0.7377,40.49,-168.9,0.3502
23.36,0.0003808,0.6548,63.04,-166,0.3706
9.359,0.0004773,0.9082,34.5,-162.2,0.2713
12.66,0.0003946,0.717,35.37,-170.6,0.3579
13.5,0.0004309,1.07,64.67,-177.7,0.2088
10.72,0.0003951,1.005,53.5,-164.4,0.2004
8.442,0.0004335,0.8872,27.17,-170.3,0.3107
13.71,0.0004295,0.7283,43.28,-174.1,0.3168
7.268,0.0003744,1.056,36.24,-163.2,0.2006
10.16,0.0003364,1.043,44.02,-165,0.2308
12.02,0.0004289,1.077,61.28,-162.5,0.1961
12.42,0.0004293,1.001,54.72,-167.9,0.227
8.761,0.0004382,1.144,43.93,-162.4,0.1994
11.54,0.0004798,0.9171,43.28,-178.1,0.2666
10.65,0.0003741,1.149,52.87,-169.5,0.2014
9.914,0.0004485,0.98,48.36,-176,0.205
10.55,0.0004583,0.9715,49.56,-175,0.2129
9.768,0.0004219,1.081,51.05,-174,0.1913
9.756,0.0004085,0.9967,48.11,-163.8,0.2028
58.26,0.0005159,0.5755,170.2,-178.9,0.3423
7.088,0.0003703,1.257,45.19,-173.7,0.1568
13.31,0.0004593,0.9894,54.06,-168.4,0.2462
9.238,0.0003958,0.9734,36.63,-168,0.2522
13.66,0.0003655,0.932,52.89,-170.3,0.2583
11.21,0.0003031,0.9817,49.76,-163.7,0.2253
11.34,0.0004136,1.309,109.1,-160.8,0.1039
10.24,0.0003366,0.9232,42.69,-161.2,0.2399
10.33,0.000485,0.8,36.43,-184.7,0.2836
8.824,0.0003471,0.9156,30.14,-173.2,0.2928
9.871,0.000427,0.8972,36.16,-183.6,0.273
10.76,0.0003766,1.535,123.5,-176.7,0.08713
9.386,0.0005249,0.8857,34.08,-179.7,0.2754
8.238,0.0004778,1.115,34.71,-173.2,0.2373
12.5,0.0004127,1.042,59.95,-188.5,0.2085
9.445,0.000445,0.9785,35.94,-165.2,0.2628
10.48,0.0004488,1.473,104,-172.2,0.1008
9.433,0.0003233,0.9956,44.4,-156.6,0.2125
14.37,0.0003568,0.8343,60.74,-168.1,0.2366
10.66,0.0003415,1.143,66.57,-151.3,0.1601
10.88,0.0003566,1.047,44.54,-180.9,0.2443
12.57,0.0004378,0.8436,39,-176.1,0.3223
7.779,0.0004256,1.008,31.53,-176.9,0.2467
7.726,0.0005083,1.121,43.3,-178.1,0.1784
11.13,0.0004145,0.8729,37,-171.5,0.3008
7.772,0.0003315,1.208,40.51,-163,0.1919
6.797,0.0004661,1.217,35.06,-179.9,0.1939
11.09,0.0004156,1.161,70.11,-182.9,0.1582
10.65,0.00038,0.9569,40,-146.9,0.2662
12.17,0.0003968,1.147,75.27,-171.9,0.1617
12.39,0.0004904,0.7479,34.53,-174,0.3588
8.794,0.0003689,1.182,60.26,-160.8,0.1459
15.31,0.0004166,0.859,66.47,-166.8,0.2303
9.798,0.0004195,1.12,55.34,-166.5,0.1771
11.08,0.0003599,1.2,65.02,-168,0.1704
12.84,0.000481,0.8826,44.68,-178.8,0.2874
27.64,0.0004527,0.6606,87.71,-184.2,0.3151
11.15,0.0005405,0.8311,40.73,-181.2,0.2738
38.28,0.0004871,0.6185,97.01,-172.8,0.3946
25.91,0.0004466,0.6738,78.63,-188.9,0.3295
8.136,0.0003749,1.143,44.73,-180.8,0.1819
