INa_IC50,INa_h,INaL_IC50,INaL_h
2.716e+09,1.815,32200,0.6766
2.506e+09,1.992,34730,0.603
2.667e+09,1.866,43310,0.5167
2.292e+09,1.969,37020,0.5224
2.333e+09,1.971,45100,0.5181
2.531e+09,1.886,34100,0.5095
2.463e+09,1.939,27620,0.608
2.477e+09,1.944,35340,0.6817
2.477e+09,1.932,42400,0.686
2.466e+09,1.935,22420,0.5491
2.414e+09,1.845,27310,0.592
2.405e+09,1.905,33190,0.5612
2.23e+09,1.905,49690,0.5406
2.08e+09,1.934,31180,0.5492
2.622e+09,1.859,59280,0.5466
2.298e+09,1.894,26390,0.583
2.348e+09,1.846,23650,0.5904
2.217e+09,1.96,53260,0.5339
2.41e+09,1.673,40140,0.5271
2.849e+09,1.829,46390,0.5111
2.592e+09,1.956,44070,0.5532
2.367e+09,1.979,32710,0.5586
2.346e+09,1.99,36490,0.5622
2.349e+09,1.92,45760,0.5292
2.192e+09,1.976,53040,0.5595
2.482e+09,1.982,33360,0.561
2.533e+09,1.852,38190,0.5991
2.712e+09,1.886,34240,0.5084
2.842e+09,1.914,33140,0.5151
2.643e+09,1.976,35130,0.5791
2.404e+09,1.971,29170,0.6077
2.445e+09,1.994,33790,0.5208
2.538e+09,1.958,44890,0.5586
2.676e+09,1.957,46210,0.5156
2.342e+09,1.978,41960,0.5297
2.887e+09,1.806,34830,0.5376
2.446e+09,1.901,39520,0.5143
2.732e+09,1.792,58270,0.5478
2.374e+09,1.896,59500,0.5503
2.483e+09,1.985,49390,0.5365
2.453e+09,1.998,42110,0.5245
2.373e+09,1.973,36680,0.6351
2.388e+09,1.975,44560,0.5053
2.385e+09,1.906,36680,0.5084
2.326e+09,1.95,32030,0.5199
2.418e+09,1.926,39160,0.5077
2.403e+09,1.967,35380,0.5053
2.188e+09,1.906,38780,0.5436
2.36e+09,1.974,34580,0.5504
2.122e+09,1.978,37950,0.5004
2.569e+09,1.91,37530,0.5182
2.72e+09,1.711,32260,0.538
2.461e+09,1.753,45900,0.51
2.389e+09,1.687,22520,0.5978
2.253e+09,1.979,41410,0.6369
2.415e+09,1.602,50070,0.6841
2.399e+09,1.987,80500,0.6406
2.216e+09,1.973,57980,0.6298
2.291e+09,1.956,44570,0.5757
2.407e+09,1.974,38760,0.5211
2.457e+09,1.997,45360,0.5344
2.404e+09,1.947,31200,0.5542
2.501e+09,1.743,51300,0.5873
2.289e+09,1.951,31810,0.5662
2.491e+09,1.87,42880,0.6735
2.566e+09,1.913,41510,0.5651
2.652e+09,1.782,44880,0.6455
2.408e+09,1.996,41300,0.5782
2.391e+09,1.937,44540,0.5765
2.455e+09,1.825,51380,0.6336
2.298e+09,1.845,32900,0.6314
2.323e+09,1.915,27280,0.5379
2.12e+09,1.995,40410,0.6817
2.254e+09,1.996,38520,0.5793
2.552e+09,1.975,46330,0.5473
2.357e+09,1.999,23920,0.5801
2.236e+09,1.974,32340,0.6201
2.366e+09,1.972,30950,0.5171
2.399e+09,1.985,38440,0.593
2.372e+09,1.994,61910,0.5137
2.455e+09,1.965,53230,0.7322
2.402e+09,1.984,21490,0.5689
2.506e+09,1.985,34960,0.5376
2.512e+09,1.98,30640,0.7448
2.602e+09,1.706,21250,0.5908
2.522e+09,1.995,35660,0.673
2.56e+09,1.801,43140,0.556
2.504e+09,1.975,35470,0.6645
2.512e+09,1.722,28200,0.5685
2.292e+09,1.904,31130,0.6737
2.92e+09,1.746,36570,0.7538
2.304e+09,1.973,35000,0.5443
2.262e+09,1.938,29950,0.5662
2.455e+09,1.965,26830,0.5067
2.534e+09,1.88,36910,0.5856
2.535e+09,1.944,29730,0.5847
2.347e+09,1.953,33230,0.5878
2.492e+09,1.878,40840,0.5533
2.561e+09,1.852,40000,0.5507
2.573e+09,1.964,41110,0.597
2.601e+09,1.891,61860,0.5302
2.463e+09,1.946,40400,0.6816
2.508e+09,1.865,24510,0.5851
2.451e+09,1.886,42930,0.7692
2.499e+09,1.937,44170,0.8528
2.376e+09,1.993,39260,0.8922
2.2e+09,1.959,50290,0.7481
2.487e+09,1.987,31430,0.5108
2.47e+09,1.965,44450,0.6011
2.334e+09,1.927,38190,0.5727
2.564e+09,1.764,39440,0.6096
2.367e+09,1.855,50080,0.5585
2.415e+09,1.909,44670,0.5686
2.744e+09,1.756,49130,0.5786
2.424e+09,1.949,20470,0.5557
2.452e+09,1.812,27200,0.7027
2.672e+09,1.674,33910,0.5118
3.714e+09,1.494,28770,0.6335
2.968e+09,1.707,31640,0.6685
2.912e+09,1.988,36580,0.6678
2.442e+09,1.804,52080,0.9054
2.418e+09,1.943,31670,0.5521
2.418e+09,1.93,70570,0.53
2.422e+09,1.986,37360,0.5279
2.522e+09,1.983,27920,0.6603
2.675e+09,1.997,27310,0.5956
2.723e+09,1.899,34830,0.5629
2.871e+09,1.623,41150,0.531
2.318e+09,1.912,40440,0.5235
2.168e+09,1.971,27280,0.567
2.262e+09,1.964,29890,0.5568
2.306e+09,1.947,29730,0.723
2.339e+09,1.897,41490,0.563
2.772e+09,1.85,29710,0.5061
2.985e+09,1.898,44960,0.5117
2.733e+09,1.884,32470,0.5394
2.822e+09,1.96,37830,0.5407
2.691e+09,1.878,48460,0.5218
2.406e+09,1.777,42120,0.542
2.678e+09,1.65,37500,0.6222
2.296e+09,1.956,32810,0.6663
2.834e+09,1.884,35130,0.7196
3.096e+09,1.455,39960,0.5885
2.717e+09,1.787,57180,0.6042
2.846e+09,1.795,60380,0.6024
2.662e+09,1.98,37620,0.5352
2.561e+09,1.978,31770,0.6548
2.308e+09,1.967,37120,0.5598
2.392e+09,1.959,40110,0.5271
2.477e+09,1.999,62840,0.5435
2.479e+09,1.975,30620,0.6221
2.317e+09,1.886,38090,0.5321
2.285e+09,1.943,44540,0.6152
2.278e+09,1.84,44220,0.5065
2.557e+09,1.809,37970,0.734
2.47e+09,1.972,77400,0.5724
2.717e+09,1.967,69880,0.5594
2.21e+09,1.851,52040,0.5691
2.416e+09,1.861,44320,0.5089
2.344e+09,1.979,47290,0.5063
2.247e+09,1.996,41250,0.5195
2.514e+09,1.903,44710,0.548
2.846e+09,1.815,40170,0.5542
2.679e+09,1.953,30670,0.5701
2.267e+09,1.968,32050,0.5449
2.817e+09,1.826,42100,0.5815
2.52e+09,1.763,44220,0.5514
2.586e+09,1.8,33960,0.529
2.41e+09,1.966,45310,0.619
2.577e+09,1.979,52350,0.5676
2.458e+09,1.909,46010,0.5309
2.278e+09,1.998,49510,0.5391
2.42e+09,1.89,30230,0.5534
2.212e+09,1.99,48160,0.5259
2.265e+09,1.923,41770,0.5676
2.362e+09,1.986,25740,0.5063
2.57e+09,1.855,26990,0.5817
2.19e+09,1.946,34490,0.5274
2.449e+09,1.83,37180,0.5031
2.203e+09,1.89,40240,0.5719
2.467e+09,1.985,61450,0.5381
2.329e+09,1.997,25050,0.6289
2.271e+09,1.937,24560,0.6219
2.342e+09,1.865,34570,0.5286
2.443e+09,1.939,29230,0.624
2.654e+09,1.998,55190,0.5952
2.548e+09,1.926,29270,0.65
2.463e+09,1.983,35800,0.579
2.433e+09,1.997,30610,0.6741
2.522e+09,1.888,44590,0.6173
2.668e+09,1.984,33160,0.6446
2.301e+09,1.953,25950,0.5931
2.363e+09,1.983,47340,0.514
2.395e+09,1.963,27100,0.549
2.445e+09,1.919,24990,0.5478
2.57e+09,1.928,27900,0.676
2.452e+09,1.957,78450,0.5621
2.789e+09,1.631,22730,0.625
2.518e+09,1.604,34290,0.5443
2.737e+09,1.614,35840,0.5158
2.753e+09,1.966,38350,0.5097
2.221e+09,1.956,45340,0.623
2.202e+09,1.988,38330,0.5489
2.436e+09,1.995,41610,0.5603
2.352e+09,1.999,47730,0.5845
2.488e+09,1.964,48390,0.5048
2.632e+09,1.903,34470,0.6028
2.143e+09,1.953,38980,0.5963
2.342e+09,1.929,35380,0.5862
2.602e+09,1.987,26860,0.6004
2.623e+09,1.856,47130,0.5887
2.645e+09,1.87,35310,0.6818
2.566e+09,1.97,28200,0.555
2.265e+09,1.848,41520,0.5241
2.211e+09,1.757,35530,0.6025
2.628e+09,1.752,34050,0.5921
2.502e+09,1.887,32680,0.5244
2.348e+09,1.922,43080,0.5283
2.578e+09,1.901,44430,0.5507
2.881e+09,1.613,47100,0.5143
2.211e+09,1.955,39530,0.551
2.191e+09,1.917,38330,0.5437
2.603e+09,1.913,37770,0.56
2.4e+09,1.927,24890,0.5253
2.305e+09,1.991,25530,0.5676
2.438e+09,1.95,51900,0.5044
2.457e+09,1.985,40500,0.51
2.853e+09,1.925,29990,0.5136
2.621e+09,1.919,37200,0.5337
2.245e+09,1.86,39810,0.5518
2.094e+09,1.942,19890,0.5485
2.267e+09,1.988,41960,0.6364
2.557e+09,1.974,65990,0.5034
2.27e+09,1.941,64290,0.5224
2.235e+09,1.994,28880,0.5847
2.55e+09,1.97,32380,0.5741
2.094e+09,1.89,46590,0.5498
2.555e+09,1.95,47270,0.5628
2.225e+09,1.869,57620,0.5391
2.772e+09,1.781,36430,0.5442
2.415e+09,1.878,37780,0.5299
2.742e+09,1.914,37370,0.5599
2.284e+09,1.783,40170,0.5494
2.521e+09,1.819,21360,0.6028
2.457e+09,1.926,55270,0.5032
2.475e+09,1.894,40770,0.648
2.528e+09,1.998,42550,0.5525
2.342e+09,1.985,36790,0.5633
2.681e+09,1.631,46830,0.5197
2.537e+09,1.777,25570,0.5618
2.541e+09,1.981,40680,0.556
2.412e+09,2,23830,0.5661
2.279e+09,1.99,36910,0.6232
2.46e+09,1.828,28590,0.5817
2.445e+09,1.823,33090,0.574
2.316e+09,1.929,39550,0.5671
2.314e+09,1.937,28700,0.5409
2.404e+09,1.984,29520,0.5623
2.421e+09,1.985,30260,0.5511
2.389e+09,1.956,39370,0.5155
2.369e+09,1.858,40620,0.5233
2.334e+09,1.689,32300,0.5854
2.26e+09,1.835,40930,0.5454
2.588e+09,1.81,34910,0.5978
2.572e+09,1.856,42360,0.5179
2.748e+09,1.762,35570,0.5182
2.385e+09,1.967,46520,0.5904
2.327e+09,1.83,31220,0.5688
2.278e+09,1.99,36550,0.5641
2.252e+09,1.959,34010,0.6718
2.271e+09,1.964,24150,0.5274
2.436e+09,1.921,37130,0.7397
2.734e+09,1.909,46540,0.7211
2.442e+09,1.889,25240,0.5752
2.491e+09,1.519,34090,0.6382
2.259e+09,1.904,41420,0.6341
2.599e+09,1.997,55630,0.5272
2.335e+09,1.907,49290,0.5573
2.346e+09,1.989,53980,0.5309
2.204e+09,1.985,54590,0.6042
2.251e+09,1.989,31140,0.6752
2.41e+09,1.97,32670,0.6331
2.51e+09,2,39130,0.9018
2.346e+09,1.995,39770,0.7864
2.407e+09,1.968,70430,0.7214
2.562e+09,1.7,49500,0.57
2.333e+09,1.962,48360,0.5417
2.477e+09,1.914,36680,0.502
2.511e+09,1.815,29470,0.6146
2.692e+09,1.839,42820,0.5978
2.293e+09,1.896,36820,0.5266
2.223e+09,1.957,43070,0.5084
2.595e+09,1.92,31310,0.5457
2.766e+09,1.886,35740,0.6526
2.654e+09,1.814,31880,0.6058
2.546e+09,1.79,28200,0.6192
2.445e+09,1.988,39550,0.5615
2.52e+09,1.972,37510,0.5168
2.502e+09,1.986,38680,0.5372
2.592e+09,1.83,33530,0.5327
2.257e+09,1.997,27380,0.5455
2.253e+09,1.946,57210,0.557
2.481e+09,1.997,53050,0.5588
2.655e+09,1.503,38410,0.602
2.635e+09,1.949,51680,0.5236
2.472e+09,1.99,40560,0.5114
2.085e+09,1.992,40000,0.5673
2.411e+09,1.951,33110,0.5082
2.536e+09,1.862,28530,0.5908
2.295e+09,1.992,35510,0.5607
2.287e+09,1.989,30880,0.5525
2.743e+09,1.906,31360,0.5642
2.605e+09,1.803,42340,0.5028
2.924e+09,1.514,34180,0.7065
2.632e+09,1.843,34950,0.7494
2.615e+09,1.917,37730,0.7455
2.39e+09,1.982,95170,0.5244
2.298e+09,1.975,97340,0.5302
2.67e+09,1.965,79520,0.5414
2.664e+09,1.851,81840,0.5076
3.207e+09,1.809,48170,0.5519
2.482e+09,1.954,31640,0.5254
2.701e+09,1.97,31190,0.5127
2.892e+09,1.834,37360,0.5053
2.506e+09,1.75,45580,0.5348
2.255e+09,1.933,22380,0.5139
2.15e+09,1.779,31450,0.5001
2.204e+09,2,33160,0.5
2.34e+09,1.869,34080,0.5332
2.797e+09,1.553,36920,0.502
2.46e+09,1.862,40020,0.5799
2.187e+09,1.961,38540,0.5825
2.355e+09,1.95,47550,0.6854
2.183e+09,1.966,63520,0.5632
2.7e+09,1.995,44930,0.5423
2.192e+09,1.881,29660,0.5931
2.56e+09,1.986,47070,0.5573
2.964e+09,1.898,38250,0.5582
2.298e+09,1.954,40290,0.6133
2.651e+09,1.787,41240,0.5501
2.193e+09,1.934,33960,0.5192
2.526e+09,1.924,42890,0.6025
2.486e+09,1.788,31190,0.6822
2.86e+09,1.815,28750,0.6598
2.784e+09,1.754,33000,0.5032
2.486e+09,1.988,44560,0.5184
2.521e+09,1.976,30250,0.6237
2.386e+09,1.855,24870,0.5039
2.68e+09,1.93,35200,0.5181
2.352e+09,1.868,35870,0.6188
2.576e+09,1.891,45320,0.5546
2.473e+09,1.982,38920,0.504
2.292e+09,1.967,43130,0.5227
2.123e+09,1.821,36230,0.6025
2.713e+09,1.701,26530,0.6372
2.514e+09,1.935,26630,0.6323
2.302e+09,1.948,45080,0.5755
2.618e+09,1.968,48130,0.7325
2.436e+09,1.993,26220,0.5997
2.2e+09,1.989,25090,0.7866
2.512e+09,1.978,33150,0.5593
2.449e+09,1.988,33820,0.577
2.436e+09,1.979,37580,0.5694
2.416e+09,1.944,33270,0.5527
2.464e+09,1.863,33080,0.6
2.391e+09,1.835,32020,0.5628
2.448e+09,1.959,42040,0.5319
2.402e+09,1.845,42520,0.5355
2.528e+09,1.969,37840,0.5644
2.587e+09,1.975,35200,0.5779
2.373e+09,1.929,40650,0.5117
2.68e+09,1.869,46890,0.5211
2.518e+09,1.969,31510,0.6282
2.551e+09,1.971,49570,0.5116
2.678e+09,1.915,25530,0.6054
2.109e+09,1.771,40820,0.6949
2.293e+09,1.97,44130,0.5854
2.233e+09,1.979,49290,0.5529
2.367e+09,1.994,48170,0.5405
2.325e+09,1.972,38900,0.5151
2.347e+09,1.901,26850,0.6871
2.074e+09,1.953,29440,0.6784
2.239e+09,1.966,35860,0.5893
2.534e+09,1.848,39700,0.6075
2.359e+09,1.918,49050,0.5208
2.43e+09,1.987,41110,0.6076
2.23e+09,1.813,58310,0.6274
2.291e+09,1.905,38290,0.5886
2.322e+09,1.997,34490,0.5271
2.385e+09,1.99,33670,0.5254
2.432e+09,1.947,39050,0.5561
2.352e+09,1.916,38510,0.534
2.336e+09,1.899,66130,0.5099
2.741e+09,1.738,38770,0.5936
2.273e+09,1.721,46770,0.5117
2.601e+09,1.753,38600,0.51
2.622e+09,1.98,40090,0.5455
2.456e+09,1.997,39390,0.5377
2.392e+09,1.839,35030,0.5037
2.385e+09,1.915,40890,0.7026
2.452e+09,1.891,49710,0.5132
2.516e+09,1.94,40090,0.55
2.336e+09,1.826,37180,0.5464
2.28e+09,1.98,35780,0.5827
2.206e+09,1.986,40510,0.5313
2.204e+09,1.945,32220,0.6088
2.556e+09,1.953,31150,0.5647
2.598e+09,1.803,36460,0.5914
2.816e+09,1.846,35970,0.5526
2.665e+09,1.984,57450,0.6392
2.446e+09,1.837,27690,0.5668
2.65e+09,1.907,27540,0.654
2.373e+09,1.979,18800,0.5302
2.311e+09,1.958,21510,0.5243
2.353e+09,1.905,51240,0.605
2.15e+09,1.956,34760,0.5842
2.425e+09,1.994,33300,0.5788
2.106e+09,1.968,39510,0.5915
2.258e+09,1.937,33280,0.5127
2.456e+09,1.885,36350,0.5272
2.256e+09,1.989,27480,0.5335
2.435e+09,1.95,31900,0.6937
2.108e+09,1.937,38410,0.5642
2.585e+09,1.988,33040,0.5292
2.407e+09,1.963,40860,0.6388
2.49e+09,1.914,44690,0.5355
2.311e+09,1.979,45510,0.5032
2.257e+09,1.981,31700,0.6709
2.344e+09,1.937,37880,0.5151
2.37e+09,1.981,40790,0.5031
2.387e+09,1.966,62550,0.5101
2.202e+09,1.969,15350,0.5392
2.41e+09,1.792,31030,0.5967
2.855e+09,1.919,32440,0.5473
2.403e+09,1.995,52290,0.6207
2.249e+09,1.979,36910,0.5992
2.404e+09,1.818,57120,0.574
2.687e+09,1.915,56510,0.5734
2.298e+09,1.88,38340,0.5729
2.234e+09,1.874,43490,0.5203
2.681e+09,1.715,37820,0.5609
2.874e+09,1.647,26530,0.6037
2.56e+09,1.907,94780,0.5756
2.342e+09,1.952,47500,0.5394
2.368e+09,1.927,34510,0.5447
2.392e+09,1.981,85820,0.5894
2.615e+09,1.955,49350,0.516
2.574e+09,1.99,45400,0.5073
2.393e+09,1.937,43330,0.5139
2.377e+09,1.966,62970,0.5068
3.203e+09,1.782,36540,0.5466
2.715e+09,1.833,44490,0.5882
2.446e+09,1.987,42190,0.6063
2.477e+09,1.94,20680,0.7671
2.41e+09,1.958,56670,0.5105
2.344e+09,1.961,42120,0.506
2.389e+09,1.939,33940,0.5178
2.364e+09,1.792,37890,0.5271
2.65e+09,1.992,41910,0.5141
2.386e+09,1.901,39460,0.5906
2.481e+09,1.982,67780,0.5441
2.564e+09,1.967,51860,0.5738
2.497e+09,1.932,48600,0.5583
2.314e+09,1.954,31110,0.5175
2.486e+09,1.878,25320,0.5235
2.335e+09,1.933,37940,0.5317
2.282e+09,1.956,63250,0.7034
2.219e+09,1.991,60660,0.5344
2.37e+09,1.987,44610,0.688
2.485e+09,1.759,35880,0.5734
2.264e+09,1.888,39080,0.513
2.41e+09,1.615,49160,0.7768
2.465e+09,1.85,26170,0.6003
2.42e+09,1.787,35420,0.6289
2.499e+09,2,39340,0.6598
2.579e+09,1.971,38600,0.5714
2.395e+09,1.933,36420,0.5314
2.475e+09,1.937,42410,0.544
2.405e+09,1.915,46080,0.5144
2.436e+09,1.919,41090,0.6024
2.433e+09,1.991,38100,0.5283
2.44e+09,1.931,34620,0.5918
2.57e+09,1.928,33060,0.5758
2.453e+09,1.873,46450,0.5357
2.427e+09,1.742,57180,0.54
2.3e+09,1.953,41660,0.5193
2.307e+09,1.949,65530,0.535
2.354e+09,1.942,31170,0.5978
2.692e+09,1.878,31780,0.6044
2.787e+09,1.743,39900,0.5229
2.72e+09,1.73,41690,0.5035
3.041e+09,1.906,56220,0.5651
2.426e+09,1.994,44030,0.5745
2.417e+09,1.965,41130,0.5104
2.551e+09,1.922,41470,0.5064
2.487e+09,1.943,53390,0.5239
2.55e+09,1.997,52530,0.516
2.429e+09,1.976,34380,0.5278
2.296e+09,1.918,34550,0.5829
2.488e+09,1.948,25040,0.6277
2.338e+09,1.989,35980,0.5272
2.563e+09,1.939,48440,0.5331
2.559e+09,1.998,43200,0.5085
2.511e+09,1.988,45810,0.5453
2.764e+09,1.937,42360,0.6033
2.722e+09,1.95,28300,0.5376
3.788e+09,1.333,42270,0.708
4.311e+09,1.08,48370,0.6432
3.842e+09,1.26,32120,0.5482
3.783e+09,1.42,41550,0.6069
3.775e+09,1.445,37470,0.5975
3.379e+09,1.252,35430,0.57
2.813e+09,1.523,33800,0.5555
2.686e+09,1.717,34940,0.6514
2.362e+09,1.806,31380,0.6995
2.229e+09,1.972,39640,0.5021
2.547e+09,1.777,31540,0.6148
2.481e+09,1.979,36850,0.568
2.253e+09,1.866,63650,0.5119
2.551e+09,1.706,54480,0.5276
2.912e+09,1.604,35120,0.5371
3.049e+09,1.844,44510,0.5634
2.446e+09,1.936,41940,0.6837
2.527e+09,1.913,41000,0.5966
2.506e+09,1.986,32910,0.5285
2.276e+09,1.971,55180,0.5575
2.302e+09,1.897,34490,0.5656
2.536e+09,1.89,61290,0.5415
2.557e+09,1.971,48390,0.5433
2.835e+09,1.942,33400,0.62
2.371e+09,1.853,44710,0.5616
2.411e+09,1.91,40490,0.5417
2.618e+09,1.943,34180,0.6957
2.543e+09,1.77,33970,0.6943
2.291e+09,1.943,24470,0.6485
2.386e+09,1.978,39390,0.8414
2.745e+09,1.66,36720,0.6214
2.032e+09,1.913,29470,0.5727
2.404e+09,1.953,19290,0.6008
2.5e+09,1.735,22610,0.7558
2.52e+09,1.828,21080,0.7999
2.525e+09,1.824,50410,0.7578
2.971e+09,1.625,34780,0.7001
2.715e+09,1.61,25720,0.7644
2.509e+09,1.868,28640,0.5557
2.662e+09,1.716,32710,0.5219
2.202e+09,1.888,33730,0.5437
2.217e+09,1.999,35910,0.5646
2.472e+09,1.986,44210,0.5306
2.351e+09,1.949,38820,0.6098
2.164e+09,1.937,33230,0.7853
2.439e+09,1.931,49340,0.5088
2.401e+09,1.899,42630,0.6116
2.304e+09,1.946,45430,0.523
2.058e+09,1.989,33400,0.6163
2.918e+09,1.573,33560,0.5434
2.375e+09,1.992,49450,0.624
2.457e+09,1.961,29190,0.5454
2.546e+09,1.908,40530,0.6387
2.406e+09,1.791,26690,0.6623
2.298e+09,1.96,33020,0.5842
2.11e+09,1.98,33060,0.5371
2.525e+09,1.697,38620,0.5215
2.67e+09,1.749,43280,0.5037
2.977e+09,1.994,25650,0.5945
2.42e+09,1.978,38070,0.5153
2.544e+09,1.999,54120,0.6343
2.344e+09,1.931,55870,0.5017
2.324e+09,1.907,35760,0.6048
2.473e+09,1.955,28690,0.6029
2.406e+09,1.935,19890,0.7308
2.32e+09,1.945,30550,0.7728
2.212e+09,1.969,36840,0.5966
2.224e+09,1.883,48280,0.6182
2.41e+09,1.994,37870,0.7098
2.451e+09,1.942,42600,0.7459
2.389e+09,1.988,24510,0.7771
2.293e+09,1.994,22400,0.7052
2.303e+09,1.978,31960,0.5043
2.308e+09,1.995,57170,0.5859
2.629e+09,1.924,50670,0.6721
2.178e+09,1.876,35060,0.5344
2.284e+09,1.946,36620,0.5562
2.299e+09,1.993,39040,0.5132
2.311e+09,1.919,40660,0.5149
2.427e+09,1.983,43830,0.6057
2.388e+09,1.955,60350,0.557
2.222e+09,1.969,49110,0.5138
2.444e+09,1.795,47560,0.5422
2.317e+09,1.923,52150,0.5
2.328e+09,1.947,49280,0.5505
2.396e+09,1.94,28380,0.8136
2.4e+09,1.938,43780,0.7112
2.462e+09,1.996,33650,0.7522
2.402e+09,1.871,40020,0.5893
2.369e+09,1.896,42980,0.5173
2.505e+09,1.943,43720,0.6113
2.676e+09,1.83,56060,0.5246
2.334e+09,1.741,39160,0.5841
2.447e+09,1.964,47660,0.5673
2.375e+09,1.995,57010,0.5423
2.243e+09,1.923,48090,0.5686
2.153e+09,1.914,24380,0.5796
2.287e+09,1.901,32040,0.5043
2.569e+09,1.921,44590,0.6122
2.27e+09,1.95,40360,0.7479
2.473e+09,1.852,37100,0.5722
2.201e+09,1.97,43590,0.5303
2.167e+09,1.979,66700,0.6596
2.244e+09,1.973,25960,0.6064
2.245e+09,1.998,32880,0.6155
2.294e+09,1.94,36380,0.5744
2.529e+09,1.886,37070,0.594
2.32e+09,1.998,33670,0.6424
2.527e+09,1.924,30240,0.6938
2.583e+09,1.98,40100,0.7377
2.564e+09,1.927,50560,0.742
2.27e+09,1.994,39980,0.566
2.356e+09,1.96,39880,0.5755
2.694e+09,1.783,32810,0.5647
2.932e+09,1.61,51960,0.5834
2.984e+09,1.914,49610,0.5041
2.938e+09,1.848,54980,0.6506
2.985e+09,1.867,42550,0.534
2.398e+09,1.983,55110,0.5329
2.553e+09,1.828,48130,0.5049
2.582e+09,1.819,54410,0.5348
2.259e+09,1.859,33310,0.656
2.342e+09,1.83,37910,0.7722
2.381e+09,1.967,26710,0.5496
2.467e+09,1.958,34480,0.5454
2.142e+09,1.999,49620,0.5562
2.302e+09,1.991,40940,0.5036
2.458e+09,1.761,37700,0.5649
2.669e+09,1.756,43170,0.5039
2.578e+09,1.922,50770,0.6945
2.444e+09,1.887,74780,0.5488
2.421e+09,1.852,41210,0.6523
2.54e+09,1.977,34350,0.5571
2.483e+09,1.963,38470,0.5458
2.777e+09,1.804,39930,0.5728
2.604e+09,1.876,55340,0.576
2.106e+09,1.96,37140,0.5967
2.221e+09,1.949,25910,0.5769
2.396e+09,1.999,37150,0.5706
2.664e+09,1.965,38130,0.5089
2.766e+09,1.999,26010,0.669
2.39e+09,1.928,40430,0.6311
2.351e+09,1.875,48230,0.6044
2.6e+09,1.943,42330,0.5767
2.332e+09,1.922,38610,0.5685
2.568e+09,1.946,44490,0.5927
2.51e+09,1.976,26170,0.5164
2.391e+09,1.946,34070,0.6229
2.406e+09,1.985,22780,0.5036
2.377e+09,1.973,38600,0.6053
2.499e+09,1.667,32470,0.5393
2.554e+09,1.643,31250,0.5466
2.456e+09,1.947,31340,0.6302
2.269e+09,1.994,43010,0.5053
2.397e+09,1.997,45440,0.532
2.482e+09,1.995,32440,0.51
2.418e+09,1.955,50750,0.5124
2.451e+09,1.999,32610,0.6728
2.874e+09,1.827,44540,0.5925
2.541e+09,1.845,33580,0.5456
2.54e+09,1.983,37800,0.6001
2.664e+09,1.981,26940,0.5719
2.431e+09,1.815,30040,0.504
2.348e+09,1.887,44230,0.6112
2.471e+09,1.725,40220,0.689
2.481e+09,1.93,36640,0.5872
2.402e+09,1.892,37930,0.5637
2.396e+09,1.963,55940,0.5984
2.245e+09,1.96,57740,0.5632
2.43e+09,1.982,53280,0.582
2.405e+09,1.994,47480,0.5201
2.48e+09,1.987,48800,0.5312
2.514e+09,1.822,36130,0.5493
2.822e+09,1.721,46170,0.5089
2.178e+09,1.853,35450,0.5708
2.213e+09,1.985,47590,0.6051
2.956e+09,1.705,52030,0.5579
2.511e+09,1.659,39950,0.5364
2.4e+09,1.923,34380,0.5772
2.601e+09,1.988,34000,0.518
2.609e+09,1.953,47810,0.7174
2.839e+09,1.996,48170,0.5576
2.625e+09,1.967,38520,0.5663
2.599e+09,1.739,30300,0.6056
2.517e+09,1.862,28040,0.5133
2.5e+09,1.967,37360,0.5003
2.426e+09,1.907,53640,0.5756
2.553e+09,1.987,64470,0.541
2.605e+09,1.955,38750,0.5125
2.237e+09,1.913,47710,0.5936
2.22e+09,1.934,33640,0.5352
2.672e+09,1.758,33870,0.6448
2.543e+09,1.75,38970,0.6102
2.881e+09,1.662,49260,0.5091
2.452e+09,1.953,44940,0.5208
2.356e+09,1.987,43480,0.5844
2.239e+09,1.964,34020,0.5084
2.362e+09,1.941,46840,0.5656
2.576e+09,1.865,42230,0.5146
2.374e+09,1.801,44970,0.5234
2.452e+09,1.982,41250,0.5012
2.261e+09,1.97,51040,0.5164
2.38e+09,1.984,41410,0.5281
2.51e+09,1.924,32590,0.5135
2.352e+09,1.977,28910,0.5128
2.416e+09,1.972,26830,0.5886
2.539e+09,1.921,43180,0.509
2.523e+09,1.962,42090,0.5481
2.444e+09,1.905,38560,0.5607
2.419e+09,1.975,39560,0.6322
2.33e+09,1.918,22770,0.6035
2.672e+09,1.882,81220,0.6552
2.17e+09,1.889,40750,0.5579
2.325e+09,1.994,37800,0.5259
2.687e+09,1.948,37960,0.5485
2.38e+09,1.987,48710,0.5127
2.367e+09,1.935,33200,0.7036
2.095e+09,1.981,52930,0.5396
2.446e+09,1.901,66940,0.5192
2.254e+09,1.852,58790,0.5676
2.158e+09,1.969,36700,0.5048
2.523e+09,1.869,42870,0.5175
2.471e+09,1.954,52170,0.5354
2.469e+09,1.962,49980,0.6051
2.39e+09,1.967,35170,0.5085
2.362e+09,1.978,36310,0.6395
2.762e+09,1.842,45520,0.6643
2.484e+09,1.859,33900,0.5649
2.61e+09,1.837,41510,0.57
2.223e+09,1.973,34440,0.662
2.32e+09,1.959,39700,0.6067
2.446e+09,1.88,40430,0.5079
2.448e+09,1.974,37020,0.5631
2.389e+09,1.985,40870,0.5532
2.449e+09,1.965,61630,0.599
2.467e+09,1.885,25360,0.5348
2.416e+09,1.929,25770,0.6749
2.373e+09,1.973,37760,0.5139
2.338e+09,1.973,56250,0.5453
2.613e+09,1.88,35840,0.5998
2.8e+09,1.713,27550,0.6912
2.234e+09,1.938,37370,0.502
2.768e+09,1.91,39890,0.5063
2.521e+09,1.9,37430,0.5154
2.356e+09,1.822,30690,0.5094
2.368e+09,1.992,50390,0.5939
2.458e+09,1.703,38090,0.5575
2.413e+09,1.911,20860,0.5408
2.328e+09,1.943,28990,0.5636
2.414e+09,1.86,49570,0.6003
2.23e+09,1.923,54470,0.5029
2.541e+09,1.85,51440,0.5416
2.447e+09,1.987,41150,0.5138
2.521e+09,1.899,36970,0.5497
2.49e+09,1.869,43400,0.5665
2.237e+09,1.908,49140,0.5153
2.39e+09,1.905,47290,0.5316
2.222e+09,1.955,44730,0.5645
2.333e+09,1.996,35960,0.5002
2.425e+09,1.86,35820,0.5096
2.754e+09,1.808,33550,0.5847
3.283e+09,1.754,45270,0.6507
2.677e+09,1.946,50560,0.5843
2.368e+09,1.809,54500,0.5107
2.376e+09,1.976,48160,0.5401
2.382e+09,1.961,36080,0.5711
2.383e+09,1.964,23530,0.5258
2.349e+09,1.972,28970,0.5153
2.272e+09,1.971,37780,0.678
2.37e+09,1.849,34430,0.5566
2.569e+09,1.807,33830,0.5179
2.287e+09,1.976,42200,0.5053
2.422e+09,1.999,30310,0.514
2.402e+09,1.975,37040,0.5021
2.431e+09,1.948,28880,0.5735
2.203e+09,1.985,26360,0.5074
2.614e+09,1.983,34370,0.569
2.454e+09,1.972,33090,0.5229
2.139e+09,2,20010,0.5148
2.314e+09,1.971,41560,0.5236
2.414e+09,1.971,37900,0.5719
2.524e+09,1.961,48620,0.6045
2.732e+09,1.794,42080,0.5458
2.258e+09,1.995,48380,0.5152
2.164e+09,1.853,60640,0.5591
2.532e+09,1.886,45680,0.5461
2.153e+09,1.963,58920,0.5304
2.59e+09,1.865,42460,0.5216
2.558e+09,1.915,35690,0.5451
2.428e+09,1.943,29080,0.6066
2.422e+09,1.945,33560,0.5341
2.807e+09,1.878,36360,0.5076
3.264e+09,1.646,41280,0.521
2.855e+09,1.728,25910,0.5907
2.524e+09,1.702,47570,0.6587
2.155e+09,1.993,42020,0.7425
2.414e+09,1.928,38380,0.5935
2.327e+09,1.902,46180,0.5001
2.392e+09,1.796,31110,0.5191
2.362e+09,1.983,43660,0.5212
2.36e+09,1.99,48830,0.5059
2.337e+09,1.971,51070,0.575
2.459e+09,1.984,30150,0.5672
2.845e+09,1.861,29970,0.5713
2.614e+09,1.79,43520,0.5196
2.326e+09,1.926,44060,0.5737
2.762e+09,1.862,42290,0.504
2.601e+09,1.957,48670,0.5682
2.664e+09,1.925,38010,0.5246
2.645e+09,1.962,39370,0.5368
2.556e+09,1.998,45200,0.664
2.604e+09,1.908,39630,0.55
2.504e+09,1.875,50960,0.5821
2.512e+09,1.871,60930,0.7317
2.295e+09,1.874,38350,0.5636
2.935e+09,1.825,38540,0.5273
2.251e+09,1.955,47570,0.5566
2.398e+09,1.853,62550,0.5245
2.41e+09,1.96,38090,0.5159
2.144e+09,1.96,46340,0.5949
2.585e+09,1.884,36970,0.5269
2.311e+09,1.886,43890,0.792
2.23e+09,1.87,43820,0.577
2.251e+09,1.958,47160,0.5991
2.227e+09,1.989,48890,0.7233
2.436e+09,1.981,39180,0.7244
2.23e+09,1.927,30150,0.6502
2.604e+09,1.979,47590,0.5966
2.398e+09,1.876,43740,0.6079
2.277e+09,1.723,65560,0.6793
2.33e+09,1.888,50190,0.5011
2.638e+09,1.816,49630,0.5095
2.569e+09,1.866,45040,0.5011
2.51e+09,1.918,50180,0.5984
2.475e+09,1.887,72810,0.5198
2.196e+09,1.994,54640,0.5242
2.587e+09,1.896,46940,0.5026
2.436e+09,1.953,42580,0.627
2.287e+09,1.993,37360,0.783
2.22e+09,1.982,36810,0.8504
2.338e+09,1.996,37550,0.7644
2.654e+09,1.784,45970,0.7953
2.956e+09,1.785,54180,0.5051
2.398e+09,2,32820,0.5177
2.581e+09,1.684,35060,0.5658
2.255e+09,1.753,28090,0.5518
2.496e+09,1.792,45350,0.5035
2.227e+09,1.991,59310,0.5039
2.338e+09,1.693,51280,0.5465
2.137e+09,1.889,37260,0.5379
2.328e+09,1.946,46660,0.5146
2.245e+09,1.988,40410,0.564
2.322e+09,1.977,69250,0.5224
2.385e+09,1.868,25740,0.649
2.484e+09,1.907,40230,0.5286
2.595e+09,1.903,36380,0.5233
2.505e+09,1.988,23770,0.5551
2.655e+09,1.796,54760,0.5388
2.612e+09,1.926,22290,0.7005
2.729e+09,1.802,35120,0.6322
2.346e+09,1.935,38140,0.6702
3.08e+09,1.911,36350,0.5953
2.486e+09,1.901,40210,0.5503
2.708e+09,1.798,34430,0.5101
2.754e+09,1.926,25020,0.6387
2.568e+09,1.759,34990,0.5909
2.51e+09,1.584,25690,0.6042
2.478e+09,1.828,50110,0.5091
2.336e+09,1.878,40160,0.536
2.608e+09,1.942,38890,0.5149
2.5e+09,1.987,34120,0.6137
2.323e+09,1.964,33920,0.5537
2.366e+09,1.955,35890,0.5475
2.455e+09,1.946,31060,0.5248
2.366e+09,1.905,41550,0.8868
2.208e+09,1.932,30970,0.6145
2.38e+09,1.95,42750,0.6379
2.352e+09,1.949,38260,0.6454
2.413e+09,1.999,39680,0.5427
2.394e+09,1.875,28210,0.5157
2.237e+09,1.933,35370,0.5616
2.512e+09,1.98,20010,0.5033
2.509e+09,1.896,21560,0.5606
2.898e+09,1.871,22650,0.5355
2.587e+09,1.785,26140,0.5178
2.392e+09,1.925,44000,0.5124
2.183e+09,1.99,41010,0.5479
2.199e+09,1.978,36310,0.5378
2.583e+09,1.602,43780,0.6696
2.821e+09,1.991,49060,0.5218
2.419e+09,1.966,31660,0.7691
2.387e+09,1.985,46740,0.6801
2.461e+09,1.833,41150,0.6321
2.308e+09,1.783,32250,0.5024
2.668e+09,1.813,33840,0.7405
2.624e+09,1.97,18480,0.5948
2.398e+09,1.895,23960,0.6016
2.534e+09,1.936,65010,0.6323
2.341e+09,1.985,21470,0.6363
2.499e+09,1.896,35370,0.5929
2.417e+09,1.872,64010,0.5597
2.603e+09,1.981,39180,0.6682
2.156e+09,1.961,30990,0.6484
2.454e+09,1.822,44040,0.5479
2.677e+09,1.993,29740,0.5124
2.788e+09,1.954,45060,0.5786
2.69e+09,1.988,37090,0.5034
2.46e+09,1.929,33390,0.5347
2.154e+09,1.981,32540,0.5861
2.29e+09,1.92,21810,0.7061
2.364e+09,1.774,37480,0.589
2.572e+09,1.963,36280,0.5195
2.358e+09,1.996,35970,0.5197
2.287e+09,1.886,30510,0.5295
2.144e+09,1.626,43810,0.6404
2.774e+09,1.633,41940,0.5387
2.336e+09,1.69,44810,0.5294
2.708e+09,1.778,33760,0.9218
2.765e+09,1.895,51670,1.006
2.492e+09,1.806,70350,0.6709
2.921e+09,1.744,62570,0.7352
2.59e+09,1.865,45410,0.5458
2.481e+09,1.767,35980,0.5432
2.374e+09,1.899,37440,0.5042
2.549e+09,1.913,38780,0.5316
2.424e+09,1.927,39580,0.5233
2.222e+09,1.995,41910,0.5914
2.423e+09,1.966,27900,0.7123
2.365e+09,1.99,28470,0.5991
2.523e+09,1.91,49180,0.5181
2.752e+09,1.979,32160,0.5991
2.572e+09,1.79,33930,0.6042
2.251e+09,1.994,49750,0.5622
2.447e+09,1.868,30970,0.6101
2.388e+09,1.911,39490,0.6111
2.465e+09,1.827,48670,0.6647
2.681e+09,1.739,43930,0.6638
2.484e+09,1.858,51960,0.8939
2.396e+09,1.957,46410,0.6445
2.438e+09,1.953,33650,0.5084
2.248e+09,1.987,48750,0.5326
2.63e+09,1.922,45530,0.5471
2.426e+09,1.925,39050,0.5153
2.454e+09,1.94,38480,0.5027
2.316e+09,1.806,35840,0.5432
2.378e+09,1.891,29680,0.6244
2.396e+09,1.999,29660,0.5471
2.366e+09,1.981,28210,0.5482
2.42e+09,1.991,32780,0.5378
2.52e+09,1.913,34380,0.5109
2.613e+09,1.771,34550,0.6323
2.393e+09,1.903,41870,0.535
2.458e+09,1.905,34510,0.6117
2.41e+09,1.972,44440,0.5816
2.498e+09,1.96,35190,0.8172
2.367e+09,1.94,53090,0.7639
2.482e+09,1.93,27570,0.5781
2.282e+09,1.987,37890,0.5657
2.531e+09,1.898,26050,0.6126
2.259e+09,1.944,37660,0.5549
2.14e+09,1.996,35490,0.602
2.543e+09,1.876,21330,0.5699
2.672e+09,1.815,26660,0.6083
2.459e+09,1.855,34690,0.5393
2.512e+09,1.975,44440,0.5115
2.354e+09,1.983,43200,0.5167
2.33e+09,1.695,41260,0.5401
2.852e+09,1.619,41660,0.6668
2.375e+09,1.834,34960,0.5528
2.512e+09,1.883,41710,0.5039
2.54e+09,1.749,40110,0.6517
2.523e+09,1.913,32920,0.6638
2.414e+09,1.875,29270,0.5287
2.539e+09,1.915,41610,0.5288
2.52e+09,1.898,31360,0.6323
2.375e+09,1.699,43990,0.5269
2.559e+09,1.841,46820,0.5754
2.585e+09,1.978,63010,0.5296
2.47e+09,1.955,50590,0.5125
2.53e+09,1.761,31520,0.5745
3.123e+09,1.664,39930,0.6999
2.818e+09,1.71,34800,0.5648
2.301e+09,1.77,57610,0.5877
2.662e+09,1.998,43330,0.6264
2.518e+09,1.99,47110,0.5457
2.434e+09,1.934,21620,0.6626
2.447e+09,1.971,28020,0.5562
2.539e+09,1.968,41610,0.5003
2.51e+09,1.986,37820,0.539
2.457e+09,1.978,33490,0.5852
2.417e+09,1.995,28150,0.5492
2.87e+09,1.723,25250,0.5009
2.279e+09,1.947,28410,0.5318
2.445e+09,1.879,33560,0.5221
2.388e+09,1.997,30980,0.5926
2.415e+09,1.89,24600,0.5199
2.385e+09,1.656,23200,0.579
2.379e+09,1.93,44780,0.5575
2.464e+09,1.991,32230,0.653
2.342e+09,1.966,36830,0.6064
2.334e+09,1.982,48920,0.6465
2.434e+09,1.889,45250,0.5392
2.368e+09,1.839,45280,0.5189
2.492e+09,1.95,44890,0.5799
2.736e+09,1.944,92340,0.5
2.502e+09,1.858,104800,0.5179
2.371e+09,1.964,99560,0.5193
2.462e+09,1.775,32900,0.5117
2.764e+09,1.975,33910,0.6728
2.625e+09,1.766,41130,0.5548
2.299e+09,1.918,49930,0.648
2.563e+09,1.823,71770,0.6963
2.551e+09,1.717,28570,0.6114
2.67e+09,1.969,32640,0.5987
2.506e+09,1.927,30330,0.5128
2.326e+09,1.924,44520,0.6284
2.407e+09,1.786,33290,0.5127
2.777e+09,1.899,45610,0.5861
2.7e+09,1.987,27920,0.6235
2.403e+09,1.817,28270,0.6488
2.689e+09,1.825,27120,0.7079
2.413e+09,1.657,36250,0.5269
2.828e+09,1.711,42810,0.5394
2.634e+09,1.838,47190,0.5504
2.411e+09,1.743,57960,0.5097
2.424e+09,1.859,59300,0.5317
2.3e+09,1.942,45820,0.5486
2.418e+09,1.917,49350,0.5465
2.588e+09,1.768,41110,0.5076
2.501e+09,1.894,26740,0.6642
2.542e+09,1.987,45470,0.6424
2.304e+09,1.988,60350,0.5137
2.198e+09,1.998,40760,0.5764
2.407e+09,1.958,26920,0.5655
2.539e+09,1.988,62490,0.5481
2.549e+09,1.975,46200,0.6783
2.365e+09,1.917,52010,0.6076
2.428e+09,1.998,32600,0.5781
2.23e+09,1.976,53150,0.501
2.451e+09,1.983,45230,0.5819
2.579e+09,1.927,61860,0.5127
2.286e+09,1.988,33000,0.583
2.506e+09,1.979,33910,0.5438
2.608e+09,1.919,33510,0.6284
2.406e+09,1.981,49100,0.5812
2.132e+09,1.849,34360,0.5272
2.506e+09,1.791,37620,0.5215
2.459e+09,1.681,40240,0.7359
2.419e+09,1.871,31840,0.6382
2.414e+09,1.908,41670,0.6635
2.317e+09,1.894,25520,0.5225
2.426e+09,1.976,35830,0.5464
2.244e+09,1.994,35020,0.6552
2.523e+09,1.934,49570,0.5026
2.322e+09,1.888,35710,0.5426
2.552e+09,1.956,32850,0.5081
2.585e+09,1.852,26830,0.7
2.455e+09,1.867,33400,0.5178
2.259e+09,1.918,39990,0.5222
2.395e+09,1.844,32370,0.5901
2.755e+09,1.999,37500,0.5309
2.565e+09,1.972,37040,0.503
2.265e+09,1.967,31880,0.6471
2.239e+09,1.88,36260,0.5679
2.3e+09,1.915,39540,0.5443
2.332e+09,1.795,37340,0.6042
2.39e+09,1.959,28450,0.5084
2.418e+09,1.972,32920,0.5956
2.405e+09,1.984,51060,0.6633
2.454e+09,1.992,39440,0.5851
2.21e+09,1.905,43900,0.6647
2.61e+09,1.81,30330,0.5381
2.348e+09,1.861,37750,0.7305
2.45e+09,1.973,24980,0.5493
2.336e+09,1.942,39680,0.5063
2.443e+09,1.892,39590,0.5184
2.365e+09,1.964,35660,0.5338
2.722e+09,1.989,39030,0.52
2.358e+09,1.985,32420,0.5132
2.354e+09,1.996,35370,0.547
2.634e+09,1.842,46260,0.5391
2.39e+09,1.939,33620,0.6213
3.186e+09,1.795,37450,0.5054
2.505e+09,1.961,41420,0.532
2.497e+09,1.963,43920,0.5673
2.351e+09,1.807,22080,0.5547
2.344e+09,1.936,34320,0.6172
2.24e+09,1.956,38780,0.5227
2.52e+09,1.994,31160,0.5582
2.321e+09,1.923,39810,0.5828
2.509e+09,1.947,45510,0.5785
2.588e+09,1.996,44870,0.5034
2.547e+09,1.989,40760,0.5698
2.44e+09,1.776,28740,0.5945
2.395e+09,1.875,31330,0.6058
2.338e+09,1.894,39550,0.59
2.353e+09,1.865,40580,0.5999
2.517e+09,1.984,66830,0.5474
2.452e+09,1.889,56460,0.5289
2.412e+09,1.913,46030,0.7286
2.521e+09,2,34920,0.6423
2.479e+09,1.924,57090,0.5202
2.642e+09,1.985,31130,0.6197
2.451e+09,1.952,56410,0.6304
2.379e+09,1.978,48770,0.589
2.568e+09,1.97,46520,0.5229
2.59e+09,1.988,30970,0.5596
2.521e+09,1.977,46770,0.5163
2.452e+09,1.943,44290,0.5195
2.281e+09,1.911,47330,0.5116
2.627e+09,1.794,33040,0.5426
2.269e+09,1.853,48490,0.5018
2.877e+09,1.636,22850,0.601
2.427e+09,1.969,35050,0.6839
2.519e+09,1.957,41880,0.6039
2.544e+09,1.915,48650,0.5985
2.395e+09,1.999,41870,0.6327
3.156e+09,1.891,36120,0.57
2.465e+09,1.971,47620,0.5731
2.396e+09,1.94,61160,0.5097
2.544e+09,1.908,26330,0.6221
2.597e+09,1.964,43350,0.5097
2.298e+09,1.856,36730,0.5482
2.263e+09,1.869,45210,0.7168
2.311e+09,1.928,37630,0.5765
2.533e+09,1.83,26660,0.5614
2.644e+09,1.839,44240,0.5703
2.499e+09,1.861,46120,0.5032
2.198e+09,1.953,42160,0.6755
2.42e+09,1.92,64840,0.5006
2.619e+09,1.942,28180,0.7007
2.249e+09,1.99,18980,0.5799
2.561e+09,1.834,26990,0.7772
2.585e+09,1.941,25910,0.613
2.202e+09,1.88,31960,0.6922
2.621e+09,1.829,34560,0.504
2.225e+09,1.93,51860,0.5724
2.541e+09,1.957,49840,0.5134
2.668e+09,1.869,43170,0.5132
2.449e+09,1.92,36690,0.5894
2.181e+09,1.94,54770,0.5124
2.722e+09,1.698,61120,0.5374
2.691e+09,1.85,45290,0.5638
2.368e+09,1.878,35180,0.646
2.681e+09,1.681,33810,0.7391
2.571e+09,1.448,44110,0.5547
2.559e+09,1.878,33180,0.5678
2.289e+09,1.875,28100,0.5809
2.464e+09,1.829,22980,0.5666
2.548e+09,1.92,42180,0.6076
2.626e+09,1.993,48960,0.6754
2.474e+09,1.942,25660,0.5393
2.675e+09,1.939,35270,0.5325
2.489e+09,1.986,52040,0.6289
2.527e+09,1.987,61760,0.523
2.618e+09,1.958,41170,0.5
2.573e+09,1.942,30840,0.6077
2.55e+09,1.951,42510,0.5801
2.427e+09,1.991,27780,0.6417
2.327e+09,1.888,40180,0.7166
2.248e+09,1.908,27940,0.6549
2.275e+09,1.75,39890,0.5786
2.525e+09,1.971,39780,0.5708
2.523e+09,1.992,30680,0.5475
2.523e+09,1.992,25960,0.5765
2.321e+09,1.953,20980,0.5477
2.226e+09,1.995,48570,0.6582
2.289e+09,2,40000,0.5737
2.394e+09,1.965,32380,0.5227
2.597e+09,1.941,33670,0.5515
2.619e+09,1.985,43960,0.5578
2.658e+09,1.924,80900,0.7991
2.528e+09,1.848,37050,0.5396
2.245e+09,1.981,33980,0.7307
2.438e+09,1.922,45510,0.645
2.354e+09,1.9,33770,0.5689
2.34e+09,1.949,39760,0.5241
2.287e+09,1.982,35750,0.574
2.345e+09,1.982,45130,0.5242
2.333e+09,1.994,42960,0.5671
2.417e+09,1.878,33430,0.6328
2.152e+09,1.925,36070,0.5069
2.388e+09,1.984,44590,0.5571
2.202e+09,1.967,41250,0.5717
2.186e+09,1.958,44630,0.6005
2.301e+09,1.994,77010,0.5291
2.49e+09,1.997,51190,0.5431
2.558e+09,1.862,50830,0.5397
2.404e+09,1.989,73090,0.5014
2.344e+09,1.919,53640,0.5153
2.457e+09,1.963,37270,0.522
2.389e+09,1.969,37760,0.5141
2.304e+09,1.9,36400,0.5202
2.693e+09,1.986,31990,0.5278
2.227e+09,1.994,47530,0.5926
2.302e+09,1.909,28700,0.6096
2.277e+09,1.88,37300,0.5479
2.454e+09,1.785,32170,0.5313
2.532e+09,1.992,31220,0.6888
2.43e+09,1.96,25850,0.574
2.328e+09,1.972,36450,0.5226
2.453e+09,1.92,40530,0.577
2.406e+09,1.959,48090,0.6532
2.234e+09,1.96,29300,0.5961
2.775e+09,1.965,33900,0.5327
2.474e+09,1.887,29660,0.6077
2.346e+09,1.981,36770,0.5212
2.39e+09,1.907,46070,0.625
2.494e+09,1.864,39440,0.5685
2.747e+09,1.719,34120,0.7278
2.304e+09,1.94,33990,0.5459
2.328e+09,1.927,60570,0.538
2.557e+09,1.931,58130,0.5256
2.598e+09,1.993,44020,0.5349
2.188e+09,1.988,25510,0.7546
2.615e+09,1.796,25720,0.5174
2.758e+09,1.853,33190,0.528
2.515e+09,1.665,39670,0.5223
2.807e+09,1.539,67350,0.5717
2.947e+09,1.717,43190,0.5097
2.71e+09,1.862,43380,0.5745
2.708e+09,1.859,46740,0.5992
2.38e+09,1.987,41150,0.5407
2.58e+09,1.97,46370,0.6615
2.511e+09,1.853,44070,0.5904
2.352e+09,1.995,49370,0.6232
2.274e+09,1.989,22380,0.5722
2.34e+09,1.994,56100,0.5546
2.499e+09,1.988,58870,0.5032
2.433e+09,1.994,36980,0.5346
2.454e+09,1.986,31320,0.5174
2.525e+09,1.908,41040,0.645
2.709e+09,1.83,74590,0.536
2.051e+09,1.936,34400,0.5876
2.237e+09,1.89,49360,0.5122
2.665e+09,1.697,30890,0.6093
2.5e+09,1.914,38810,0.5663
2.277e+09,1.974,34930,0.5636
2.614e+09,1.761,47430,0.5366
2.515e+09,1.963,31230,0.5543
2.266e+09,1.922,43760,0.5331
2.322e+09,1.967,47440,0.7143
2.355e+09,1.983,44300,0.5634
2.405e+09,1.966,38230,0.6666
2.424e+09,1.875,29560,0.5193
2.33e+09,1.998,27610,0.5599
2.364e+09,1.935,40010,0.6628
2.525e+09,1.921,56510,0.6882
2.485e+09,1.948,31130,0.6294
2.292e+09,1.897,27930,0.5582
2.669e+09,1.865,53240,0.7087
2.398e+09,1.977,42460,0.5475
2.387e+09,1.995,39600,0.5078
2.261e+09,1.985,33810,0.5416
2.304e+09,1.98,42330,0.5584
2.429e+09,1.908,33020,0.5945
2.385e+09,1.863,34170,0.6046
2.222e+09,1.998,29870,0.5212
2.547e+09,1.823,23390,0.6233
2.402e+09,1.868,28760,0.62
2.502e+09,1.917,28340,0.6365
2.707e+09,1.912,39610,0.5007
2.42e+09,1.99,43580,0.5017
2.704e+09,1.91,59100,0.5487
2.441e+09,1.698,37350,0.6128
2.254e+09,1.932,37550,0.5228
2.636e+09,1.963,45150,0.6124
2.606e+09,1.958,44710,0.5502
2.335e+09,1.838,39160,0.5622
2.025e+09,1.979,60810,0.5741
2.523e+09,1.934,21830,0.6078
2.595e+09,1.928,29500,0.7041
2.691e+09,1.825,40810,0.585
2.586e+09,1.879,38820,0.5806
2.434e+09,1.975,35900,0.5903
2.461e+09,1.958,52110,0.7365
2.327e+09,1.996,70310,0.5008
2.206e+09,1.88,57050,0.651
2.036e+09,1.997,44930,0.5343
2.839e+09,1.793,34310,0.5521
2.232e+09,1.983,47450,0.5753
2.303e+09,1.82,35500,0.513
2.585e+09,1.975,50270,0.6011
2.656e+09,1.948,60990,0.5664
2.253e+09,1.983,42410,0.5506
2.405e+09,1.815,37810,0.547
2.569e+09,1.814,49540,0.5877
2.241e+09,1.999,35690,0.5573
2.286e+09,1.97,34030,0.5355
2.29e+09,1.996,28520,0.7226
2.321e+09,1.963,22620,0.8467
2.478e+09,1.881,27950,0.6495
2.365e+09,1.998,33480,0.5653
2.453e+09,1.999,43460,0.5057
2.472e+09,1.966,49840,0.5041
2.691e+09,1.968,56370,0.5279
2.565e+09,1.791,48210,0.5108
2.626e+09,1.85,51460,0.5666
2.567e+09,1.911,43650,0.6659
2.437e+09,1.957,31350,0.5332
2.37e+09,1.999,50410,0.5246
2.144e+09,1.846,25050,0.5407
2.251e+09,1.853,30380,0.5028
2.879e+09,1.891,49290,0.5518
2.894e+09,1.929,47360,0.5066
2.17e+09,1.943,40330,0.5268
2.146e+09,1.962,45040,0.503
2.534e+09,1.978,43260,0.5208
2.559e+09,1.995,55140,0.5349
2.357e+09,1.92,44060,0.556
2.362e+09,2,33820,0.6436
2.573e+09,1.923,38290,0.5384
2.486e+09,1.984,45880,0.6904
2.208e+09,1.974,37010,0.5803
2.499e+09,1.946,35330,0.5604
2.342e+09,1.988,30620,0.6277
2.335e+09,1.99,26410,0.5906
2.43e+09,1.993,30510,0.5302
2.381e+09,1.996,33370,0.7465
2.403e+09,1.954,40170,0.5141
2.154e+09,1.922,35170,0.5446
2.298e+09,1.973,58820,0.6164
2.279e+09,1.986,32730,0.5638
2.655e+09,1.773,33160,0.5177
2.454e+09,1.849,46370,0.5546
2.909e+09,1.737,34160,0.7249
2.799e+09,1.749,30230,0.831
2.548e+09,1.93,21990,0.7621
2.499e+09,1.933,22670,0.5948
2.456e+09,1.853,38400,0.6798
2.323e+09,1.95,38490,0.5329
2.537e+09,1.926,46470,0.5929
2.986e+09,1.797,56850,0.5726
3.152e+09,1.831,28080,0.5542
2.602e+09,1.882,41380,0.669
2.273e+09,1.916,47140,0.6355
2.168e+09,1.984,26270,0.5419
2.68e+09,1.955,39550,0.5131
2.61e+09,1.895,31040,0.5833
2.556e+09,1.969,38000,0.5343
2.802e+09,1.97,50400,0.5453
2.876e+09,1.985,40550,0.5367
2.715e+09,1.709,29860,0.5073
2.218e+09,1.976,28870,0.6003
2.48e+09,1.972,25900,0.5158
2.967e+09,1.879,41650,0.5623
2.671e+09,1.967,45850,0.5682
2.842e+09,1.902,49250,0.6352
2.492e+09,1.781,56440,0.5118
3.551e+09,1.58,43730,0.5376
2.866e+09,1.851,30720,0.6607
2.252e+09,1.966,36920,0.7384
2.492e+09,1.837,52370,0.5332
2.443e+09,1.983,36820,0.5683
2.384e+09,1.661,39730,0.5124
2.295e+09,1.722,41750,0.6002
2.398e+09,1.829,38990,0.616
2.529e+09,1.843,27750,0.6146
2.534e+09,1.864,41000,0.5881
2.198e+09,1.91,68150,0.5089
2.423e+09,1.896,62810,0.5345
2.751e+09,1.891,31770,0.5317
2.393e+09,1.92,26560,0.5884
2.593e+09,1.926,27300,0.7253
2.544e+09,1.8,42000,0.5537
2.358e+09,1.937,37500,0.6249
2.621e+09,1.994,50770,0.7389
2.46e+09,1.943,31220,0.6298
2.535e+09,1.815,38520,0.5991
2.257e+09,1.79,41730,0.5895
2.652e+09,1.997,35130,0.5061
2.65e+09,1.935,39940,0.5676
2.545e+09,1.947,39480,0.5185
2.747e+09,1.998,48440,0.6494
2.249e+09,1.902,28930,0.6652
2.284e+09,1.995,36880,0.5301
2.356e+09,2,34850,0.5392
2.33e+09,1.956,39640,0.5542
2.342e+09,1.973,38380,0.5254
2.471e+09,1.926,42310,0.5059
2.37e+09,1.987,56820,0.5391
2.304e+09,1.883,42530,0.6353
2.381e+09,1.945,35240,0.6123
2.265e+09,1.97,42470,0.5002
2.263e+09,1.963,34270,0.5551
2.464e+09,1.729,27200,0.5665
2.263e+09,1.9,52660,0.5472
2.395e+09,1.993,34590,0.5311
2.314e+09,1.975,35660,0.5326
2.212e+09,1.982,24690,0.5842
2.253e+09,1.933,31290,0.5537
2.44e+09,1.97,40770,0.5344
2.605e+09,1.957,34180,0.6725
2.609e+09,1.653,27020,0.546
2.606e+09,1.585,41660,0.5797
2.932e+09,1.301,32200,0.5327
2.346e+09,1.597,36300,0.5188
2.168e+09,1.956,30470,0.5855
2.248e+09,1.981,58990,0.6589
2.513e+09,1.91,37650,0.5347
2.49e+09,1.933,39630,0.5398
2.556e+09,1.991,51120,0.5519
2.61e+09,1.993,40250,0.6122
2.413e+09,1.985,33490,0.5143
2.286e+09,1.93,41040,0.5422
2.44e+09,1.801,33550,0.6609
2.291e+09,1.503,35550,0.6407
2.918e+09,1.466,52150,0.6314
2.676e+09,1.953,36830,0.6812
2.572e+09,1.944,38540,0.5378
2.44e+09,1.758,36230,0.7097
2.428e+09,1.97,26810,0.6034
2.375e+09,1.999,44090,0.5203
2.357e+09,1.931,59540,0.5296
2.277e+09,1.958,50220,0.5095
2.281e+09,1.979,38940,0.5008
2.334e+09,1.829,27380,0.5522
2.322e+09,1.989,32810,0.5937
2.413e+09,1.985,32980,0.5121
2.278e+09,1.924,50220,0.5353
2.363e+09,1.98,57300,0.5039
2.514e+09,1.803,37840,0.5669
2.217e+09,1.943,48990,0.6266
2.433e+09,1.981,52530,0.5213
2.453e+09,1.699,27960,0.5365
2.142e+09,1.778,39670,0.5263
2.67e+09,1.62,29160,0.6039
2.471e+09,1.897,45350,0.6288
2.437e+09,1.661,34110,0.6552
2.545e+09,1.702,34700,0.5798
3e+09,1.437,28540,0.5833
3.287e+09,1.389,23270,0.7097
2.553e+09,1.935,46440,0.7223
2.581e+09,1.797,18820,0.5087
2.231e+09,1.974,27970,0.5151
2.218e+09,1.989,38230,0.6474
2.366e+09,1.813,25330,0.5357
2.186e+09,1.787,42160,0.5116
2.34e+09,1.995,43760,0.546
2.477e+09,1.994,40120,0.5096
2.665e+09,1.961,31290,0.627
2.717e+09,1.749,36010,0.5265
2.222e+09,1.798,40440,0.5215
2.578e+09,1.792,37880,0.5318
2.321e+09,1.907,35750,0.5829
2.257e+09,1.87,32810,0.5302
2.292e+09,1.809,20850,0.5809
2.82e+09,1.574,37860,0.6353
2.651e+09,1.642,44580,0.5536
2.794e+09,1.651,38770,0.5987
2.534e+09,1.721,49850,0.5869
2.167e+09,1.758,41960,0.5475
2.649e+09,1.921,46420,0.6038
2.717e+09,1.844,48040,0.6139
2.72e+09,1.829,38610,0.5497
2.389e+09,1.896,31770,0.665
2.7e+09,1.875,32700,0.5642
2.983e+09,1.94,41390,0.5919
2.562e+09,1.808,41390,0.5703
2.406e+09,1.96,36660,0.7143
2.495e+09,1.986,28340,0.6649
2.529e+09,1.835,15800,0.5739
2.314e+09,1.969,24460,0.6476
2.306e+09,1.932,23660,0.5056
2.324e+09,1.922,23410,0.5054
2.193e+09,1.941,25670,0.5415
2.149e+09,1.937,29780,0.5776
2.255e+09,1.944,37990,0.5267
2.385e+09,1.938,24260,0.6988
2.503e+09,1.712,27990,0.5805
2.825e+09,1.74,37590,0.5292
2.591e+09,1.968,34900,0.5203
2.313e+09,1.967,33890,0.5355
2.476e+09,1.976,32330,0.5386
2.458e+09,1.995,27680,0.5667
2.525e+09,1.982,46100,0.6013
2.34e+09,1.984,38120,0.505
2.296e+09,1.989,41530,0.529
2.433e+09,1.997,58390,0.5195
2.622e+09,1.961,48600,0.5666
2.397e+09,1.971,22280,0.655
2.514e+09,1.894,28200,0.6153
2.503e+09,1.915,47240,0.556
2.534e+09,1.825,38620,0.5207
2.482e+09,1.862,36800,0.5346
2.347e+09,1.986,46100,0.5209
2.376e+09,1.997,39710,0.5781
2.515e+09,1.843,59830,0.5286
2.338e+09,1.965,43970,0.5385
2.402e+09,1.97,42320,0.6492
2.387e+09,1.98,27490,0.5048
2.307e+09,1.966,26860,0.6417
2.375e+09,1.817,40080,0.5569
2.827e+09,1.765,32090,0.5946
2.572e+09,1.938,54120,0.6558
2.913e+09,1.92,34150,0.5465
2.424e+09,1.806,32100,0.5304
2.322e+09,1.959,25180,0.5818
2.358e+09,1.934,32120,0.5898
2.614e+09,1.986,58650,0.7227
2.368e+09,1.912,50380,0.7061
2.672e+09,1.783,37650,0.5427
2.235e+09,1.953,39720,0.5082
2.175e+09,1.978,33750,0.6284
2.408e+09,1.992,21510,0.6016
2.511e+09,1.896,59640,0.7376
2.331e+09,1.858,38700,0.5685
2.16e+09,1.91,41930,0.5802
2.124e+09,1.943,25940,0.5575
2.264e+09,1.981,72240,0.569
2.42e+09,1.903,19210,0.5773
2.043e+09,1.992,48140,0.619
2.245e+09,1.89,50620,0.5237
2.206e+09,1.937,51620,0.6368
2.609e+09,1.751,45980,0.6162
2.474e+09,1.844,31240,0.5626
2.501e+09,1.873,64790,0.5558
2.342e+09,1.886,68500,0.517
2.39e+09,1.993,40950,0.5574
2.48e+09,1.909,34460,0.5111
2.345e+09,1.986,38770,0.5587
2.443e+09,1.993,55760,0.563
2.533e+09,1.963,66760,0.5494
2.373e+09,1.866,45950,0.542
2.236e+09,1.991,33710,0.567
2.39e+09,1.873,25590,0.6586
2.296e+09,1.99,34800,0.546
2.237e+09,1.99,35550,0.5688
2.528e+09,1.994,36870,0.5603
2.611e+09,1.948,37130,0.5314
2.69e+09,1.892,37800,0.6648
2.742e+09,1.841,39110,0.5577
2.256e+09,1.999,43140,0.6296
2.247e+09,1.99,41740,0.5424
2.205e+09,1.797,43890,0.5517
2.222e+09,1.925,29230,0.5762
2.385e+09,1.998,24650,0.573
2.53e+09,1.778,43090,0.5425
2.649e+09,1.894,27620,0.6489
2.283e+09,1.947,34940,0.7623
2.242e+09,1.896,23340,0.5822
2.404e+09,1.976,35390,0.5236
2.337e+09,1.963,26910,0.5341
2.793e+09,1.975,26740,0.6935
2.768e+09,1.958,45900,0.7286
2.684e+09,1.811,34150,0.7786
2.109e+09,1.939,48900,0.685
2.236e+09,1.996,50240,0.6893
2.507e+09,1.732,51150,0.7532
2.287e+09,1.971,57520,0.7328
2.307e+09,1.903,61000,0.5689
2.696e+09,1.675,68060,0.7531
2.304e+09,1.849,30730,0.7839
2.456e+09,1.906,23950,0.6461
2.405e+09,1.926,51040,0.6601
2.754e+09,1.969,22490,0.5168
2.819e+09,1.759,32620,0.7998
2.687e+09,1.842,33000,0.7061
2.273e+09,1.665,33010,0.6265
2.676e+09,1.971,49310,0.5147
2.861e+09,1.935,36190,0.5519
2.262e+09,1.878,35460,0.5202
2.243e+09,1.993,32360,0.5649
2.293e+09,1.914,38220,0.6026
2.223e+09,1.964,43320,0.5052
2.504e+09,1.93,39480,0.5869
2.535e+09,1.971,34060,0.5761
2.3e+09,1.972,47570,0.6469
2.185e+09,1.998,49700,0.5181
2.372e+09,1.948,46060,0.5766
2.418e+09,1.989,20310,0.5611
2.433e+09,1.943,18210,0.5315
2.411e+09,1.987,53660,0.6138
2.368e+09,1.972,29200,0.5276
2.536e+09,1.897,52070,0.5646
2.396e+09,1.768,32540,0.6136
2.434e+09,1.974,25890,0.5304
2.424e+09,1.863,30000,0.5625
2.255e+09,1.976,40540,0.556
2.407e+09,1.891,33790,0.6355
2.903e+09,1.839,24950,0.6368
2.501e+09,1.75,38760,0.6675
2.469e+09,1.64,26780,0.7082
2.421e+09,1.864,38370,0.6506
2.619e+09,1.992,47700,0.6825
2.303e+09,1.98,36970,0.5441
2.251e+09,1.943,37040,0.5504
2.286e+09,1.95,47220,0.5763
2.522e+09,1.894,31160,0.5941
2.582e+09,1.861,32980,0.5678
2.479e+09,1.961,39100,0.5352
3.077e+09,1.367,24590,0.5261
2.936e+09,1.577,26990,0.504
2.339e+09,1.902,31030,0.6035
2.337e+09,1.917,36120,0.6214
2.32e+09,1.959,41480,0.5998
2.342e+09,1.996,47990,0.5824
2.248e+09,1.983,49650,0.6264
2.195e+09,1.985,39400,0.5216
2.429e+09,1.926,40620,0.5948
2.37e+09,1.994,31530,0.5845
2.421e+09,1.852,51260,0.5809
2.536e+09,1.796,35590,0.615
2.301e+09,1.947,37560,0.526
2.421e+09,1.985,23640,0.5817
2.454e+09,1.929,56120,0.5166
2.318e+09,1.993,43660,0.5539
2.305e+09,1.633,31150,0.5702
2.661e+09,1.803,33510,0.5594
2.902e+09,1.914,30020,0.5261
2.629e+09,1.686,40920,0.569
2.312e+09,1.75,33140,0.5439
2.506e+09,1.986,33470,0.5889
2.878e+09,1.846,46980,0.5367
2.737e+09,1.667,26140,0.6231
2.403e+09,1.994,26630,0.5866
2.394e+09,1.913,24260,0.6056
1.931e+09,1.914,35930,0.5492
2.274e+09,1.812,42350,0.583
2.196e+09,1.916,45310,0.5635
2.899e+09,1.808,46450,0.552
3.012e+09,1.509,45360,0.8225
2.835e+09,1.641,50030,0.5889
2.56e+09,1.905,47240,0.5847
2.941e+09,1.664,37820,0.5626
2.236e+09,1.793,42080,0.5407
2.853e+09,1.537,36880,0.531
2.64e+09,1.968,37150,0.5317
2.629e+09,1.89,27710,0.5069
2.687e+09,1.849,25850,0.6082
2.812e+09,1.92,45970,0.578
2.637e+09,1.989,30980,0.5357
2.433e+09,1.956,28890,0.5082
2.413e+09,1.999,35990,0.5042
2.426e+09,1.919,33900,0.6449
2.493e+09,1.964,32660,0.5665
2.534e+09,1.926,35090,0.503
2.642e+09,1.876,45150,0.6709
2.293e+09,1.983,29880,0.6032
2.408e+09,1.964,26560,0.5922
2.768e+09,1.774,35210,0.6029
2.717e+09,1.846,32460,0.639
2.459e+09,1.896,43720,0.5707
2.452e+09,1.988,28260,0.5141
2.331e+09,1.977,38370,0.5109
2.404e+09,1.85,32050,0.5191
2.159e+09,1.906,35220,0.5843
2.317e+09,1.849,33640,0.5124
2.338e+09,1.932,35500,0.5156
2.284e+09,1.995,42020,0.5483
2.535e+09,1.818,29800,0.5912
2.349e+09,1.951,36240,0.5466
2.651e+09,1.853,58530,0.5669
2.144e+09,1.969,44130,0.5993
2.245e+09,1.887,45840,0.5738
2.396e+09,1.956,39040,0.5755
2.424e+09,1.999,21020,0.6418
2.472e+09,1.965,54160,0.5232
2.664e+09,1.934,49770,0.5065
2.801e+09,1.839,46120,0.5233
2.601e+09,1.749,38270,0.73
2.552e+09,1.962,34250,0.6405
2.304e+09,1.989,35760,0.6137
2.266e+09,1.872,26620,0.6278
2.616e+09,1.819,27740,0.6006
2.559e+09,1.818,34940,0.5113
2.217e+09,1.989,51600,0.5316
2.399e+09,1.997,43880,0.5655
2.342e+09,1.996,37510,0.5503
2.353e+09,1.947,42220,0.6798
2.541e+09,1.971,29420,0.6141
2.527e+09,1.984,33110,0.5531
2.417e+09,1.955,45700,0.596
2.418e+09,1.993,40520,0.6429
2.414e+09,1.94,42460,0.6393
2.392e+09,1.885,56820,0.5482
2.574e+09,1.788,41850,0.5255
2.454e+09,1.879,46900,0.6149
2.375e+09,1.988,36700,0.5577
2.333e+09,1.986,35800,0.742
2.244e+09,1.971,51290,0.5532
2.508e+09,1.867,40880,0.5483
2.526e+09,1.981,67310,0.7137
2.443e+09,1.952,30150,0.6268
2.449e+09,1.886,34670,0.7572
2.488e+09,1.807,40560,0.5825
2.266e+09,1.972,35740,0.6126
2.371e+09,1.976,36120,0.6246
2.231e+09,1.953,50140,0.6305
2.352e+09,1.885,28020,0.5884
2.901e+09,1.924,37270,0.6416
2.461e+09,1.969,35040,0.7001
2.583e+09,1.863,51470,0.8236
3.675e+09,1.632,77000,0.6811
3.073e+09,1.597,26850,0.6009
2.412e+09,1.99,27710,0.575
2.558e+09,1.881,24410,0.5414
2.189e+09,1.831,33390,0.6692
2.359e+09,1.96,28180,0.6948
2.326e+09,1.965,44970,0.5764
2.327e+09,1.943,49990,0.5239
2.366e+09,1.908,21120,0.5705
2.465e+09,1.821,45820,0.8331
2.159e+09,1.999,42980,0.6656
2.296e+09,1.704,50320,0.5109
2.736e+09,1.609,53950,0.5227
2.064e+09,1.874,54720,0.5122
2.461e+09,1.643,60670,0.6551
2.518e+09,1.865,37950,0.5478
2.399e+09,1.929,35670,0.5075
2.412e+09,1.985,35300,0.5725
2.273e+09,1.916,74630,0.5218
2.182e+09,1.989,19320,0.5733
2.435e+09,1.985,47820,0.5289
2.796e+09,1.889,60530,0.5217
2.52e+09,1.887,51630,0.6379
2.6e+09,1.935,40050,0.5713
2.662e+09,1.796,37230,0.5701
2.445e+09,1.952,45100,0.5745
2.145e+09,1.993,42810,0.5538
2.334e+09,1.813,48370,0.5014
2.194e+09,1.944,44440,0.5171
2.507e+09,1.796,60320,0.5421
2.416e+09,1.937,27950,0.5768
2.341e+09,1.982,45280,0.54
2.374e+09,1.97,27230,0.6724
2.421e+09,1.948,31400,0.525
2.472e+09,1.979,98440,0.5356
2.41e+09,1.983,98200,0.5508
2.485e+09,1.947,55790,0.5386
2.623e+09,1.844,42210,0.7435
2.52e+09,1.958,28000,0.5589
2.551e+09,1.826,34020,0.5594
2.377e+09,1.91,40300,0.5217
2.33e+09,1.898,33360,0.5814
2.287e+09,1.983,23670,0.6467
2.319e+09,1.993,33360,0.9616
2.513e+09,1.99,51590,0.75
2.557e+09,1.932,44770,0.6596
2.494e+09,1.906,59390,0.531
2.557e+09,1.873,51920,0.526
2.324e+09,1.955,37200,0.523
2.245e+09,1.963,48900,0.5651
2.273e+09,1.873,28660,0.5418
2.375e+09,1.997,48090,0.5589
2.399e+09,1.951,54470,0.6017
2.263e+09,1.961,28950,0.5135
2.313e+09,1.875,40730,0.6155
2.249e+09,1.951,32270,0.6474
2.212e+09,1.976,31510,0.5478
2.296e+09,1.916,51990,0.5935
2.301e+09,1.979,32750,0.5172
2.555e+09,1.938,32540,0.5182
2.583e+09,1.989,41990,0.557
2.501e+09,1.898,38490,0.552
2.688e+09,1.727,52860,0.5995
2.239e+09,1.903,56380,0.708
2.242e+09,1.985,52280,0.5051
2.265e+09,1.972,53410,0.5244
2.368e+09,1.922,28680,0.5725
2.251e+09,1.923,23290,0.5891
2.683e+09,1.918,30580,0.5433
2.134e+09,1.94,31550,0.5914
2.452e+09,1.913,43350,0.613
2.365e+09,1.999,49870,0.5026
2.521e+09,1.931,38500,0.5435
2.39e+09,1.921,47280,0.5433
2.341e+09,1.936,34780,0.6226
2.415e+09,1.951,47990,0.5289
2.566e+09,1.811,44090,0.52
2.426e+09,1.998,43150,0.5123
2.331e+09,1.937,45160,0.5216
2.505e+09,1.902,44740,0.5365
2.405e+09,2,42980,0.5816
2.478e+09,1.726,29340,0.5326
2.091e+09,1.944,33550,0.524
2.06e+09,1.945,49940,0.656
2.055e+09,1.962,42590,0.5286
2.371e+09,1.889,23130,0.6223
2.274e+09,1.991,26970,0.5751
2.949e+09,1.768,42940,0.6231
2.957e+09,1.853,35250,0.6463
2.779e+09,1.881,52980,0.6256
2.687e+09,1.996,30140,0.6505
2.38e+09,1.612,45800,0.5286
2.412e+09,1.824,54560,0.7592
2.754e+09,1.903,42130,0.513
2.446e+09,1.989,44400,0.5049
2.756e+09,1.811,37060,0.5592
2.828e+09,1.821,39730,0.5789
2.464e+09,1.803,21670,0.6836
2.676e+09,1.749,31730,0.5074
2.46e+09,1.967,20630,0.6598
2.63e+09,1.922,35300,0.5418
2.674e+09,1.976,30400,0.5028
2.391e+09,1.988,32130,0.511
2.377e+09,1.975,32830,0.5431
2.322e+09,1.947,52200,0.5846
2.349e+09,1.984,35480,0.5425
2.37e+09,1.864,38130,0.5261
2.541e+09,1.86,29250,0.5029
2.492e+09,1.977,21670,0.5338
2.45e+09,1.959,33290,0.6096
2.34e+09,1.875,37950,0.5105
2.51e+09,1.935,43610,0.5109
2.321e+09,1.876,41160,0.541
2.595e+09,1.761,50880,0.5115
2.307e+09,1.963,49350,0.5307
2.596e+09,1.715,47770,0.5421
2.622e+09,1.91,51590,0.5023
2.664e+09,1.854,33740,0.5599
2.809e+09,1.952,35970,0.7704
2.376e+09,1.845,37870,0.5716
2.493e+09,1.803,38510,0.6084
2.494e+09,1.893,51080,0.6681
2.588e+09,1.851,32490,0.5018
2.386e+09,1.934,59840,0.7083
2.355e+09,1.88,27430,0.5005
2.568e+09,1.762,50650,0.5696
2.767e+09,1.695,38010,0.5272
2.525e+09,1.854,45380,0.5267
2.268e+09,1.968,33190,0.5691
2.439e+09,1.999,30210,0.5207
2.392e+09,1.986,36510,0.5575
2.653e+09,1.92,33500,0.5227
2.442e+09,1.954,39450,0.5129
2.782e+09,1.967,41510,0.5737
2.864e+09,1.76,30520,0.6819
2.923e+09,1.867,37290,0.6151
2.745e+09,1.988,36720,0.7289
2.777e+09,1.91,44150,0.5372
2.604e+09,1.966,37460,0.5597
2.47e+09,1.818,32920,0.6101
3.121e+09,1.518,42870,0.5855
2.671e+09,1.88,52410,0.7031
2.429e+09,1.8,37630,0.5776
2.67e+09,1.645,45720,0.5315
2.611e+09,1.767,40410,0.5047
2.345e+09,1.911,33080,0.5516
2.514e+09,1.959,39840,0.6063
2.72e+09,1.82,34820,0.5295
2.57e+09,1.87,47040,0.5275
2.514e+09,1.94,46520,0.5522
2.708e+09,1.832,51880,0.5382
2.519e+09,1.979,61500,0.6027
2.432e+09,1.98,29640,0.6165
2.219e+09,1.959,45720,0.637
2.443e+09,1.943,42280,0.6503
2.601e+09,1.87,25510,0.5216
2.445e+09,1.929,24120,0.5108
2.325e+09,1.943,49640,0.5721
2.759e+09,1.918,29200,0.5736
2.637e+09,1.902,26200,0.5523
2.326e+09,1.922,33050,0.51
2.352e+09,1.989,36490,0.5241
2.445e+09,1.84,37330,0.5063
2.387e+09,1.868,45070,0.5266
2.734e+09,1.95,44750,0.5044
2.202e+09,1.873,44010,0.5859
2.321e+09,1.838,56680,0.5044
2.222e+09,1.966,32280,0.5938
2.404e+09,1.782,43830,0.5104
2.57e+09,1.929,36100,0.6545
2.629e+09,1.926,33730,0.618
2.484e+09,1.963,36850,0.6513
2.409e+09,1.906,31960,0.5597
2.55e+09,1.883,23430,0.5337
2.55e+09,1.721,36180,0.5194
2.628e+09,1.685,45530,0.5644
2.461e+09,1.984,27370,0.546
2.524e+09,1.945,32520,0.5048
2.534e+09,1.957,45810,0.5524
2.399e+09,1.991,41530,0.5269
2.324e+09,1.983,48200,0.5541
2.443e+09,1.982,31360,0.564
2.41e+09,1.908,32640,0.5911
2.73e+09,1.719,25060,0.5733
2.709e+09,1.865,28280,0.521
2.293e+09,1.914,30300,0.5174
2.334e+09,1.928,35610,0.5143
2.211e+09,1.941,52450,0.5571
2.112e+09,1.96,51410,0.532
2.47e+09,1.841,50870,0.5882
3.321e+09,1.717,33160,0.558
2.669e+09,1.734,38590,0.6275
2.478e+09,1.934,59270,0.5849
2.444e+09,1.876,43800,0.6063
2.25e+09,1.982,24500,0.5362
2.18e+09,1.878,40400,0.517
2.326e+09,1.919,46980,0.5
2.463e+09,1.942,25280,0.5905
2.367e+09,1.756,28060,0.5692
2.371e+09,1.996,27520,0.542
2.353e+09,1.905,39360,0.5264
2.383e+09,1.95,43190,0.542
2.192e+09,1.985,40020,0.5163
2.236e+09,2,32610,0.5485
2.077e+09,1.994,45750,0.6454
2.209e+09,1.945,36700,0.5601
2.297e+09,1.983,41540,0.5999
2.348e+09,1.972,37570,0.5127
2.743e+09,1.845,43490,0.5324
3.154e+09,1.243,47060,0.5137
2.392e+09,1.579,50170,0.548
2.552e+09,1.524,46940,0.5558
2.422e+09,1.929,25930,0.5298
2.403e+09,1.968,52500,0.5154
2.426e+09,1.971,32180,0.5322
2.187e+09,1.908,29920,0.5424
2.199e+09,1.738,28530,0.719
2.598e+09,1.656,29030,0.5396
2.405e+09,1.892,35040,0.5503
2.462e+09,1.934,35260,0.5439
2.593e+09,1.971,43880,0.5413
2.483e+09,1.928,38420,0.543
2.405e+09,1.776,39330,0.5664
2.442e+09,1.964,38300,0.5297
2.357e+09,1.944,42570,0.6222
2.7e+09,1.864,35930,0.6327
2.486e+09,1.597,29180,0.6103
2.355e+09,1.737,30030,0.5975
2.513e+09,1.797,37560,0.5577
2.237e+09,1.88,31570,0.5717
2.781e+09,1.934,31650,0.6742
3.308e+09,1.873,40260,0.7271
2.463e+09,1.882,56900,0.5661
2.364e+09,1.951,28080,0.5029
2.434e+09,1.748,34530,0.5993
2.26e+09,1.997,38100,0.5489
2.46e+09,1.822,37750,0.654
2.369e+09,1.921,39970,0.7126
2.439e+09,1.973,38240,0.5522
2.681e+09,1.708,27930,0.6899
2.355e+09,1.841,52430,0.6387
2.539e+09,1.95,46690,0.6517
2.605e+09,1.912,43450,0.6341
2.432e+09,1.948,43280,0.557
2.53e+09,1.918,29220,0.5997
2.669e+09,1.789,36530,0.6242
2.481e+09,1.769,29250,0.5972
2.513e+09,1.954,53280,0.5182
2.626e+09,1.968,35270,0.5992
2.551e+09,1.981,33620,0.5562
2.308e+09,1.894,34870,0.6093
2.34e+09,1.934,43590,0.6122
2.237e+09,1.958,44830,0.5054
2.228e+09,1.939,49820,0.5228
2.45e+09,1.907,48090,0.5234
2.329e+09,1.769,24560,0.5293
2.655e+09,1.827,31740,0.5901
2.584e+09,1.927,58260,0.5678
2.135e+09,1.922,33890,0.5433
2.615e+09,1.533,67380,0.5377
2.705e+09,1.707,76240,0.5145
2.866e+09,1.957,56990,0.5052
2.537e+09,1.979,38630,0.5138
2.631e+09,1.978,36300,0.5112
2.41e+09,1.876,47360,0.6381
2.647e+09,1.723,29880,0.5592
2.092e+09,2,35650,0.5208
2.404e+09,1.991,38540,0.5152
2.349e+09,1.966,49070,0.5241
2.37e+09,1.939,43050,0.5077
2.203e+09,1.968,41860,0.5819
2.152e+09,1.998,45400,0.5115
2.426e+09,1.936,44070,0.546
2.432e+09,1.986,25660,0.5033
2.549e+09,1.941,35490,0.6884
2.559e+09,1.872,35890,0.7026
2.458e+09,1.999,27400,0.5525
2.462e+09,1.919,22470,0.6273
2.242e+09,1.844,24620,0.5886
2.358e+09,1.852,27240,0.5006
2.479e+09,1.781,36010,0.725
2.093e+09,1.887,59120,0.5821
2.379e+09,1.92,37930,0.5331
2.455e+09,1.922,54300,0.5672
2.438e+09,1.901,27600,0.612
2.387e+09,1.759,67930,0.5576
2.382e+09,1.748,30080,0.5141
2.681e+09,1.682,29110,0.532
2.238e+09,1.954,44190,0.5791
2.423e+09,1.993,61150,0.6263
2.689e+09,1.861,30350,0.6092
2.396e+09,1.951,37080,0.572
2.32e+09,1.955,64200,0.6456
2.301e+09,1.98,50050,0.5496
2.544e+09,1.998,32790,0.5913
2.408e+09,1.963,30780,0.5232
2.36e+09,1.903,33430,0.515
2.292e+09,1.993,45620,0.6815
2.53e+09,1.959,37430,0.5855
2.149e+09,1.905,32090,0.5865
2.255e+09,1.989,60270,0.5202
